# Blender 4.2.3 LTS
# www.blender.org
mtllib display_ballmill.mtl
o axle
v 2.191964 0.819194 0.981694
v 2.191964 0.775000 1.000000
v -0.495536 0.775000 1.000000
v -0.495536 0.819194 0.981694
v 2.191964 0.819194 0.893306
v 2.191964 0.837500 0.937500
v -0.495536 0.837500 0.937500
v -0.495536 0.819194 0.893306
v -0.495536 0.730806 0.981694
v -1.495536 0.730806 0.981694
v -1.495536 0.775000 1.000000
v 2.504464 0.712500 0.937500
v 2.504464 0.730806 0.893306
v 2.254464 0.730806 0.893306
v 2.254464 0.712500 0.937500
v 2.254464 0.730806 0.981694
v 2.504464 0.730806 0.981694
v 2.191964 0.712500 0.937500
v 2.191964 0.730806 0.981694
v 2.504464 0.775000 0.875000
v 2.504464 0.819194 0.893306
v 2.254464 0.819194 0.893306
v 2.254464 0.775000 0.875000
v 2.254464 0.837500 0.937500
v -1.495536 0.819194 0.981694
v -1.495536 0.837500 0.937500
v 2.504464 0.837500 0.937500
v 2.504464 0.819194 0.981694
v 2.254464 0.819194 0.981694
v -0.495536 0.712500 0.937500
v 2.191964 0.730806 0.893306
v -0.495536 0.730806 0.893306
v 2.504464 0.775000 1.000000
v 2.254464 0.775000 1.000000
v 2.191964 0.775000 0.875000
v -1.495536 0.712500 0.937500
v -0.495536 0.775000 0.875000
v -1.495536 0.819194 0.893306
v -1.495536 0.775000 0.875000
v -1.495536 0.730806 0.893306
v 2.186615 0.947196 1.385973
v 2.186615 0.909243 1.258938
v 2.311615 1.224634 1.105147
v 2.186615 1.224634 1.105147
v 2.311615 1.097147 1.068739
v 2.186615 1.097147 1.068739
v 2.186615 1.222560 0.763427
v 2.311615 1.095524 0.801380
v 2.186615 1.095524 0.801380
v 2.186615 0.941734 0.485990
v 2.311615 0.905326 0.613476
v 2.186615 0.905326 0.613476
v 2.311615 0.600014 0.488064
v 2.186615 0.600014 0.488064
v 2.186615 0.637967 0.615099
v 2.186615 0.322576 0.768889
v 2.311615 0.450063 0.805298
v 2.186615 0.450063 0.805298
v 2.311615 0.324650 1.110609
v 2.186615 0.324650 1.110609
v 2.186615 0.451685 1.072657
v 2.186615 0.605476 1.388047
v 2.186615 0.641884 1.260560
v 2.311615 0.941734 0.485990
v 2.311615 1.222560 0.763427
v 2.311615 0.947196 1.385973
v 2.311615 0.909243 1.258938
v 2.311615 0.605476 1.388047
v 2.311615 0.641884 1.260561
v 2.311615 0.451685 1.072657
v 2.311615 0.322576 0.768890
v 2.311615 0.637967 0.615099
v 2.186615 0.924513 1.086105
v 2.186615 0.922692 0.786111
v 2.311615 0.924513 1.086105
v 2.311615 0.922692 0.786111
v 2.186615 0.624518 1.087926
v 2.186615 0.622697 0.787931
v 2.311615 0.624518 1.087926
v 2.311615 0.622697 0.787931
v 2.249115 0.921554 0.598614
v 2.249115 0.621559 0.600435
v 2.249115 0.435201 0.789069
v 2.249115 1.110188 0.784973
v 2.249115 0.437021 1.089064
v 2.249115 0.925651 1.273602
v 2.249115 1.112009 1.084967
v 2.249115 0.625656 1.275422
v 2.252240 0.925651 1.273602
v 2.252240 0.625656 1.275422
v 2.252240 0.437021 1.089064
v 2.252240 1.110188 0.784973
v 2.252240 1.112009 1.084967
v 2.252240 0.435201 0.789069
v 2.252240 0.921554 0.598614
v 2.252240 0.621559 0.600435
v 2.186615 0.322991 0.837233
v 2.186615 0.323406 0.905577
v 2.186615 0.323820 0.973921
v 2.186615 0.324235 1.042265
v 2.311615 0.323820 0.973921
v 2.311615 0.324235 1.042265
v 2.311615 0.450712 0.912242
v 2.311615 0.451036 0.965713
v 2.186615 0.450387 0.858770
v 2.186615 0.450712 0.912242
v 2.186615 0.451036 0.965713
v 2.186615 0.451361 1.019185
v 2.311615 0.487644 0.767258
v 2.311615 0.525225 0.729218
v 2.311615 0.489039 0.600394
v 2.311615 0.451361 1.019185
v 2.311615 0.450387 0.858770
v 2.311615 0.323406 0.905578
v 2.311615 0.322991 0.837234
v 2.186615 0.544526 0.544229
v 2.186615 0.489039 0.600394
v 2.186615 0.433551 0.656559
v 2.186615 0.378064 0.712724
v 2.311615 0.544526 0.544229
v 2.311615 0.433551 0.656560
v 2.311615 0.378064 0.712725
v 2.311615 0.600386 0.653139
v 2.311615 0.562805 0.691179
v 2.186615 0.600386 0.653139
v 2.186615 0.562805 0.691179
v 2.186615 0.525225 0.729218
v 2.186615 0.487644 0.767258
v 2.186615 0.873390 0.486405
v 2.186615 0.805046 0.486820
v 2.186615 0.736702 0.487234
v 2.186615 0.668358 0.487649
v 2.311615 0.805046 0.486820
v 2.311615 0.736702 0.487234
v 2.311615 0.668358 0.487649
v 2.311615 0.691439 0.614774
v 2.186615 0.851854 0.613801
v 2.186615 0.798382 0.614125
v 2.186615 0.744911 0.614450
v 2.186615 0.691439 0.614774
v 2.311615 0.851854 0.613801
v 2.311615 0.798382 0.614125
v 2.311615 0.744911 0.614450
v 2.311615 0.873390 0.486405
v 2.311615 1.054064 0.596965
v 2.186615 1.166395 0.707940
v 2.186615 1.110230 0.652452
v 2.186615 1.054064 0.596965
v 2.186615 0.997899 0.541477
v 2.311615 1.166395 0.707940
v 2.311615 1.110230 0.652452
v 2.311615 0.997899 0.541477
v 2.311615 1.057484 0.763799
v 2.311615 1.019445 0.726218
v 2.311615 0.981405 0.688638
v 2.311615 0.943366 0.651057
v 2.186615 1.057484 0.763799
v 2.186615 1.019445 0.726218
v 2.186615 0.981405 0.688638
v 2.186615 0.943366 0.651057
v 2.186615 1.224219 1.036803
v 2.186615 1.223804 0.968459
v 2.186615 1.223390 0.900115
v 2.186615 1.222975 0.831771
v 2.311615 1.224219 1.036803
v 2.311615 1.223804 0.968459
v 2.311615 1.223390 0.900115
v 2.311615 1.222975 0.831771
v 2.311615 1.096822 1.015267
v 2.311615 1.096498 0.961795
v 2.311615 1.096173 0.908324
v 2.311615 1.095849 0.854852
v 2.186615 1.096822 1.015267
v 2.186615 1.096498 0.961795
v 2.186615 1.096173 0.908324
v 2.186615 1.095849 0.854852
v 2.186615 1.002684 1.329808
v 2.186615 1.058171 1.273643
v 2.186615 1.113659 1.217477
v 2.186615 1.169146 1.161312
v 2.311615 1.002684 1.329808
v 2.311615 1.113659 1.217477
v 2.311615 1.169146 1.161312
v 2.311615 0.946824 1.220898
v 2.311615 0.984405 1.182858
v 2.311615 1.059566 1.106779
v 2.186615 0.946824 1.220898
v 2.186615 0.984405 1.182858
v 2.186615 1.021985 1.144819
v 2.186615 1.059566 1.106779
v 2.311615 1.021985 1.144819
v 2.311615 1.058171 1.273643
v 2.311615 0.855771 1.259263
v 2.311615 0.802299 1.259587
v 2.311615 0.673820 1.387632
v 2.311615 0.603844 1.222980
v 2.311615 0.527765 1.147819
v 2.311615 0.489725 1.110238
v 2.311615 0.549311 1.332559
v 2.311615 0.493146 1.277072
v 2.311615 0.436980 1.221584
v 2.186615 0.380815 1.166097
v 2.186615 0.436980 1.221584
v 2.186615 0.493146 1.277072
v 2.186615 0.549311 1.332559
v 2.311615 0.380815 1.166097
v 2.311615 0.565804 1.185399
v 2.186615 0.489725 1.110238
v 2.186615 0.527765 1.147818
v 2.186615 0.565804 1.185399
v 2.186615 0.603844 1.222979
v 2.186615 0.878852 1.386388
v 2.186615 0.810508 1.386803
v 2.186615 0.742164 1.387217
v 2.186615 0.673820 1.387632
v 2.311615 0.878852 1.386388
v 2.311615 0.810508 1.386803
v 2.311615 0.742164 1.387217
v 2.311615 0.748828 1.259912
v 2.311615 0.695356 1.260236
v 2.186615 0.855771 1.259262
v 2.186615 0.802299 1.259587
v 2.186615 0.748828 1.259911
v 2.186615 0.695356 1.260236
v 2.186615 0.212079 0.872080
v 2.186615 0.212493 1.008768
v 2.311615 0.212079 0.872082
v 2.311615 0.212493 1.008769
v 2.186615 0.344697 1.286910
v 2.186615 0.428945 1.370142
v 2.311615 0.344697 1.286910
v 2.311615 0.428945 1.370142
v 2.186615 0.845356 1.498130
v 2.186615 0.708668 1.498544
v 2.311615 0.845356 1.498130
v 2.311615 0.708668 1.498544
v 2.186615 1.123497 1.365926
v 2.186615 1.206729 1.281678
v 2.311615 1.123497 1.365926
v 2.311615 1.206729 1.281678
v 2.186615 1.335131 1.001955
v 2.186615 1.334717 0.865267
v 2.311615 1.335131 1.001955
v 2.311615 1.334717 0.865267
v 2.186615 1.202513 0.587126
v 2.186615 1.118265 0.503895
v 2.311615 1.202513 0.587126
v 2.311615 1.118265 0.503895
v 2.186615 0.838542 0.375493
v 2.186615 0.701854 0.375907
v 2.311615 0.838542 0.375493
v 2.311615 0.701854 0.375907
v 2.186615 0.423713 0.508110
v 2.186615 0.340482 0.592358
v 2.311615 0.423713 0.508111
v 2.311615 0.340482 0.592359
vn -0.0000 0.7114 0.7028
vn -0.0005 -0.7114 -0.7028
vn -0.0000 -0.7110 -0.7031
vn -1.0000 -0.0000 -0.0000
vn -0.0000 1.0000 -0.0061
vn 0.0007 -1.0000 0.0061
vn -0.0000 -1.0000 0.0055
vn -0.0000 -1.0000 0.0064
vn -0.0000 0.7028 -0.7114
vn -0.0000 -0.7028 0.7114
vn -0.0000 -0.0061 -1.0000
vn 0.0007 0.0061 1.0000
vn -0.0000 0.0055 1.0000
vn -0.0000 0.0064 1.0000
vn -0.0000 -0.7114 -0.7028
vn -0.0000 -1.0000 0.0061
vn -0.0000 0.0061 1.0000
vn 1.0000 -0.0000 -0.0000
vn 1.0000 0.0003 -0.0006
vn 1.0000 -0.0005 0.0005
vn 1.0000 -0.0004 -0.0003
vn 1.0000 0.0006 0.0003
vn 1.0000 -0.0005 -0.0005
vn 1.0000 0.0003 -0.0004
vn -0.0000 1.0000 -0.0054
vn 0.0008 1.0000 -0.0061
vn -0.0000 1.0000 -0.0065
vn -0.0000 -0.0064 -1.0000
vn 1.0000 -0.0000 -0.0007
vn 1.0000 -0.0007 -0.0000
vn 1.0000 -0.0000 0.0007
vn 1.0000 0.0007 -0.0000
vn 1.0000 0.0005 0.0005
vn 1.0000 -0.0003 -0.0006
vn 1.0000 0.0004 0.0003
vn 1.0000 -0.0003 0.0004
vn 1.0000 -0.0004 -0.0006
vn 1.0000 0.0006 -0.0003
vn 1.0000 -0.0003 0.0006
vn 1.0000 -0.0003 -0.0004
vn 1.0000 0.0007 0.0004
vn 1.0000 -0.0002 0.0005
vn 1.0000 -0.0002 -0.0003
vn 1.0000 0.0006 -0.0005
vn 1.0000 0.0003 0.0006
vn 0.0009 0.0061 1.0000
vn -0.0000 0.0066 1.0000
vn 0.0006 0.0061 1.0000
vn -0.0000 0.0067 1.0000
vn 0.0003 0.0061 1.0000
vn -0.0000 0.0065 1.0000
vn -0.0000 0.9540 -0.2997
vn -0.0005 -0.7028 0.7114
vn -0.0000 -0.7031 0.7110
vn -0.0000 -0.7025 0.7117
vn -0.0000 -0.7032 0.7110
vn -0.0003 -0.7028 0.7114
vn 0.0003 -1.0000 0.0061
vn 0.0008 -1.0000 0.0061
vn -0.0000 -1.0000 0.0065
vn -0.0000 -0.7117 -0.7025
vn -0.0003 -0.7114 -0.7028
vn 1.0000 0.0005 -0.0005
vn 1.0000 -0.0006 0.0003
vn 1.0000 -0.0004 0.0003
vn 1.0000 0.0004 -0.0004
vn 1.0000 0.0007 0.0003
vn 1.0000 -0.0004 0.0004
vn 1.0000 -0.0003 -0.0005
vn -0.0000 -1.0000 0.0030
vn -0.0000 0.0030 1.0000
vn -0.0000 0.2997 0.9540
vn -0.0000 0.2871 -0.9579
vn -0.0000 0.9581 0.2864
vn -0.0000 -0.2980 -0.9546
vn -0.0000 1.0000 -0.0030
vn -0.0000 -0.2997 -0.9540
vn -0.0000 -0.9581 -0.2864
vn -0.0000 -0.2871 0.9579
vn -0.0000 -0.0030 -1.0000
vn -0.0000 -0.9579 -0.2871
vn -0.0000 -0.9546 0.2980
vn -0.0000 0.2864 -0.9581
vn -0.0000 0.9546 -0.2980
vn -0.0000 -0.2864 0.9581
vn -0.0000 0.9579 0.2871
vn -0.0000 -0.9540 0.2997
vn -0.0000 0.2980 0.9546
vn -0.0000 0.3827 0.9239
vn 0.0006 0.3827 0.9239
vn -0.0000 0.9239 -0.3827
vn 0.0005 0.9239 -0.3827
vn -0.0000 -0.3827 0.9239
vn -0.0006 -0.3827 0.9239
vn -0.0000 -0.9239 -0.3827
vn -0.0007 -0.9239 -0.3827
vn -0.0000 -0.9239 0.3827
vn 0.0007 -0.9239 0.3827
vn -0.0000 0.3827 -0.9239
vn -0.0000 0.9239 0.3827
vn -0.0007 0.9239 0.3827
vn 0.0005 -0.9239 0.3827
vn -0.0005 -0.9239 -0.3827
vn -0.0005 0.9239 0.3827
vn -0.0006 0.3827 -0.9239
vn -0.0000 -0.3827 -0.9239
vn 0.0007 0.9239 -0.3827
vn 0.0006 -0.3827 -0.9239
vn -1.0000 -0.0003 0.0007
vn -1.0000 0.0007 -0.0003
vn -1.0000 -0.0007 -0.0003
vn -1.0000 0.0003 0.0007
vn -1.0000 0.0003 -0.0007
vn -1.0000 -0.0007 0.0003
vn -1.0000 0.0007 0.0003
vn -1.0000 -0.0003 -0.0007
vt 0.575000 0.989421
vt 0.552083 0.989421
vt 0.552083 0.968912
vt 0.575000 0.968912
vt 0.704167 0.968912
vt 0.718750 0.968912
vt 0.718750 0.989421
vt 0.704167 0.989421
vt 0.510415 0.867820
vt 0.510415 0.852967
vt 0.531257 0.835272
vt 0.531257 0.857203
vt 0.571068 0.989421
vt 0.571068 0.968912
vt 0.631250 0.968912
vt 0.645833 0.968912
vt 0.645833 0.989421
vt 0.631250 0.989421
vt 0.510415 0.867758
vt 0.510415 0.852904
vt 0.531184 0.842577
vt 0.531184 0.861562
vt 0.627084 0.989421
vt 0.604167 0.989421
vt 0.604167 0.968912
vt 0.627084 0.968912
vt 0.641667 0.968912
vt 0.656250 0.968912
vt 0.656250 0.989421
vt 0.641667 0.989421
vt 0.510415 0.870808
vt 0.510415 0.855955
vt 0.531257 0.838261
vt 0.531257 0.860192
vt 0.581250 0.989421
vt 0.562500 0.989421
vt 0.562500 0.968912
vt 0.581250 0.968912
vt 0.510415 0.866294
vt 0.510415 0.851440
vt 0.531184 0.841113
vt 0.531184 0.860098
vt 0.606250 0.989421
vt 0.583333 0.989421
vt 0.583333 0.968912
vt 0.606250 0.968912
vt 0.672917 0.968912
vt 0.687500 0.968912
vt 0.687500 0.989421
vt 0.672917 0.989421
vt 0.622917 0.989421
vt 0.622917 0.968912
vt 0.610417 0.968912
vt 0.625000 0.968912
vt 0.625000 0.989421
vt 0.610417 0.989421
vt 0.510415 0.912319
vt 0.510415 0.927173
vt 0.531184 0.937500
vt 0.531184 0.918515
vt 0.616667 0.989421
vt 0.593750 0.989421
vt 0.593750 0.968912
vt 0.616667 0.968912
vt 0.510415 0.915369
vt 0.510415 0.930222
vt 0.531257 0.947917
vt 0.531257 0.925986
vt 0.643750 0.989421
vt 0.643750 0.968912
vt 0.693750 0.968912
vt 0.708333 0.968912
vt 0.708333 0.989421
vt 0.693750 0.989421
vt 0.510439 0.867758
vt 0.510439 0.852904
vt 0.531266 0.842577
vt 0.531266 0.861562
vt 0.510439 0.870808
vt 0.510439 0.855955
vt 0.531339 0.838261
vt 0.531339 0.860192
vt 0.510439 0.866294
vt 0.510439 0.851440
vt 0.531266 0.841113
vt 0.531266 0.860098
vt 0.510439 0.867820
vt 0.510439 0.852967
vt 0.531339 0.835272
vt 0.531339 0.857203
vt 0.510439 0.912319
vt 0.510439 0.927173
vt 0.531266 0.937500
vt 0.531266 0.918515
vt 0.510439 0.915369
vt 0.510439 0.930222
vt 0.531339 0.947917
vt 0.531339 0.925986
vt 0.645833 0.947917
vt 0.645833 0.906250
vt 0.729167 0.906250
vt 0.729167 0.947917
vt 0.552083 0.947917
vt 0.552083 0.864583
vt 0.635417 0.864583
vt 0.635417 0.947917
vt 0.760417 0.875000
vt 0.812500 0.822917
vt 0.625000 0.822917
vt 0.677083 0.875000
vt 0.812500 0.739583
vt 0.625000 0.739583
vt 0.760417 0.687500
vt 0.677083 0.687500
vt 0.510415 0.882612
vt 0.531184 0.880546
vt 0.510415 0.897465
vt 0.531184 0.899531
vt 0.566666 0.968912
vt 0.566666 0.989421
vt 0.595833 0.968912
vt 0.595833 0.989421
vt 0.697917 0.989421
vt 0.679167 0.989421
vt 0.679167 0.968912
vt 0.697917 0.968912
vt 0.510439 0.885662
vt 0.531339 0.882123
vt 0.510439 0.900515
vt 0.531339 0.904055
vt 0.510439 0.882612
vt 0.531266 0.880546
vt 0.510439 0.897465
vt 0.531266 0.899531
vt 0.510415 0.927234
vt 0.510415 0.912381
vt 0.531257 0.922997
vt 0.531257 0.944928
vt 0.510415 0.897527
vt 0.531257 0.901066
vt 0.510415 0.882674
vt 0.531257 0.879134
vt 0.614583 0.968912
vt 0.629166 0.968912
vt 0.629166 0.989421
vt 0.614583 0.989421
vt 0.658333 0.968912
vt 0.658333 0.989421
vt 0.675000 0.989421
vt 0.675000 0.968912
vt 0.687500 0.916760
vt 0.697917 0.937500
vt 0.708333 0.916760
vt 0.666667 0.916760
vt 0.656250 0.937500
vt 0.645833 0.916760
vt 0.510415 0.925709
vt 0.510415 0.910855
vt 0.531184 0.917051
vt 0.531184 0.936036
vt 0.510415 0.896001
vt 0.531184 0.898067
vt 0.510415 0.881148
vt 0.531184 0.879082
vt 0.572917 0.968912
vt 0.587500 0.968912
vt 0.587500 0.989421
vt 0.572917 0.989421
vt 0.602083 0.968912
vt 0.602083 0.989421
vt 0.637500 0.989421
vt 0.637500 0.968912
vt 0.600000 0.968912
vt 0.600000 0.989421
vt 0.510439 0.925709
vt 0.510439 0.910855
vt 0.531266 0.917051
vt 0.531266 0.936036
vt 0.510439 0.896001
vt 0.531266 0.898067
vt 0.510439 0.881148
vt 0.531266 0.879082
vt 0.510439 0.927234
vt 0.510439 0.912381
vt 0.531339 0.922997
vt 0.531339 0.944928
vt 0.510439 0.897527
vt 0.531339 0.901066
vt 0.510439 0.882674
vt 0.531339 0.879134
vt 0.510415 0.900515
vt 0.531257 0.904055
vt 0.510415 0.885662
vt 0.531257 0.882123
vt 0.597916 0.968912
vt 0.597916 0.989421
vt 0.612500 0.968912
vt 0.612500 0.989421
vt 0.627083 0.968912
vt 0.627083 0.989421
vt 0.695833 0.989421
vt 0.695833 0.968912
vt 0.647006 0.989421
vt 0.628021 0.989421
vt 0.628021 0.968912
vt 0.647006 0.968912
vt 0.660416 0.968912
vt 0.660416 0.989421
vt 0.689583 0.968912
vt 0.689583 0.989421
vt 0.666667 0.989421
vt 0.666667 0.968912
vt 0.510439 0.915368
vt 0.685416 0.989421
vt 0.685416 0.968912
vt 0.635417 0.968912
vt 0.650000 0.968912
vt 0.650000 0.989421
vt 0.635417 0.989421
vt 0.664583 0.968912
vt 0.664583 0.989421
vt 0.700000 0.989421
vt 0.700000 0.968912
vt 0.660417 0.989421
vt 0.660417 0.968912
vt 0.666667 0.916748
vt 0.687500 0.916748
vt 0.662500 0.989421
vt 0.639583 0.989421
vt 0.639583 0.968912
vt 0.662500 0.968912
vt 0.681250 0.989421
vt 0.681250 0.968912
vt 0.590052 0.968912
vt 0.590052 0.989421
vt 0.609037 0.989421
vt 0.609037 0.968912
vt 0.620833 0.989421
vt 0.597917 0.989421
vt 0.597917 0.968912
vt 0.620833 0.968912
vt 0.618750 0.989421
vt 0.618750 0.968912
vt 0.652083 0.989421
vt 0.629167 0.989421
vt 0.629167 0.968912
vt 0.652083 0.968912
vt 0.645833 0.916748
vt 0.708333 0.916748
vt 0.093750 0.953125
vt 0.429688 0.953125
vt 0.429688 0.947145
vt 0.093750 0.947145
vt 0.617188 0.900271
vt 0.281250 0.900271
vt 0.281250 0.906250
vt 0.617188 0.906250
vt 0.429688 0.966917
vt 0.554688 0.966917
vt 0.554688 0.960938
vt 0.429688 0.960938
vt 0.164062 0.828125
vt 0.132812 0.828125
vt 0.132812 0.835938
vt 0.164062 0.835938
vt 0.101562 0.828125
vt 0.101562 0.820312
vt 0.070312 0.820312
vt 0.070312 0.828125
vt 0.093750 0.966917
vt 0.093750 0.960938
vt 0.062500 0.843750
vt 0.031250 0.843750
vt 0.031250 0.851562
vt 0.062500 0.851562
vt 0.484375 0.851562
vt 0.609375 0.851562
vt 0.609375 0.845584
vt 0.484375 0.845584
vt 0.171875 0.835938
vt 0.203125 0.835938
vt 0.203125 0.828125
vt 0.171875 0.828125
vt 0.085938 0.998167
vt 0.421875 0.998167
vt 0.421875 0.992188
vt 0.085938 0.992188
vt 0.554688 0.976562
vt 0.218750 0.976562
vt 0.218750 0.982542
vt 0.554688 0.982542
vt 0.156250 0.890625
vt 0.187500 0.890625
vt 0.187500 0.882812
vt 0.156250 0.882812
vt 0.148438 0.851562
vt 0.148438 0.845584
vt 0.546875 0.998167
vt 0.546875 0.992188
vt 0.554688 0.931520
vt 0.218750 0.931520
vt 0.218750 0.937500
vt 0.554688 0.937500
vt 0.187500 0.867188
vt 0.156250 0.867188
vt 0.156250 0.875000
vt 0.187500 0.875000
vt 0.031250 0.835938
vt 0.062500 0.835938
vt 0.062500 0.828125
vt 0.031250 0.828125
vt 0.031250 0.812500
vt 0.000000 0.812500
vt 0.000000 0.820312
vt 0.031250 0.820312
vt 0.554688 0.953125
vt 0.554688 0.947145
vt 0.093750 0.931520
vt 0.093750 0.937500
vt 0.273438 0.914062
vt 0.148438 0.914062
vt 0.148438 0.920042
vt 0.273438 0.920042
vt 0.156250 0.900271
vt 0.156250 0.906250
vt 0.093750 0.976562
vt 0.093750 0.982542
vt 0.609375 0.914062
vt 0.609375 0.920042
s 0
usemtl gear.001
f 177/1/1 41/2/1 66/3/1 181/4/1
f 184/5/2 67/6/3 42/7/2 187/8/3
f 187/9/4 42/10/4 41/11/4 177/12/4
f 161/13/5 44/2/5 43/3/5 165/14/5
f 169/15/6 45/16/7 46/17/6 173/18/8
f 173/19/4 46/20/4 44/21/4 161/22/4
f 146/23/9 47/24/9 65/25/9 150/26/9
f 153/27/10 48/28/10 49/29/10 157/30/10
f 157/31/4 49/32/4 47/33/4 146/34/4
f 129/35/11 50/36/11 64/37/11 144/38/11
f 141/15/12 51/16/13 52/17/12 137/18/14
f 137/39/4 52/40/4 50/41/4 129/42/4
f 116/43/15 54/44/15 53/45/15 120/46/15
f 123/47/1 72/48/1 55/49/1 125/50/1
f 125/9/4 55/10/4 54/11/4 116/12/4
f 97/51/16 56/24/16 71/25/16 115/52/16
f 113/53/5 57/54/5 58/55/5 105/56/5
f 105/57/4 58/58/4 56/59/4 97/60/4
f 202/61/10 60/62/10 59/63/10 206/64/10
f 198/5/9 70/6/9 61/7/9 208/8/9
f 208/65/4 61/66/4 60/67/4 202/68/4
f 215/69/17 62/55/17 68/54/17 195/70/17
f 220/71/11 69/72/11 63/73/11 224/74/11
f 224/39/4 63/40/4 62/41/4 215/42/4
f 172/75/18 48/76/18 65/77/18 168/78/18
f 186/79/18 45/80/18 43/81/18 183/82/18
f 193/83/18 67/84/18 66/85/18 216/86/18
f 196/87/19 69/88/18 68/89/20 199/90/21
f 112/91/18 70/92/18 59/93/18 102/94/18
f 109/95/22 57/96/18 71/97/23 122/98/24
f 136/83/18 72/84/18 53/85/18 135/86/18
f 73/99/25 75/100/26 76/101/27 74/102/26
f 78/99/16 80/100/16 79/101/16 77/102/16
f 78/103/4 77/104/4 73/105/4 74/106/4
f 79/103/18 80/104/18 76/105/18 75/106/18
f 77/99/17 79/100/17 75/101/17 73/102/17
f 74/99/11 76/100/11 80/101/28 78/102/11
f 81/107/18 84/108/18 83/109/18 82/110/18
f 83/109/29 84/108/30 87/111/31 85/112/32
f 85/112/18 87/111/18 86/113/18 88/114/18
f 89/107/4 93/108/4 91/109/4 90/110/4
f 91/109/4 93/108/4 92/111/4 94/112/4
f 94/112/4 92/111/4 95/113/4 96/114/4
f 61/20/4 108/19/4 100/22/4 60/21/4
f 108/19/4 107/115/4 99/116/4 100/22/4
f 107/115/4 106/117/4 98/118/4 99/116/4
f 106/117/4 105/57/4 97/60/4 98/118/4
f 70/3/5 112/119/5 108/120/5 61/2/5
f 112/119/5 104/38/5 107/35/5 108/120/5
f 104/38/5 103/121/5 106/122/5 107/35/5
f 103/121/5 113/53/5 105/56/5 106/122/5
f 60/123/16 100/124/16 102/125/16 59/126/16
f 72/80/33 123/79/20 120/82/34 53/81/18
f 123/79/35 124/127/36 111/128/37 120/82/38
f 124/127/35 110/129/39 121/130/40 111/128/38
f 110/129/41 109/95/42 122/98/43 121/130/44
f 57/76/18 113/75/18 115/78/18 71/77/18
f 113/75/18 103/131/18 114/132/18 115/78/18
f 103/131/18 104/133/18 101/134/18 114/132/18
f 104/133/18 112/91/18 102/94/18 101/134/18
f 58/135/4 128/136/4 119/137/4 56/138/4
f 128/136/4 127/139/4 118/140/4 119/137/4
f 127/139/4 126/141/4 117/142/4 118/140/4
f 126/141/4 125/9/4 116/12/4 117/142/4
f 57/143/1 109/144/1 128/145/1 58/146/1
f 109/144/1 110/70/1 127/69/1 128/145/1
f 110/70/1 124/147/1 126/148/1 127/69/1
f 124/147/1 123/47/1 125/50/1 126/148/1
f 56/123/15 119/149/15 122/150/15 71/126/15
f 111/151/18 255/152/18 120/153/45
f 111/151/18 121/154/18 256/155/18 255/152/18
f 122/156/18 256/155/18 121/154/35
f 55/157/4 140/158/4 132/159/4 54/160/4
f 140/158/4 139/161/4 131/162/4 132/159/4
f 139/161/4 138/163/4 130/164/4 131/162/4
f 138/163/4 137/39/4 129/42/4 130/164/4
f 72/165/46 136/166/47 140/167/46 55/168/47
f 136/166/48 143/169/49 139/170/48 140/167/49
f 143/169/50 142/64/17 138/61/50 139/170/17
f 142/64/46 141/15/51 137/18/46 138/61/51
f 54/29/11 132/171/11 135/172/11 53/28/11
f 144/153/18 133/151/18 251/152/18
f 251/173/52 249/174/52 129/35/52 144/38/52
f 156/87/18 51/88/18 64/89/18 152/90/18
f 51/175/18 141/176/18 144/177/18 64/178/18
f 141/176/18 142/179/18 133/180/18 144/177/18
f 142/179/18 143/181/18 134/182/18 133/180/18
f 143/181/18 136/83/18 135/86/18 134/182/18
f 48/183/18 153/184/18 150/185/18 65/186/18
f 153/184/18 154/187/18 151/188/18 150/185/18
f 154/187/18 155/189/18 145/190/18 151/188/18
f 155/189/18 156/87/18 152/90/18 145/190/18
f 52/66/4 160/65/4 149/68/4 50/67/4
f 160/65/4 159/191/4 148/192/4 149/68/4
f 159/191/4 158/193/4 147/194/4 148/192/4
f 158/193/4 157/31/4 146/34/4 147/194/4
f 51/45/53 156/195/54 160/196/53 52/44/55
f 156/195/53 155/197/56 159/198/53 160/196/56
f 155/197/57 154/199/10 158/200/57 159/198/10
f 154/199/53 153/27/56 157/30/53 158/200/56
f 50/7/9 149/201/9 152/202/9 64/6/9
f 151/154/18 145/151/18 248/152/18 247/155/18
f 45/92/18 169/91/18 165/94/18 43/93/18
f 169/91/18 170/133/18 166/134/18 165/94/18
f 170/133/18 171/131/18 167/132/18 166/134/18
f 171/131/18 172/75/18 168/78/18 167/132/18
f 49/58/4 176/57/4 164/60/4 47/59/4
f 176/57/4 175/117/4 163/118/4 164/60/4
f 175/117/4 174/115/4 162/116/4 163/118/4
f 174/115/4 173/19/4 161/22/4 162/116/4
f 48/165/16 172/166/16 176/167/16 49/168/16
f 172/166/6 171/169/8 175/170/6 176/167/8
f 171/169/58 170/64/16 174/61/58 175/170/16
f 170/64/59 169/15/60 173/18/59 174/61/60
f 47/203/5 164/204/5 168/205/5 65/206/5
f 46/135/4 190/136/4 180/137/4 44/138/4
f 190/136/4 189/139/4 179/140/4 180/137/4
f 189/139/4 188/141/4 178/142/4 179/140/4
f 188/141/4 187/9/4 177/12/4 178/142/4
f 45/16/15 186/207/3 190/208/2 46/17/61
f 186/207/15 191/150/15 189/149/15 190/208/15
f 191/150/15 185/209/15 188/210/15 189/149/15
f 185/209/62 184/5/3 187/8/62 188/210/3
f 44/211/1 180/69/1 183/70/1 43/212/1
f 192/154/18 182/151/18 240/152/18 239/155/18
f 67/96/18 184/213/18 181/98/18 66/97/18
f 184/213/18 185/129/18 192/130/18 181/98/18
f 185/129/18 191/127/18 182/128/18 192/130/18
f 191/127/18 186/79/18 183/82/18 182/128/18
f 69/175/18 220/176/18 195/177/18 68/178/18
f 220/176/18 219/179/18 218/180/18 195/177/18
f 219/179/18 194/181/18 217/182/18 218/180/18
f 194/181/18 193/83/18 216/86/18 217/182/18
f 70/183/63 198/184/33 206/185/64 59/186/18
f 198/184/24 197/187/35 201/188/65 206/185/18
f 197/187/66 207/189/67 200/190/68 201/188/69
f 207/189/24 196/87/18 199/90/65 200/190/40
f 63/32/4 211/31/4 205/34/4 62/33/4
f 211/31/4 210/193/4 204/194/4 205/34/4
f 210/193/4 209/191/4 203/192/4 204/194/4
f 209/191/4 208/65/4 202/68/4 203/192/4
f 69/16/9 196/207/9 211/208/9 63/17/9
f 196/207/9 207/150/9 210/149/9 211/208/9
f 207/150/9 197/209/9 209/210/9 210/149/9
f 197/209/9 198/5/9 208/8/9 209/210/9
f 62/73/10 205/214/10 199/215/10 68/72/10
f 42/157/4 221/158/4 212/159/4 41/160/4
f 221/158/4 222/161/4 213/162/4 212/159/4
f 222/161/4 223/163/4 214/164/4 213/162/4
f 223/163/4 224/39/4 215/42/4 214/164/4
f 67/216/11 193/217/11 221/218/11 42/219/11
f 193/217/11 194/220/11 222/221/11 221/218/11
f 194/220/11 219/125/11 223/124/11 222/221/11
f 219/125/11 220/71/11 224/74/11 223/124/11
f 41/7/17 212/222/17 216/223/17 66/6/17
f 218/154/18 217/151/18 235/152/18 236/155/18
f 226/224/70 225/30/70 227/27/70 228/225/70
f 114/154/18 101/151/18 228/152/18 227/155/18
f 99/226/4 98/227/4 225/152/4 226/155/4
f 230/228/10 229/229/10 231/230/10 232/231/10
f 201/154/18 200/151/18 232/152/18 231/155/18
f 204/226/4 203/227/4 229/152/4 230/155/4
f 233/232/71 234/228/71 236/231/71 235/233/71
f 243/234/72 241/235/72 161/13/72 165/14/72
f 213/226/4 214/227/4 234/152/4 233/155/4
f 242/236/73 244/237/73 168/205/73 164/204/73
f 238/238/1 237/239/1 239/240/1 240/241/1
f 247/217/74 245/218/74 146/23/74 150/26/74
f 179/226/4 178/227/4 237/152/4 238/155/4
f 246/50/75 248/47/75 152/202/75 149/201/75
f 242/236/76 241/235/76 243/234/76 244/237/76
f 166/154/18 167/151/18 244/152/18 243/155/18
f 227/27/77 225/30/77 97/51/77 115/52/77
f 163/226/4 162/227/4 241/152/4 242/155/4
f 246/50/9 245/218/9 247/217/9 248/47/9
f 231/230/78 229/229/78 202/61/78 206/64/78
f 148/226/4 147/227/4 245/152/4 246/155/4
f 226/224/79 228/225/79 102/125/79 100/124/79
f 250/242/80 249/174/80 251/173/80 252/243/80
f 133/151/18 134/154/18 252/155/18 251/152/18
f 250/242/81 252/243/81 135/172/81 132/171/81
f 131/226/4 130/227/4 249/152/4 250/155/4
f 254/244/15 253/245/15 255/246/15 256/247/15
f 254/244/82 256/247/82 122/150/82 119/149/82
f 118/226/4 117/227/4 253/152/4 254/155/4
f 255/246/83 253/245/83 116/43/83 120/46/83
f 118/226/4 254/155/4 119/248/4
f 116/249/4 253/152/4 117/227/4
f 129/249/4 249/152/4 130/227/4
f 132/248/4 131/226/4 250/155/4
f 238/238/84 240/241/84 183/70/84 180/69/84
f 239/240/85 237/239/85 177/1/85 181/4/85
f 233/232/86 235/233/86 216/223/86 212/222/86
f 236/231/87 234/228/87 215/69/87 195/70/87
f 230/228/88 232/231/88 199/215/88 205/214/88
f 218/154/18 236/155/18 195/156/18
f 199/153/4 200/151/4 232/152/4
f 201/154/18 231/155/18 206/156/18
f 101/151/18 102/153/18 228/152/18
f 114/154/18 227/155/18 115/156/18
f 192/154/18 239/155/18 181/156/18
f 166/154/18 243/155/18 165/156/18
f 151/154/18 247/155/18 150/156/18
f 152/153/18 248/152/18 145/151/18
f 148/226/4 246/155/4 149/248/4
f 146/249/4 245/152/4 147/227/4
f 164/248/4 163/226/4 242/155/4
f 161/249/4 241/152/4 162/227/4
f 179/226/4 238/155/4 180/248/4
f 177/249/4 237/152/4 178/227/4
f 213/226/4 233/155/4 212/248/4
f 214/227/4 215/249/4 234/152/4
f 205/248/4 204/226/4 230/155/4
f 202/249/4 229/152/4 203/227/4
f 100/248/4 99/226/4 226/155/4
f 97/249/4 225/152/4 98/227/4
f 252/155/18 134/154/18 135/156/18
f 216/153/4 217/151/4 235/152/4
f 183/153/4 182/151/4 240/152/4
f 168/153/4 167/151/4 244/152/4
usemtl axle.001
f 1/250/89 4/251/89 3/252/89 2/253/90
f 5/254/91 8/255/91 7/256/91 6/257/92
f 3/258/93 11/259/94 10/260/93 9/261/93
f 12/262/95 15/263/96 14/264/95 13/265/95
f 16/266/97 15/267/97 12/268/98 17/269/97
f 2/270/93 3/258/94 9/261/93 19/271/93
f 20/272/99 23/273/99 22/274/99 21/275/99
f 7/276/100 26/277/100 25/278/100 4/279/100
f 27/280/100 24/281/101 29/282/100 28/283/100
f 19/284/97 9/285/97 30/286/97 18/287/102
f 18/288/95 30/289/103 32/290/95 31/291/95
f 33/292/93 34/293/93 16/294/93 17/295/93
f 6/296/100 7/276/104 4/279/100 1/297/100
f 9/285/97 10/298/97 36/299/97 30/286/97
f 35/300/99 37/301/105 8/302/99 5/303/99
f 13/304/106 14/305/106 23/306/106 20/307/106
f 28/308/89 29/309/89 34/310/89 33/311/89
f 21/312/91 22/313/91 24/314/91 27/315/107
f 4/251/89 25/316/89 11/317/89 3/252/90
f 37/301/99 39/318/105 38/319/99 8/302/99
f 32/320/106 40/321/106 39/322/106 37/323/108
f 8/255/91 38/324/91 26/325/91 7/256/91
f 30/289/95 36/326/95 40/327/95 32/290/95
f 31/328/106 32/320/106 37/323/106 35/329/108
f 10/298/109 11/317/110 25/278/111 26/325/112 38/319/113 39/322/114 40/327/115 36/299/116
o Base
v -1.500000 0.500000 1.000000
v -1.000000 0.500000 1.000000
v -1.000000 0.500000 -0.000000
v -1.500000 0.500000 -0.000000
v -1.500000 1.000000 1.000000
v -2.000000 2.750000 -0.000000
v -2.000000 2.750000 1.000000
v -1.500000 2.750000 1.000000
v -1.500000 2.750000 -0.000000
v 2.000000 0.500000 -1.000000
v 2.500000 0.500000 -1.000000
v 3.000000 -0.000000 -1.000000
v 2.000000 -0.000000 -1.000000
v -1.500000 0.500000 -1.000000
v -1.500000 2.000000 -1.000000
v -2.000000 -0.000000 -1.000000
v -2.000000 0.500000 -1.000000
v 2.000000 0.500000 2.500000
v 2.125000 0.500000 2.500000
v -1.500000 2.000000 2.000000
v -1.000000 2.000000 3.000000
v -1.000000 2.000000 2.000000
v 0.000000 0.500000 1.000000
v 0.000000 0.500000 2.000000
v 0.000000 1.000000 2.000000
v 1.000000 1.000000 2.000000
v 1.000000 0.500000 2.000000
v 1.000000 0.500000 1.000000
v 2.875000 0.500000 2.500000
v 2.250000 0.500000 2.500000
v -2.000000 0.500000 3.000000
v -2.000000 0.000000 3.000000
v -1.000000 0.000000 3.000000
v -1.000000 0.500000 3.000000
v -2.000000 0.000000 0.000000
v -2.000000 0.500000 -0.000000
v 2.375000 0.500000 1.000000
v 2.000000 0.500000 1.000000
v -1.000000 -0.000000 -1.000000
v -1.000000 0.000000 0.000000
v -1.000000 0.000000 1.000000
v -2.000000 0.000000 1.000000
v 2.500000 2.000000 -1.000000
v 2.375000 0.500000 0.125000
v 2.500000 2.750000 -0.000000
v 0.000000 0.500000 3.000000
v 0.000000 1.000000 3.000000
v -1.000000 0.500000 2.000000
v 3.000000 2.750000 1.000000
v 3.000000 0.500000 1.000000
v 3.000000 0.500000 -0.000000
v 3.000000 2.750000 -0.000000
v -2.000000 2.000000 -1.000000
v -1.000000 0.000000 2.000000
v -2.000000 0.000000 2.000000
v -2.000000 0.875000 -0.000000
v -2.000000 0.500000 1.000000
v -2.000000 0.875000 1.000000
v 3.000000 0.000000 0.000000
v 3.000000 0.000000 1.000000
v 2.000000 0.000000 1.000000
v 2.000000 0.000000 0.000000
v -1.500000 1.000000 2.000000
v 2.500000 2.750000 1.000000
v 2.500000 2.000000 2.000000
v 3.000000 0.500000 2.000000
v 3.000000 2.000000 2.000000
v 3.000000 2.000000 -1.000000
v 3.000000 0.500000 -1.000000
v 3.000000 0.000000 2.000000
v 2.000000 0.000000 2.000000
v -2.000000 0.500000 2.000000
v -2.000000 2.000000 2.000000
v 0.000000 0.500000 -1.000000
v 0.000000 -0.000000 -1.000000
v -1.000000 0.500000 -1.000000
v 2.000000 0.000000 3.000000
v 1.000000 0.000000 3.000000
v 1.000000 0.000000 2.000000
v 1.000000 0.000000 0.000000
v 1.000000 0.000000 1.000000
v 0.000000 0.000000 1.000000
v 0.000000 0.000000 0.000000
v 0.000000 0.000000 3.000000
v 0.000000 0.000000 2.000000
v -2.000000 2.000000 3.000000
v 0.000000 0.500000 -0.000000
v 1.000000 0.500000 -0.000000
v 2.125000 0.500000 0.125000
v 1.000000 0.500000 3.000000
v 1.000000 -0.000000 -1.000000
v 2.875000 1.000000 2.500000
v 2.875000 1.000000 3.000000
v 2.875000 0.500000 3.000000
v 3.000000 2.000000 3.000000
v 3.000000 1.000000 3.000000
v 3.000000 1.000000 2.500000
v 3.000000 2.000000 2.500000
v 1.000000 0.500000 -1.000000
v -1.000000 1.000000 1.000000
v 1.000000 1.000000 3.000000
v 3.000000 0.500000 3.000000
v 3.000000 0.000000 3.000000
v 2.000000 0.500000 3.000000
v 3.000000 0.500000 2.500000
v -1.500000 0.500000 2.000000
v -1.000000 1.000000 2.000000
v 2.000000 2.000000 2.500000
v 2.000000 1.000000 2.500000
v 2.000000 1.000000 3.000000
v 2.000000 2.000000 3.000000
v 2.125000 1.000000 3.000000
v 2.125000 1.000000 2.500000
v 2.125000 0.500000 3.000000
v 2.250000 1.000000 2.500000
v 2.750000 0.500000 3.000000
v 2.750000 1.000000 3.000000
v 2.250000 0.500000 3.000000
v 2.250000 1.000000 3.000000
v 2.750000 0.500000 2.500000
v 2.750000 1.000000 2.500000
v 2.000000 0.500000 2.000000
v 2.500000 0.500000 2.000000
v 2.500000 0.500000 1.000000
v 2.125000 0.500000 1.000000
v 2.500000 0.500000 -0.000000
v 2.000000 0.500000 -0.000000
v 2.375000 0.228151 1.000000
v 2.125000 0.500000 1.875000
v 2.375000 0.500000 1.875000
v 2.375000 0.228151 0.125000
v 2.125000 0.228151 0.125000
v 2.125000 0.228151 1.000000
v 2.125000 0.228151 1.437500
v 2.375000 0.228151 1.437500
v 2.375000 0.500000 1.437500
v 2.125000 0.500000 1.437500
vn -0.0000 1.0000 -0.0000
vn 1.0000 -0.0000 -0.0000
vn -0.0000 -0.0000 -1.0000
vn -1.0000 -0.0000 -0.0000
vn -0.0000 -0.0000 1.0000
vn -0.0000 -1.0000 -0.0000
vn -0.0000 0.8000 -0.6000
vn -0.0000 0.8000 0.6000
vn -0.0000 0.8944 -0.4472
vn -0.0000 0.8494 -0.5278
vt 0.281250 0.621094
vt 0.250000 0.621094
vt 0.250000 0.558594
vt 0.281250 0.558594
vt 0.593750 0.699219
vt 0.656250 0.699219
vt 0.593750 0.730469
vt 0.207031 0.429688
vt 0.207031 0.492188
vt 0.175781 0.492188
vt 0.175781 0.429688
vt 0.347656 0.500000
vt 0.316406 0.500000
vt 0.285156 0.468750
vt 0.347656 0.468750
vt 0.656250 0.839844
vt 0.593750 0.839844
vt 0.718750 0.699219
vt 0.718750 0.792969
vt 0.597656 0.468750
vt 0.597656 0.500000
vt 0.566406 0.500000
vt 0.062500 0.683594
vt 0.062500 0.714844
vt 0.054688 0.714844
vt 0.031250 0.683594
vt 0.355469 0.531250
vt 0.324219 0.593750
vt 0.324219 0.531250
vt 0.316406 0.792969
vt 0.378906 0.792969
vt 0.378906 0.824219
vt 0.453125 0.593750
vt 0.453125 0.562500
vt 0.515625 0.562500
vt 0.007812 0.714844
vt 0.046875 0.714844
vt 0.000000 0.371094
vt 0.000000 0.339844
vt 0.062500 0.339844
vt 0.062500 0.371094
vt 0.347656 0.597656
vt 0.347656 0.628906
vt 0.285156 0.628906
vt 0.285156 0.597656
vt 0.250000 0.750000
vt 0.250000 0.812500
vt 0.312500 0.812500
vt 0.312500 0.750000
vt 0.250000 0.875000
vt 0.312500 0.875000
vt 0.316406 0.417969
vt 0.316406 0.324219
vt 0.378906 0.324219
vt 0.378906 0.464844
vt 0.441406 0.792969
vt 0.441406 0.824219
vt 0.062500 0.621094
vt 0.125000 0.621094
vt 0.125000 0.683594
vt 0.250000 0.683594
vt 0.187500 0.683594
vt 0.187500 0.621094
vt 0.441406 1.000000
vt 0.441406 0.859375
vt 0.503906 0.859375
vt 0.503906 1.000000
vt 0.566406 0.593750
vt 0.597656 0.593750
vt 0.250000 0.937500
vt 0.312500 0.937500
vt 0.250000 1.000000
vt 0.312500 1.000000
vt 0.347656 1.000000
vt 0.316406 1.000000
vt 0.316406 0.921875
vt 0.347656 0.921875
vt 0.347656 0.652344
vt 0.410156 0.628906
vt 0.410156 0.652344
vt 0.000000 0.812500
vt 0.000000 0.875000
vt 0.062500 0.875000
vt 0.062500 0.812500
vt 0.531250 0.792969
vt 0.531250 0.730469
vt 0.441406 0.324219
vt 0.441406 0.464844
vt 0.132812 0.746094
vt 0.132812 0.652344
vt 0.164062 0.652344
vt 0.164062 0.746094
vt 0.101562 0.492188
vt 0.070312 0.492188
vt 0.070312 0.414062
vt 0.101562 0.414062
vt 0.136719 0.492188
vt 0.105469 0.492188
vt 0.105469 0.414062
vt 0.136719 0.414062
vt 0.000000 0.937500
vt 0.062500 0.937500
vt 0.472656 0.628906
vt 0.472656 0.722656
vt 0.410156 0.769531
vt 0.378906 0.953125
vt 0.378906 0.859375
vt 0.566406 0.859375
vt 0.566406 0.953125
vt 0.347656 0.769531
vt 0.285156 0.722656
vt 0.472656 0.500000
vt 0.472656 0.468750
vt 0.535156 0.468750
vt 0.535156 0.500000
vt 0.062500 1.000000
vt 0.125000 1.000000
vt 0.125000 0.937500
vt 0.125000 0.812500
vt 0.125000 0.875000
vt 0.187500 0.875000
vt 0.187500 0.812500
vt 0.187500 1.000000
vt 0.187500 0.937500
vt 0.000000 0.464844
vt 0.062500 0.464844
vt 0.187500 0.558594
vt 0.125000 0.558594
vt 0.062500 0.558594
vt 0.187500 0.339844
vt 0.187500 0.371094
vt 0.125000 0.371094
vt 0.125000 0.339844
vt 0.125000 0.750000
vt 0.187500 0.750000
vt 0.000000 0.750000
vt 0.062500 0.750000
vt 0.570312 0.867623
vt 0.632812 0.867623
vt 0.632812 0.937500
vt 0.570312 0.937500
vt 0.347656 0.917969
vt 0.316406 0.917969
vt 0.316406 0.886719
vt 0.347656 0.886719
vt 0.210938 0.492188
vt 0.210938 0.429688
vt 0.242188 0.429688
vt 0.242188 0.492188
vt 0.410156 0.500000
vt 0.410156 0.468750
vt 0.351562 1.000000
vt 0.351562 0.968750
vt 0.382812 0.968750
vt 0.382812 1.000000
vt 0.632812 1.000000
vt 0.570312 1.000000
vt 0.285156 0.500000
vt 0.503906 0.828125
vt 0.441406 0.828125
vt 0.316406 0.531250
vt 0.378906 0.500000
vt 0.378906 0.531250
vt 0.125000 0.746094
vt 0.062500 0.746094
vt 0.000000 0.683594
vt 0.000000 0.714844
vt 0.390625 0.558594
vt 0.390625 0.527344
vt 0.453125 0.527344
vt 0.453125 0.558594
vt 0.550781 0.531250
vt 0.550781 0.593750
vt 0.519531 0.593750
vt 0.519531 0.531250
vt 0.507812 0.464844
vt 0.507812 0.371094
vt 0.570312 0.402344
vt 0.570312 0.464844
vt 0.570312 0.371094
vt 0.632812 0.371094
vt 0.632812 0.402344
vt 0.390625 0.593750
vt 0.390625 0.562500
vt 0.570312 0.722656
vt 0.539062 0.722656
vt 0.539062 0.660156
vt 0.570312 0.660156
vt 0.574219 0.695312
vt 0.574219 0.632812
vt 0.605469 0.632812
vt 0.605469 0.695312
vt 0.488281 0.558594
vt 0.457031 0.558594
vt 0.457031 0.527344
vt 0.488281 0.527344
vt 0.503906 0.324219
vt 0.503906 0.417969
vt 0.007812 0.746094
vt 0.000000 0.746094
vt 0.601562 0.597656
vt 0.601562 0.628906
vt 0.539062 0.628906
vt 0.539062 0.597656
vt 0.250000 0.746094
vt 0.187500 0.746094
vt 0.054688 0.746094
vt 0.511719 0.761719
vt 0.511719 0.730469
vt 0.519531 0.730469
vt 0.519531 0.761719
vt 0.535156 0.628906
vt 0.535156 0.722656
vt 0.125000 0.402344
vt 0.187500 0.402344
vt 0.250000 0.339844
vt 0.250000 0.371094
vt 0.296875 0.371094
vt 0.304688 0.371094
vt 0.304688 0.402344
vt 0.296875 0.402344
vt 0.281250 0.496094
vt 0.250000 0.496094
vt 0.187500 0.496094
vt 0.125000 0.496094
vt 0.062500 0.496094
vt 0.000000 1.000000
vt 0.632812 0.531250
vt 0.632812 0.593750
vt 0.601562 0.593750
vt 0.601562 0.531250
vt 0.171875 0.492188
vt 0.140625 0.492188
vt 0.140625 0.414062
vt 0.171875 0.414062
vt 0.031250 0.558594
vt 0.031250 0.496094
vt 0.410156 0.597656
vt 0.472656 0.597656
vt 0.566406 0.828125
vt 0.378906 0.828125
vt 0.386719 0.593750
vt 0.386719 0.531250
vt 0.167969 0.714844
vt 0.175781 0.714844
vt 0.175781 0.746094
vt 0.167969 0.746094
vt 0.265625 0.714844
vt 0.265625 0.746094
vt 0.257812 0.746094
vt 0.257812 0.714844
vt 0.257812 0.371094
vt 0.265625 0.371094
vt 0.265625 0.402344
vt 0.257812 0.402344
vt 0.312500 0.339844
vt 0.226562 0.425781
vt 0.195312 0.425781
vt 0.195312 0.394531
vt 0.226562 0.394531
vt 0.472656 0.761719
vt 0.472656 0.730469
vt 0.480469 0.730469
vt 0.480469 0.761719
vt 0.578125 0.464844
vt 0.578125 0.433594
vt 0.609375 0.433594
vt 0.609375 0.464844
vt 0.070312 0.410156
vt 0.070312 0.378906
vt 0.101562 0.378906
vt 0.101562 0.410156
vt 0.312500 0.371094
vt 0.632812 0.496094
vt 0.632812 0.527344
vt 0.601562 0.527344
vt 0.601562 0.496094
vt 0.250000 0.464844
vt 0.250000 0.402344
vt 0.312500 0.464844
vt 0.312500 0.402344
vt 0.464844 0.824219
vt 0.464844 0.761719
vt 0.527344 0.761719
vt 0.527344 0.824219
vt 0.039062 0.675781
vt 0.054688 0.675781
vt 0.039062 0.648438
vt 0.031250 0.621094
vt 0.054688 0.648438
vt 0.039062 0.566406
vt 0.039062 0.621094
vt 0.054688 0.621094
vt 0.054688 0.566406
vt 0.265625 0.781250
vt 0.265625 0.796875
vt 0.250000 0.796875
vt 0.250000 0.781250
vt 0.199219 0.796875
vt 0.199219 0.781250
vt 0.277344 0.781250
vt 0.277344 0.796875
vt 0.304688 0.796875
s 0
usemtl m_179a1da9-5b8a-1d17-b625-5c252dc26d72.002
f 257/330/117 258/331/117 259/332/117 260/333/117
f 257/334/118 260/335/118 261/336/118
f 262/337/117 263/338/117 264/339/117 265/340/117
f 266/341/119 267/342/119 268/343/119 269/344/119
f 260/335/118 265/345/118 264/346/118 261/336/118
f 270/347/118 271/348/118 265/345/118 260/335/118
f 272/349/119 273/350/119 270/351/119
f 378/352/117 274/353/117 275/354/117 379/355/117
f 276/356/117 277/357/117 278/358/117
f 279/359/120 280/360/120 281/361/120
f 282/362/118 283/363/118 284/364/118
f 285/365/117 379/355/117 275/354/117 286/366/117
f 287/367/121 288/368/121 289/369/121 290/370/121
f 291/371/120 292/372/120 273/373/120 272/374/120
f 295/375/122 296/376/122 291/377/122 272/378/122
f 296/376/122 297/379/122 298/380/122 291/377/122
f 299/381/120 267/382/120 382/383/120 301/384/120
f 280/360/120 302/385/120 303/386/120 281/361/120
f 378/352/117 294/387/117 284/388/117 283/389/117
f 258/331/117 304/390/117 280/391/117 279/392/117
f 305/393/118 306/394/118 307/395/118 308/396/118
f 271/397/119 270/351/119 273/350/119 309/398/119
f 297/379/122 310/399/122 311/400/122 298/380/122
f 310/399/122 289/401/122 288/402/122 311/400/122
f 262/403/123 265/404/123 271/405/123 309/406/123
f 312/407/120 292/372/120 313/408/120 314/409/120
f 315/410/122 316/411/122 317/412/122 318/413/122
f 276/414/118 319/415/118 261/336/118 264/346/118
f 301/384/120 382/383/120 380/416/120 320/417/120
f 321/418/121 379/419/121 322/420/121 323/421/121
f 324/397/119 325/351/119 267/350/119 299/398/119
f 305/422/124 320/423/124 321/424/124 323/425/124
f 301/426/123 308/427/123 324/428/123 299/429/123
f 316/411/122 326/430/122 327/431/122 317/412/122
f 314/409/120 328/432/120 329/433/120 263/434/120
f 323/435/118 322/436/118 306/394/118 305/393/118
f 307/395/118 325/437/118 324/438/118 308/396/118
f 262/439/120 309/440/120 273/373/120 312/407/120
f 330/441/119 331/442/119 295/443/119 332/444/119
f 327/431/122 333/445/122 334/446/122 335/447/122
f 336/448/122 337/449/122 338/450/122 339/451/122
f 335/447/122 334/446/122 340/452/122 341/453/122
f 338/450/122 341/453/122 310/399/122 297/379/122
f 342/454/121 287/367/121 290/370/121 277/455/121
f 343/456/117 279/392/117 284/388/117 344/457/117
f 344/457/117 284/388/117 294/387/117 383/458/117
f 334/459/121 346/460/121 302/461/121 340/462/121
f 340/462/121 302/461/121 290/370/121 289/369/121
f 347/463/122 336/448/122 339/451/122 331/464/122
f 268/465/122 315/410/122 318/413/122 269/466/122
f 284/467/125 279/468/125 281/469/125 282/470/125
f 259/332/117 258/331/117 279/392/117 343/456/117
f 348/471/118 349/472/118 350/473/118 285/474/118
f 351/475/118 352/476/118 353/477/118 354/478/118
f 330/441/119 355/479/119 347/480/119 331/442/119
f 356/481/119 258/482/119 257/483/119 261/484/119
f 282/470/117 281/469/117 303/485/117 357/486/117
f 325/487/119 268/343/119 267/342/119
f 315/488/118 307/395/118 306/394/118 316/489/118
f 358/490/118 359/342/118 326/491/118 322/492/118
f 274/353/117 283/389/117 346/493/117 360/494/117
f 322/495/117 379/355/117 285/365/117 361/496/117
f 261/497/120 257/498/120 362/499/120 319/500/120
f 261/501/117 319/502/117 363/503/117 356/504/117
f 277/505/118 290/506/118 363/507/118 278/508/118
f 363/507/118 304/509/118 258/510/118 356/511/118
f 282/362/118 357/512/118 346/513/118 283/363/118
f 283/389/117 274/353/117 378/352/117
f 276/514/119 278/515/119 363/516/119 319/517/119
f 363/507/118 290/506/118 304/509/118
f 364/518/120 365/519/120 366/520/120 367/521/120
f 368/522/120 369/523/120 275/524/120 370/525/120
f 380/416/120 379/526/120 321/527/120 320/417/120
f 350/528/117 358/529/117 361/496/117 285/365/117
f 364/530/117 367/531/117 351/532/117 354/533/117
f 280/391/117 304/390/117 290/534/117 302/535/117
f 274/353/117 360/494/117 370/536/117 275/354/117
f 371/537/119 286/538/119 275/539/119 369/540/119
f 329/433/120 328/432/120 287/541/120 342/542/120
f 303/543/121 302/461/121 346/460/121 357/544/121
f 269/466/122 318/413/122 336/448/122 347/463/122
f 331/464/122 339/451/122 296/376/122 295/375/122
f 333/545/121 360/546/121 346/460/121 334/459/121
f 372/547/121 350/548/121 349/549/121 373/550/121
f 270/551/117 260/333/117 259/332/117 332/552/117
f 332/552/117 259/332/117 343/456/117 330/553/117
f 330/553/117 343/456/117 344/457/117 355/554/117
f 355/554/117 344/457/117 383/458/117 266/555/117
f 266/341/119 269/344/119 347/480/119 355/479/119
f 295/443/119 272/349/119 270/351/119 332/444/119
f 341/453/122 340/452/122 289/401/122 310/399/122
f 339/451/122 338/450/122 297/379/122 296/376/122
f 337/449/122 335/447/122 341/453/122 338/450/122
f 317/412/122 327/431/122 335/447/122 337/449/122
f 318/413/122 317/412/122 337/449/122 336/448/122
f 326/430/122 359/556/122 333/445/122 327/431/122
f 301/557/117 320/558/117 305/559/117 308/560/117
f 264/561/124 263/562/124 329/563/124 276/564/124
f 266/555/117 383/458/117 382/565/117 267/566/117
f 298/567/120 313/408/120 292/372/120 291/371/120
f 311/568/120 328/432/120 313/408/120 298/567/120
f 311/491/120 288/342/120 287/490/120 328/492/120
f 307/395/118 315/488/118 268/569/118 325/437/118
f 316/489/118 306/394/118 322/436/118 326/570/118
f 342/571/117 277/357/117 276/356/117 329/572/117
f 262/439/120 312/407/120 314/409/120 263/434/120
f 313/408/120 328/432/120 314/409/120
f 273/373/120 292/372/120 312/407/120
f 352/573/122 349/574/122 348/575/122 353/576/122
f 366/577/122 365/578/122 369/579/122 368/580/122
f 370/581/121 374/582/121 375/583/121 368/584/121
f 333/545/121 359/585/121 372/547/121 374/582/121
f 374/586/117 372/587/117 376/588/117 286/589/117
f 348/590/119 285/591/119 376/592/119 377/593/119
f 375/594/118 374/595/118 286/596/118 371/597/118
f 377/598/120 376/599/120 372/600/120 373/601/120
f 359/585/121 358/602/121 350/548/121 372/547/121
f 370/581/121 360/546/121 333/545/121 374/582/121
f 375/603/122 371/604/122 377/605/122 373/606/122
f 368/584/121 375/583/121 367/607/121 366/608/121
f 351/609/121 373/550/121 349/549/121 352/610/121
f 354/611/119 353/612/119 348/590/119 377/593/119
f 369/540/119 365/613/119 364/614/119 371/537/119
f 364/614/119 354/611/119 377/593/119 371/537/119
f 367/607/121 375/583/121 373/550/121 351/609/121
f 386/615/117 385/616/117 378/352/117 379/355/117
f 392/617/117 379/355/117 380/618/117
f 393/619/117 294/387/117 378/352/117
f 300/620/117 293/621/117 380/618/117 382/565/117
f 381/622/117 345/623/117 383/458/117 294/387/117
f 345/623/117 300/620/117 382/565/117 383/458/117
f 345/624/121 388/625/121 387/626/121 300/627/121
f 300/627/120 387/626/120 384/628/120 293/629/120
f 384/627/120 391/630/120 392/631/120 293/626/120
f 386/615/126 391/617/126 390/619/126 385/616/126
f 384/621/117 387/620/117 388/623/117 389/622/117
f 391/632/120 386/630/120 392/631/120
f 385/632/118 390/630/118 393/631/118
f 381/627/118 389/626/118 388/628/118 345/629/118
f 391/617/117 384/621/117 389/622/117 390/619/117
f 390/631/118 389/626/118 381/627/118 393/630/118
f 380/618/117 293/621/117 392/617/117
f 392/617/117 386/615/117 379/355/117
f 378/352/117 385/616/117 393/619/117
f 393/619/117 381/622/117 294/387/117
o gear
v 2.443560 2.875000 0.784772
v 2.193560 2.875000 0.784772
v 2.193560 2.409772 1.250000
v 2.443560 2.409772 1.250000
v 2.193560 2.662895 0.722803
v 2.443560 2.662895 0.722803
v 2.443560 2.347803 1.037895
v 2.193560 2.347803 1.037895
v 2.443560 2.875000 0.215228
v 2.193560 2.875000 0.215228
v 2.193560 2.662895 0.277197
v 2.443560 2.662895 0.277197
v 2.443560 2.409772 -0.250000
v 2.193560 2.409772 -0.250000
v 2.193560 2.347803 -0.037895
v 2.443560 2.347803 -0.037895
v 2.443560 1.840228 -0.250000
v 2.193560 1.840228 -0.250000
v 2.193560 1.902197 -0.037895
v 2.443560 1.902197 -0.037895
v 2.443560 1.375000 0.215228
v 2.193560 1.375000 0.215228
v 2.193560 1.587105 0.277197
v 2.443560 1.587105 0.277197
v 2.443560 1.375000 0.784772
v 2.193561 1.375000 0.784772
v 2.193560 1.587105 0.722803
v 2.443560 1.587105 0.722803
v 2.443560 1.840228 1.250000
v 2.193561 1.840228 1.250000
v 2.193560 1.902197 1.037895
v 2.443560 1.902197 1.037895
v 2.193560 2.662895 0.277197
v 2.193560 2.875000 0.215228
v 2.193560 2.409772 -0.250000
v 2.193560 2.347803 -0.037895
v 2.193560 2.662895 0.722803
v 2.193560 2.875000 0.784772
v 2.193560 2.347803 1.037895
v 2.193560 2.409772 1.250000
v 2.193560 1.902197 1.037895
v 2.193561 1.840228 1.250000
v 2.193560 1.587105 0.722803
v 2.193561 1.375000 0.784772
v 2.193560 1.587105 0.277197
v 2.193560 1.375000 0.215228
v 2.193560 1.902197 -0.037895
v 2.193560 1.840228 -0.250000
v 2.318560 2.375000 -0.062500
v 2.318560 2.687500 0.250000
v 2.318560 1.562500 0.250000
v 2.318560 1.875000 -0.062500
v 2.318560 1.562500 0.250000
v 2.318560 2.687500 0.250000
v 2.318560 2.687500 0.750000
v 2.318561 1.562500 0.750000
v 2.318561 1.562500 0.750000
v 2.318560 2.687500 0.750000
v 2.318560 2.375000 1.062500
v 2.318561 1.875000 1.062500
v 2.312310 2.375000 1.062500
v 2.312310 2.687500 0.750000
v 2.312311 1.562500 0.750000
v 2.312311 1.875000 1.062500
v 2.312311 1.562500 0.750000
v 2.312310 2.687500 0.750000
v 2.312310 2.687500 0.250000
v 2.312310 1.562500 0.250000
v 2.312310 1.562500 0.250000
v 2.312310 2.687500 0.250000
v 2.312310 2.375000 -0.062500
v 2.312310 1.875000 -0.062500
v 2.193561 1.875000 1.437500
v 2.443560 1.875000 1.437500
v 2.443560 2.000000 1.437500
v 2.193561 2.000000 1.437500
v 2.193561 2.031250 1.250000
v 2.443560 2.031250 1.250000
v 2.443560 1.843750 1.250000
v 2.193561 1.843750 1.250000
v 2.193561 2.250000 1.437500
v 2.443560 2.250000 1.437500
v 2.443560 2.375000 1.437500
v 2.193560 2.375000 1.437500
v 2.193560 2.406250 1.250000
v 2.443560 2.406250 1.250000
v 2.443560 2.218750 1.250000
v 2.193560 2.218750 1.250000
v 2.193560 3.062500 0.750000
v 2.443560 3.062500 0.750000
v 2.443560 3.062500 0.625000
v 2.193560 3.062500 0.625000
v 2.193560 2.875000 0.593750
v 2.443560 2.875000 0.593750
v 2.443560 2.875000 0.781250
v 2.193560 2.875000 0.781250
v 2.193560 3.062500 0.375000
v 2.443560 3.062500 0.375000
v 2.443560 3.062500 0.250000
v 2.193560 3.062500 0.250000
v 2.193560 2.875000 0.218750
v 2.443560 2.875000 0.218750
v 2.443560 2.875000 0.406250
v 2.193560 2.875000 0.406250
v 2.443560 1.187500 0.625000
v 2.443560 1.187500 0.750000
v 2.193561 1.187500 0.750000
v 2.193561 1.187500 0.625000
v 2.443560 1.375000 0.781250
v 2.443560 1.375000 0.593750
v 2.193561 1.375000 0.593750
v 2.193561 1.375000 0.781250
v 2.443560 1.187500 0.250000
v 2.443560 1.187500 0.375000
v 2.193561 1.187500 0.375000
v 2.193560 1.187500 0.250000
v 2.443560 1.375000 0.406250
v 2.443560 1.375000 0.218750
v 2.193560 1.375000 0.218750
v 2.193560 1.375000 0.406250
v 2.443560 2.000000 -0.437500
v 2.443560 1.875000 -0.437500
v 2.193560 1.875000 -0.437500
v 2.193560 2.000000 -0.437500
v 2.443560 1.843750 -0.250000
v 2.443560 2.031250 -0.250000
v 2.193560 2.031250 -0.250000
v 2.193560 1.843750 -0.250000
v 2.443560 2.375000 -0.437500
v 2.443560 2.250000 -0.437500
v 2.193560 2.250000 -0.437500
v 2.193560 2.375000 -0.437500
v 2.443560 2.218750 -0.250000
v 2.443560 2.406250 -0.250000
v 2.193560 2.406250 -0.250000
v 2.193560 2.218750 -0.250000
v 2.443560 1.392049 -0.063801
v 2.443560 1.303661 0.024587
v 2.193560 1.303661 0.024587
v 2.193560 1.392049 -0.063801
v 2.443560 1.414147 0.179267
v 2.443560 1.546729 0.046684
v 2.193560 1.546729 0.046684
v 2.193560 1.414147 0.179267
v 2.443560 1.657215 -0.328966
v 2.443560 1.568826 -0.240578
v 2.193560 1.568826 -0.240578
v 2.193560 1.657215 -0.328966
v 2.443560 1.679312 -0.085898
v 2.443560 1.811894 -0.218481
v 2.193560 1.811894 -0.218481
v 2.193560 1.679312 -0.085898
v 2.193561 1.303661 0.975413
v 2.443560 1.303661 0.975413
v 2.443560 1.392049 1.063801
v 2.193561 1.392049 1.063801
v 2.193561 1.546729 0.953316
v 2.443560 1.546729 0.953315
v 2.443560 1.414147 0.820733
v 2.193561 1.414147 0.820733
v 2.193561 1.568826 1.240578
v 2.443560 1.568826 1.240578
v 2.443560 1.657215 1.328966
v 2.193561 1.657215 1.328966
v 2.193561 1.811894 1.218481
v 2.443560 1.811894 1.218481
v 2.443560 1.679312 1.085898
v 2.193561 1.679312 1.085898
v 2.443560 2.857951 1.063801
v 2.443560 2.946339 0.975413
v 2.193560 2.946339 0.975413
v 2.193560 2.857951 1.063801
v 2.443560 2.835853 0.820733
v 2.443560 2.703271 0.953315
v 2.193560 2.703271 0.953316
v 2.193560 2.835853 0.820733
v 2.443560 2.592785 1.328966
v 2.443560 2.681174 1.240578
v 2.193560 2.681174 1.240578
v 2.193560 2.592785 1.328966
v 2.443560 2.570688 1.085898
v 2.443560 2.438106 1.218481
v 2.193560 2.438106 1.218481
v 2.193560 2.570688 1.085898
v 2.193560 2.946339 0.024587
v 2.443560 2.946339 0.024587
v 2.443560 2.857951 -0.063801
v 2.193560 2.857951 -0.063801
v 2.193560 2.703271 0.046684
v 2.443560 2.703271 0.046684
v 2.443560 2.835853 0.179267
v 2.193560 2.835853 0.179267
v 2.193560 2.681174 -0.240578
v 2.443560 2.681174 -0.240578
v 2.443560 2.592785 -0.328966
v 2.193560 2.592785 -0.328966
v 2.193560 2.438106 -0.218481
v 2.443560 2.438106 -0.218481
v 2.443560 2.570688 -0.085898
v 2.193560 2.570688 -0.085898
v 2.193560 2.208333 0.583333
v 2.193560 2.375000 0.583333
v 2.193560 2.375000 0.416667
v 2.193560 2.208333 0.416667
v 2.443560 2.208333 0.416667
v 2.443560 2.375000 0.416667
v 2.443560 2.375000 0.583333
v 2.443560 2.208333 0.583333
v 2.443560 1.875000 0.416667
v 2.443560 1.875000 0.583333
v 2.193560 1.875000 0.583333
v 2.193560 1.875000 0.416667
v 2.443560 2.041667 0.416667
v 2.443560 2.041667 0.583333
v 2.443560 2.041667 0.250000
v 2.443560 2.208333 0.250000
v 2.193560 2.041667 0.583333
v 2.193560 2.041667 0.416667
v 2.193560 2.041667 0.750000
v 2.193560 2.208333 0.750000
v 2.193560 2.041667 0.250000
v 2.193560 2.208333 0.250000
v 2.443560 2.041667 0.750000
v 2.443560 2.208333 0.750000
v -0.935316 2.413713 0.380411
v -0.935316 2.413713 0.619589
v -0.935316 2.702425 0.739177
v -0.935316 2.702425 0.260823
v -1.497815 1.836287 0.380411
v -1.497815 2.005412 0.211288
v -0.935316 2.005412 0.211288
v -0.935316 1.836287 0.380411
v -0.560316 2.603354 1.654849
v -0.560316 3.279850 0.978354
v -0.560316 3.395335 1.026189
v -0.560316 2.651190 1.770334
v 2.502185 1.836287 0.380411
v 2.502185 1.836287 0.619589
v 2.377185 1.836287 0.619589
v 2.377185 1.836287 0.380411
v -0.810316 0.970150 0.978354
v -0.810316 0.970150 0.021646
v -0.810316 0.854665 -0.026189
v -0.810316 0.854665 1.026190
v 1.752185 2.603354 1.654849
v 1.752185 3.279850 0.978354
v 1.752185 3.395335 1.026189
v 1.752185 2.651190 1.770334
v 2.502185 2.005412 0.788712
v 2.502185 2.244589 0.788712
v 2.377185 2.244589 0.788712
v 2.377185 2.005412 0.788712
v 2.502185 2.244589 0.211288
v 2.502185 2.005412 0.211288
v 2.377185 2.005412 0.211288
v 2.377185 2.244589 0.211288
v 2.502185 2.413713 0.619589
v 2.377185 2.413713 0.619589
v -1.497815 2.413713 0.619589
v -1.497815 2.244589 0.788712
v -0.935316 2.244589 0.788712
v -1.497815 2.244589 0.211288
v -0.935316 2.244589 0.211288
v -1.497815 2.005412 0.788712
v -1.497815 1.836287 0.619589
v -0.935316 1.836287 0.619589
v -0.935316 2.005412 0.788712
v -1.497815 2.413713 0.380411
v 1.877185 2.413713 0.380411
v 1.877185 2.244589 0.211288
v 1.877185 2.364176 -0.077425
v 1.877185 2.702425 0.260823
v 1.877185 2.413713 0.619589
v 1.877185 2.702425 0.739177
v 1.877185 2.005412 0.211288
v 1.877185 1.885822 -0.077425
v -0.935316 2.364176 -0.077425
v 1.627185 2.702425 0.739177
v 1.627185 2.702425 0.260823
v 1.627185 2.991137 0.141234
v 1.627185 2.991137 0.858766
v 1.752185 2.603353 -0.654849
v 1.752185 2.483766 -0.366137
v 1.752185 1.766234 -0.366137
v 1.752185 1.646645 -0.654849
v 1.877185 2.364177 1.077425
v 1.877185 2.244589 0.788712
v -0.935316 1.885822 -0.077425
v -0.935316 1.547575 0.260823
v -0.685316 2.991137 0.858766
v -0.685316 2.702425 0.739177
v -0.685316 2.364177 1.077425
v -0.685316 2.483766 1.366137
v 1.627185 1.258862 0.141234
v 1.627185 1.547575 0.260823
v 1.627185 1.547575 0.739177
v 1.627185 1.258862 0.858766
v 1.627185 1.885823 1.077425
v 1.627185 1.766234 1.366137
v 1.877185 1.547575 0.260823
v 1.877185 1.836287 0.380411
v 1.877185 1.836287 0.619589
v 1.877185 1.547575 0.739177
v 1.627185 2.483766 -0.366137
v 1.627185 2.364176 -0.077425
v 1.627185 1.885822 -0.077425
v 1.627185 1.766234 -0.366137
v -0.685316 1.766234 -0.366137
v -0.685316 1.885822 -0.077425
v -0.685316 2.364176 -0.077425
v -0.685316 2.483766 -0.366137
v -0.935316 2.364177 1.077425
v -0.685316 1.547575 0.739177
v -0.685316 1.885823 1.077425
v -0.935316 1.885823 1.077425
v -0.935316 1.547575 0.739177
v -0.685316 1.258862 0.858766
v -0.685316 1.258862 0.141234
v -0.810316 1.258862 0.141234
v -0.810316 1.258862 0.858766
v -0.685316 1.547575 0.260823
v -0.685316 1.766234 1.366137
v 1.877185 1.885823 1.077425
v 1.877185 2.005412 0.788712
v 1.752185 0.970150 0.021646
v 1.752185 1.258862 0.141234
v 1.752185 1.258862 0.858766
v 1.752185 0.970150 0.978354
v 1.627185 2.483766 1.366137
v 1.627185 2.364177 1.077425
v 1.752185 3.279850 0.021646
v 1.752185 2.991137 0.141234
v 1.752185 2.991137 0.858766
v 1.752185 1.766234 1.366137
v 1.752185 1.646646 1.654849
v -0.810316 2.603353 -0.654849
v -0.810316 2.483766 -0.366137
v -0.810316 2.991137 0.141234
v -0.810316 3.279850 0.021646
v -0.810316 1.766234 -0.366137
v -0.810316 1.646645 -0.654849
v -0.810316 1.766234 1.366137
v -0.810316 1.646646 1.654849
v -0.810316 2.991137 0.858766
v -0.810316 3.279850 0.978354
v 1.752185 2.483766 1.366137
v 2.252185 2.244589 0.788712
v 2.252185 2.413713 0.619589
v 2.252185 2.244589 0.211288
v 2.252185 2.005412 0.211288
v 2.252185 1.836287 0.619589
v 2.252185 2.005412 0.788712
v 2.252185 2.413713 0.380411
v 2.252185 1.836287 0.380411
v -0.685316 2.702425 0.260823
v -0.685316 2.991137 0.141234
v -0.810316 2.603354 1.654849
v -0.810316 2.483766 1.366137
v 2.502185 2.413713 0.380411
v 2.377185 2.413713 0.380411
v -0.560316 1.646646 1.654849
v -0.560316 1.598811 1.770334
v -0.810316 2.651188 -0.770334
v -0.810316 1.598809 -0.770334
v -0.560316 0.970150 0.978354
v -0.560316 0.854665 1.026190
v -0.810316 1.598811 1.770334
v -0.810316 2.651190 1.770334
v -0.560316 3.279850 0.021646
v -0.560316 2.603353 -0.654849
v -0.560316 2.651188 -0.770334
v -0.560316 3.395335 -0.026190
v 1.502185 1.646645 -0.654849
v 0.564685 1.646645 -0.654849
v 0.564685 2.603353 -0.654849
v 1.502185 2.603353 -0.654849
v 0.377185 0.970150 0.978354
v -0.560316 0.970150 0.021646
v 0.377185 0.970150 0.021646
v 0.377185 1.646645 -0.654849
v -0.560316 1.646645 -0.654849
v 0.377185 2.603353 -0.654849
v 1.502185 3.279850 0.021646
v 0.564685 3.279850 0.021646
v 0.564685 3.279850 0.978354
v 1.502185 3.279850 0.978354
v 0.377185 3.279850 0.021646
v 0.377185 3.279850 0.978354
v 0.564685 2.603354 1.654849
v 1.502185 2.603354 1.654849
v 0.377185 2.603354 1.654849
v 1.502185 1.646646 1.654849
v 0.564685 1.646646 1.654849
v 0.564685 0.970150 0.978354
v 1.502185 0.970150 0.978354
v 0.377185 1.646646 1.654849
v 1.502185 0.970150 0.021646
v 0.564685 0.970150 0.021646
v 1.502185 0.854665 -0.026189
v 1.502185 0.854665 1.026190
v 1.502185 2.651188 -0.770334
v 1.502185 1.598809 -0.770334
v 1.502185 3.395335 1.026189
v 1.502185 3.395335 -0.026190
v 1.752185 0.854665 -0.026189
v 1.752185 1.598809 -0.770334
v 1.752185 2.651188 -0.770334
v 1.752185 3.395335 -0.026190
v 1.502185 1.598811 1.770334
v 1.502185 2.651190 1.770334
v 1.752185 1.598811 1.770334
v 1.752185 0.854665 1.026190
v -0.810316 3.395335 -0.026190
v -0.810316 3.395335 1.026189
v -0.560316 1.598809 -0.770334
v -0.560316 0.854665 -0.026189
v 0.377185 2.627271 -0.712592
v 0.377185 1.622727 -0.712592
v 0.377185 0.912408 1.002272
v 0.377185 1.622728 1.712592
v 0.564685 1.622727 -0.712592
v 0.564685 2.627271 -0.712592
v 0.564685 1.622728 1.712592
v 0.564685 0.912408 1.002272
v 0.377185 3.337592 1.002272
v 0.377185 3.337592 -0.002272
v 0.377185 2.627272 1.712592
v 0.564685 3.337592 -0.002272
v 0.564685 3.337592 1.002272
v 0.377185 0.912408 -0.002272
v 0.564685 2.627272 1.712592
v 0.564685 0.912408 -0.002272
vn -0.0000 0.7071 0.7071
vn -0.0000 -0.7071 -0.7071
vn 1.0000 -0.0000 -0.0000
vn -0.0000 1.0000 -0.0000
vn -0.0000 -1.0000 -0.0000
vn -0.0000 0.7071 -0.7071
vn -0.0000 -0.7071 0.7071
vn -0.0000 -0.0000 -1.0000
vn -0.0000 -0.0000 1.0000
vn -1.0000 -0.0000 -0.0000
vn -0.0000 0.9864 0.1644
vn -0.0000 -0.9864 0.1644
vn -0.0000 0.1644 -0.9864
vn -0.0000 0.1644 0.9864
vn -0.0000 -0.1644 -0.9864
vn -0.0000 -0.1644 0.9864
vn -0.0000 0.9864 -0.1644
vn -0.0000 -0.9864 -0.1644
vn -0.0000 0.5812 -0.8137
vn -0.0000 -0.8137 0.5812
vn -0.0000 0.5812 0.8137
vn -0.0000 -0.8137 -0.5812
vn -0.0000 -0.5812 0.8137
vn -0.0000 0.8137 -0.5812
vn -0.0000 -0.5812 -0.8137
vn -0.0000 0.8137 0.5812
vt 0.214844 0.937500
vt 0.199219 0.937500
vt 0.199219 0.894531
vt 0.214844 0.894531
vt 0.519531 0.667969
vt 0.503906 0.667969
vt 0.503906 0.640625
vt 0.519531 0.640625
vt 0.324219 0.738281
vt 0.320312 0.722656
vt 0.355469 0.722656
vt 0.351562 0.738281
vt 0.097656 0.714844
vt 0.082031 0.714844
vt 0.082031 0.679688
vt 0.097656 0.679688
vt 0.085938 0.914062
vt 0.101562 0.914062
vt 0.101562 0.941406
vt 0.085938 0.941406
vt 0.289062 0.652344
vt 0.292969 0.636719
vt 0.257812 0.636719
vt 0.261719 0.652344
vt 0.292969 0.671875
vt 0.308594 0.671875
vt 0.308594 0.714844
vt 0.292969 0.714844
vt 0.351562 0.468750
vt 0.367188 0.468750
vt 0.367188 0.496094
vt 0.351562 0.496094
vt 0.261719 0.667969
vt 0.257812 0.652344
vt 0.292969 0.652344
vt 0.289062 0.667969
vt 0.347656 0.902344
vt 0.363281 0.902344
vt 0.363281 0.937500
vt 0.347656 0.937500
vt 0.046875 0.683594
vt 0.062500 0.683594
vt 0.062500 0.710938
vt 0.046875 0.710938
vt 0.300781 0.652344
vt 0.296875 0.636719
vt 0.332031 0.636719
vt 0.328125 0.652344
vt 0.378906 0.785156
vt 0.394531 0.785156
vt 0.394531 0.828125
vt 0.378906 0.828125
vt 0.371094 0.468750
vt 0.386719 0.468750
vt 0.386719 0.496094
vt 0.371094 0.496094
vt 0.300781 0.667969
vt 0.296875 0.652344
vt 0.332031 0.652344
vt 0.328125 0.667969
vt 0.230469 0.550781
vt 0.214844 0.550781
vt 0.214844 0.515625
vt 0.230469 0.515625
vt 0.500000 0.691406
vt 0.515625 0.691406
vt 0.515625 0.718750
vt 0.500000 0.718750
vt 0.261719 0.722656
vt 0.257812 0.707031
vt 0.292969 0.707031
vt 0.289062 0.722656
vt 0.496094 0.734375
vt 0.480469 0.734375
vt 0.480469 0.691406
vt 0.496094 0.691406
vt 0.347656 0.496094
vt 0.332031 0.496094
vt 0.332031 0.468750
vt 0.347656 0.468750
vt 0.261719 0.738281
vt 0.257812 0.722656
vt 0.292969 0.722656
vt 0.289062 0.738281
vt 0.503906 0.562500
vt 0.488281 0.562500
vt 0.488281 0.527344
vt 0.503906 0.527344
vt 0.515625 0.593750
vt 0.500000 0.593750
vt 0.500000 0.566406
vt 0.515625 0.566406
vt 0.324219 0.722656
vt 0.320312 0.707031
vt 0.355469 0.707031
vt 0.351562 0.722656
vt 0.367188 0.640625
vt 0.363281 0.625000
vt 0.398438 0.625000
vt 0.394531 0.640625
vt 0.398438 0.851562
vt 0.394531 0.835938
vt 0.429688 0.835938
vt 0.425781 0.851562
vt 0.398438 0.835938
vt 0.394531 0.820312
vt 0.429688 0.820312
vt 0.425781 0.835938
vt 0.386719 0.781250
vt 0.382812 0.765625
vt 0.417969 0.765625
vt 0.414062 0.781250
vt 0.386719 0.765625
vt 0.382812 0.750000
vt 0.417969 0.750000
vt 0.414062 0.765625
vt 0.343750 0.773438
vt 0.339844 0.757812
vt 0.375000 0.757812
vt 0.371094 0.773438
vt 0.343750 0.757812
vt 0.339844 0.742188
vt 0.375000 0.742188
vt 0.371094 0.757812
vt 0.367188 0.656250
vt 0.363281 0.640625
vt 0.398438 0.640625
vt 0.394531 0.656250
vt 0.378906 0.710938
vt 0.359375 0.730469
vt 0.359375 0.660156
vt 0.378906 0.679688
vt 0.093750 0.765625
vt 0.093750 0.835938
vt 0.062500 0.835938
vt 0.062500 0.765625
vt 0.246094 0.542969
vt 0.246094 0.613281
vt 0.226562 0.593750
vt 0.226562 0.562500
vt 0.464844 0.855469
vt 0.445312 0.875000
vt 0.445312 0.804688
vt 0.464844 0.824219
vt 0.093750 0.535156
vt 0.093750 0.605469
vt 0.062500 0.605469
vt 0.062500 0.535156
vt 0.152344 0.550781
vt 0.152344 0.621094
vt 0.132812 0.601562
vt 0.132812 0.570312
vt 0.191406 0.882812
vt 0.207031 0.882812
vt 0.207031 0.890625
vt 0.191406 0.890625
vt 0.105469 0.867188
vt 0.089844 0.867188
vt 0.089844 0.855469
vt 0.105469 0.855469
vt 0.439453 0.875000
vt 0.431641 0.875000
vt 0.429688 0.863281
vt 0.441406 0.863281
vt 0.439453 0.859375
vt 0.431641 0.859375
vt 0.429688 0.847656
vt 0.441406 0.847656
vt 0.511719 1.000000
vt 0.527344 1.000000
vt 0.527344 0.988281
vt 0.511719 0.988281
vt 0.511719 0.972656
vt 0.527344 0.972656
vt 0.527344 0.984375
vt 0.511719 0.984375
vt 0.210938 0.882812
vt 0.226562 0.882812
vt 0.226562 0.890625
vt 0.210938 0.890625
vt 0.199219 0.808594
vt 0.183594 0.808594
vt 0.183594 0.796875
vt 0.199219 0.796875
vt 0.455078 0.800781
vt 0.447266 0.800781
vt 0.445312 0.789062
vt 0.457031 0.789062
vt 0.107422 0.464844
vt 0.099609 0.464844
vt 0.097656 0.453125
vt 0.109375 0.453125
vt 0.511719 0.968750
vt 0.527344 0.968750
vt 0.527344 0.957031
vt 0.511719 0.957031
vt 0.511719 0.941406
vt 0.527344 0.941406
vt 0.527344 0.953125
vt 0.511719 0.953125
vt 0.039062 0.765625
vt 0.054688 0.765625
vt 0.054688 0.773438
vt 0.039062 0.773438
vt 0.019531 0.761719
vt 0.035156 0.761719
vt 0.035156 0.773438
vt 0.019531 0.773438
vt 0.455078 0.785156
vt 0.447266 0.785156
vt 0.445312 0.773438
vt 0.457031 0.773438
vt 0.470703 0.953125
vt 0.462891 0.953125
vt 0.460938 0.941406
vt 0.472656 0.941406
vt 0.527344 0.937500
vt 0.511719 0.937500
vt 0.511719 0.925781
vt 0.527344 0.925781
vt 0.511719 0.910156
vt 0.527344 0.910156
vt 0.527344 0.921875
vt 0.511719 0.921875
vt 0.281250 0.765625
vt 0.296875 0.765625
vt 0.296875 0.773438
vt 0.281250 0.773438
vt 0.179688 0.750000
vt 0.195312 0.750000
vt 0.195312 0.761719
vt 0.179688 0.761719
vt 0.439453 0.476562
vt 0.431641 0.476562
vt 0.429688 0.464844
vt 0.441406 0.464844
vt 0.541016 0.984375
vt 0.533203 0.984375
vt 0.531250 0.972656
vt 0.542969 0.972656
vt 0.492188 0.488281
vt 0.476562 0.488281
vt 0.476562 0.476562
vt 0.492188 0.476562
vt 0.515625 0.894531
vt 0.531250 0.894531
vt 0.531250 0.906250
vt 0.515625 0.906250
vt 0.308594 0.742188
vt 0.308594 0.750000
vt 0.292969 0.750000
vt 0.292969 0.742188
vt 0.214844 0.750000
vt 0.214844 0.761719
vt 0.199219 0.761719
vt 0.199219 0.750000
vt 0.531250 0.957031
vt 0.533203 0.968750
vt 0.541016 0.968750
vt 0.542969 0.957031
vt 0.531250 0.941406
vt 0.533203 0.953125
vt 0.541016 0.953125
vt 0.542969 0.941406
vt 0.515625 0.878906
vt 0.515625 0.890625
vt 0.531250 0.890625
vt 0.531250 0.878906
vt 0.531250 0.875000
vt 0.531250 0.863281
vt 0.515625 0.863281
vt 0.515625 0.875000
vt 0.312500 0.960938
vt 0.312500 0.968750
vt 0.296875 0.968750
vt 0.296875 0.960938
vt 0.261719 0.988281
vt 0.261719 1.000000
vt 0.246094 1.000000
vt 0.246094 0.988281
vt 0.527344 0.457031
vt 0.529297 0.468750
vt 0.537109 0.468750
vt 0.539062 0.457031
vt 0.535156 0.894531
vt 0.537109 0.906250
vt 0.544922 0.906250
vt 0.546875 0.894531
vt 0.515625 0.847656
vt 0.515625 0.859375
vt 0.531250 0.859375
vt 0.531250 0.847656
vt 0.531250 0.843750
vt 0.531250 0.832031
vt 0.515625 0.832031
vt 0.515625 0.843750
vt 0.296875 0.878906
vt 0.296875 0.871094
vt 0.312500 0.871094
vt 0.312500 0.878906
vt 0.312500 0.914062
vt 0.312500 0.925781
vt 0.296875 0.925781
vt 0.296875 0.914062
vt 0.542969 0.925781
vt 0.541016 0.937500
vt 0.533203 0.937500
vt 0.531250 0.925781
vt 0.542969 0.910156
vt 0.541016 0.921875
vt 0.533203 0.921875
vt 0.531250 0.910156
vt 0.515625 0.816406
vt 0.515625 0.828125
vt 0.531250 0.828125
vt 0.531250 0.816406
vt 0.515625 0.812500
vt 0.515625 0.800781
vt 0.531250 0.800781
vt 0.531250 0.812500
vt 0.300781 0.773438
vt 0.300781 0.765625
vt 0.316406 0.765625
vt 0.316406 0.773438
vt 0.347656 0.621094
vt 0.347656 0.632812
vt 0.332031 0.632812
vt 0.332031 0.621094
vt 0.507812 0.457031
vt 0.505859 0.468750
vt 0.498047 0.468750
vt 0.496094 0.457031
vt 0.523438 0.457031
vt 0.521484 0.468750
vt 0.513672 0.468750
vt 0.511719 0.457031
vt 0.515625 0.785156
vt 0.515625 0.796875
vt 0.531250 0.796875
vt 0.531250 0.785156
vt 0.515625 0.781250
vt 0.515625 0.769531
vt 0.531250 0.769531
vt 0.531250 0.781250
vt 0.312500 0.750000
vt 0.312500 0.742188
vt 0.328125 0.742188
vt 0.328125 0.750000
vt 0.511719 0.472656
vt 0.511719 0.484375
vt 0.496094 0.484375
vt 0.496094 0.472656
vt 0.476563 0.460938
vt 0.478516 0.472656
vt 0.486328 0.472656
vt 0.488281 0.460938
vt 0.289062 0.687500
vt 0.287109 0.699219
vt 0.279297 0.699219
vt 0.277344 0.687500
vt 0.457031 0.460938
vt 0.457031 0.472656
vt 0.472656 0.472656
vt 0.472656 0.460938
vt 0.535156 0.621094
vt 0.535156 0.609375
vt 0.519531 0.609375
vt 0.519531 0.621094
vt 0.527344 0.496094
vt 0.527344 0.488281
vt 0.542969 0.488281
vt 0.542969 0.496094
vt 0.531250 0.472656
vt 0.531250 0.484375
vt 0.515625 0.484375
vt 0.515625 0.472656
vt 0.132813 0.453125
vt 0.134766 0.464844
vt 0.142578 0.464844
vt 0.144531 0.453125
vt 0.546875 0.847656
vt 0.544922 0.859375
vt 0.537109 0.859375
vt 0.535156 0.847656
vt 0.410156 0.464844
vt 0.410156 0.476562
vt 0.425781 0.476562
vt 0.425781 0.464844
vt 0.535156 0.558594
vt 0.535156 0.546875
vt 0.519531 0.546875
vt 0.519531 0.558594
vt 0.316406 0.960938
vt 0.332031 0.960938
vt 0.332031 0.968750
vt 0.316406 0.968750
vt 0.535156 0.703125
vt 0.519531 0.703125
vt 0.519531 0.691406
vt 0.535156 0.691406
vt 0.544922 0.890625
vt 0.537109 0.890625
vt 0.535156 0.878906
vt 0.546875 0.878906
vt 0.531250 0.511719
vt 0.539062 0.511719
vt 0.541016 0.500000
vt 0.529297 0.500000
vt 0.523438 0.656250
vt 0.539062 0.656250
vt 0.539062 0.644531
vt 0.523438 0.644531
vt 0.535156 0.593750
vt 0.519531 0.593750
vt 0.519531 0.605469
vt 0.535156 0.605469
vt 0.320312 0.457031
vt 0.335938 0.457031
vt 0.335938 0.464844
vt 0.320312 0.464844
vt 0.535156 0.765625
vt 0.519531 0.765625
vt 0.519531 0.753906
vt 0.535156 0.753906
vt 0.544922 0.843750
vt 0.537109 0.843750
vt 0.535156 0.832031
vt 0.546875 0.832031
vt 0.537110 0.828125
vt 0.544922 0.828125
vt 0.546875 0.816406
vt 0.535156 0.816406
vt 0.000000 0.472656
vt 0.015625 0.472656
vt 0.015625 0.460938
vt 0.000000 0.460938
vt 0.535156 0.531250
vt 0.519531 0.531250
vt 0.519531 0.542969
vt 0.535156 0.542969
vt 0.332031 0.871094
vt 0.332031 0.878906
vt 0.316406 0.878906
vt 0.316406 0.871094
vt 0.519531 0.636719
vt 0.519531 0.625000
vt 0.535156 0.625000
vt 0.535156 0.636719
vt 0.546875 0.863281
vt 0.544922 0.875000
vt 0.537109 0.875000
vt 0.535156 0.863281
vt 0.144531 0.894531
vt 0.142578 0.906250
vt 0.134766 0.906250
vt 0.132812 0.894531
vt 0.406250 0.464844
vt 0.406250 0.476562
vt 0.390625 0.476562
vt 0.390625 0.464844
vt 0.519531 0.589844
vt 0.519531 0.578125
vt 0.535156 0.578125
vt 0.535156 0.589844
vt 0.355469 0.457031
vt 0.355469 0.464844
vt 0.339844 0.464844
vt 0.339844 0.457031
vt 0.519531 0.750000
vt 0.519531 0.738281
vt 0.535156 0.738281
vt 0.535156 0.750000
vt 0.546875 0.800781
vt 0.544922 0.812500
vt 0.537109 0.812500
vt 0.535156 0.800781
vt 0.546875 0.785156
vt 0.544922 0.796875
vt 0.537109 0.796875
vt 0.535156 0.785156
vt 0.035156 0.460938
vt 0.035156 0.472656
vt 0.019531 0.472656
vt 0.019531 0.460938
vt 0.523438 0.687500
vt 0.523438 0.675781
vt 0.539062 0.675781
vt 0.539062 0.687500
vt 0.335938 0.773438
vt 0.320312 0.773438
vt 0.320312 0.765625
vt 0.335938 0.765625
vt 0.519531 0.722656
vt 0.535156 0.722656
vt 0.535156 0.734375
vt 0.519531 0.734375
vt 0.373047 0.812500
vt 0.365234 0.812500
vt 0.363281 0.800781
vt 0.375000 0.800781
vt 0.542969 1.000000
vt 0.535156 1.000000
vt 0.533203 0.988281
vt 0.544922 0.988281
vt 0.542969 0.527344
vt 0.527344 0.527344
vt 0.527344 0.515625
vt 0.542969 0.515625
vt 0.519531 0.562500
vt 0.535156 0.562500
vt 0.535156 0.574219
vt 0.519531 0.574219
vt 0.375000 0.464844
vt 0.359375 0.464844
vt 0.359375 0.457031
vt 0.375000 0.457031
vt 0.519531 0.707031
vt 0.535156 0.707031
vt 0.535156 0.718750
vt 0.519531 0.718750
vt 0.544922 0.781250
vt 0.537109 0.781250
vt 0.535156 0.769531
vt 0.546875 0.769531
vt 0.244140 0.464844
vt 0.236328 0.464844
vt 0.234375 0.453125
vt 0.246094 0.453125
vt 0.054688 0.472656
vt 0.039062 0.472656
vt 0.039062 0.460938
vt 0.054688 0.460938
vt 0.523438 0.660156
vt 0.539062 0.660156
vt 0.539062 0.671875
vt 0.523438 0.671875
vt 0.071614 0.938802
vt 0.071614 0.949219
vt 0.061198 0.949219
vt 0.061198 0.938802
vt 0.184896 0.927083
vt 0.184896 0.937500
vt 0.174479 0.937500
vt 0.174479 0.927083
vt 0.398438 0.738281
vt 0.398438 0.750000
vt 0.382812 0.738281
vt 0.152344 0.535156
vt 0.152344 0.546875
vt 0.136719 0.546875
vt 0.136719 0.535156
vt 0.184896 0.906250
vt 0.184896 0.916667
vt 0.174479 0.916667
vt 0.174479 0.906250
vt 0.195312 0.916667
vt 0.195312 0.927083
vt 0.071614 0.917969
vt 0.071614 0.928386
vt 0.061198 0.928386
vt 0.061198 0.917969
vt 0.082031 0.928386
vt 0.082031 0.938802
vt 0.507812 0.515625
vt 0.507812 0.503906
vt 0.523438 0.503906
vt 0.523438 0.515625
vt 0.523438 0.488281
vt 0.523438 0.500000
vt 0.507812 0.500000
vt 0.507812 0.488281
vt 0.050781 0.938802
vt 0.050781 0.928386
vt 0.343750 0.636719
vt 0.359375 0.636719
vt 0.359375 0.652344
vt 0.343750 0.652344
vt 0.164062 0.927083
vt 0.164062 0.916667
vt 0.105469 0.636719
vt 0.089844 0.636719
vt 0.089844 0.621094
vt 0.105469 0.621094
vt 0.015625 0.628906
vt 0.000000 0.628906
vt 0.000000 0.613281
vt 0.015625 0.613281
vt 0.457031 0.476562
vt 0.472656 0.476562
vt 0.472656 0.492188
vt 0.457031 0.492188
vt 0.299166 0.938987
vt 0.314115 0.938987
vt 0.321589 0.957031
vt 0.291692 0.957031
vt 0.500000 0.632812
vt 0.500000 0.648438
vt 0.460938 0.648438
vt 0.460938 0.632812
vt 0.015625 0.890625
vt 0.015625 0.949219
vt 0.007812 0.953125
vt 0.007812 0.886719
vt 0.234375 0.609375
vt 0.234375 0.625000
vt 0.226562 0.625000
vt 0.226562 0.609375
vt 0.227163 0.727332
vt 0.167368 0.727332
vt 0.164379 0.720114
vt 0.230152 0.720114
vt 0.242275 0.950501
vt 0.284556 0.992782
vt 0.281566 1.000000
vt 0.235057 0.953491
vt 0.222656 0.558594
vt 0.222656 0.574219
vt 0.214844 0.574219
vt 0.214844 0.558594
vt 0.386719 0.449219
vt 0.386719 0.464844
vt 0.378906 0.464844
vt 0.378906 0.449219
vt 0.273438 0.464844
vt 0.273438 0.449219
vt 0.281250 0.449219
vt 0.281250 0.464844
vt 0.304688 0.449219
vt 0.304688 0.464844
vt 0.296875 0.464844
vt 0.296875 0.449219
vt 0.332031 0.578125
vt 0.332031 0.562500
vt 0.371094 0.562500
vt 0.371094 0.578125
vt 0.085938 0.621094
vt 0.085938 0.636719
vt 0.046875 0.636719
vt 0.046875 0.621094
vt 0.480469 0.687500
vt 0.480469 0.671875
vt 0.519531 0.671875
vt 0.519531 0.687500
vt 0.289062 0.636719
vt 0.289062 0.621094
vt 0.328125 0.621094
vt 0.328125 0.636719
vt 0.500000 0.652344
vt 0.500000 0.667969
vt 0.460938 0.667969
vt 0.460938 0.652344
vt 0.386719 0.871094
vt 0.386719 0.855469
vt 0.425781 0.855469
vt 0.425781 0.871094
vt 0.200834 0.821799
vt 0.211404 0.811229
vt 0.229448 0.818703
vt 0.208308 0.839844
vt 0.185885 0.821799
vt 0.178411 0.839844
vt 0.211404 0.796280
vt 0.229448 0.788806
vt 0.270552 0.935891
vt 0.288596 0.928416
vt 0.059270 0.731955
vt 0.089167 0.731955
vt 0.096642 0.750000
vt 0.051796 0.750000
vt 0.386631 0.950501
vt 0.368587 0.943027
vt 0.368587 0.898181
vt 0.386631 0.890707
vt 0.157270 0.818703
vt 0.175315 0.811229
vt 0.299166 0.902898
vt 0.288596 0.913468
vt 0.270552 0.905994
vt 0.291692 0.884853
vt 0.096642 0.980469
vt 0.089167 0.962424
vt 0.110308 0.941284
vt 0.128352 0.948758
vt 0.096642 0.641733
vt 0.089167 0.659777
vt 0.059270 0.659777
vt 0.051796 0.641733
vt 0.038130 0.680918
vt 0.020085 0.673443
vt 0.208308 0.767666
vt 0.200834 0.785710
vt 0.185885 0.785710
vt 0.178411 0.767666
vt 0.128352 0.718289
vt 0.110308 0.710815
vt 0.110308 0.680918
vt 0.128352 0.673443
vt 0.020085 0.903912
vt 0.038130 0.911387
vt 0.038130 0.941284
vt 0.020085 0.948758
vt 0.324685 0.928416
vt 0.342730 0.935891
vt 0.511719 0.863281
vt 0.511719 0.894531
vt 0.496094 0.894531
vt 0.496094 0.863281
vt 0.511719 0.828125
vt 0.511719 0.859375
vt 0.496094 0.859375
vt 0.496094 0.828125
vt 0.000000 0.773438
vt 0.000000 0.742188
vt 0.015625 0.742188
vt 0.015625 0.773438
vt 0.140625 0.910156
vt 0.140625 0.953125
vt 0.132812 0.953125
vt 0.132812 0.910156
vt 0.242188 0.968750
vt 0.242188 1.000000
vt 0.226562 1.000000
vt 0.226562 0.968750
vt 0.128352 0.903912
vt 0.110308 0.911387
vt 0.089167 0.890246
vt 0.096642 0.872202
vt 0.157270 0.788806
vt 0.175315 0.796280
vt 0.344350 0.848426
vt 0.336876 0.866470
vt 0.292030 0.866470
vt 0.284556 0.848426
vt 0.020085 0.718289
vt 0.038130 0.710815
vt 0.344350 0.992782
vt 0.336876 0.974738
vt 0.292030 0.974738
vt 0.260320 0.898181
vt 0.242275 0.890707
vt 0.125087 0.829407
vt 0.143132 0.821933
vt 0.174843 0.853644
vt 0.167368 0.871688
vt 0.143132 0.777087
vt 0.125087 0.769613
vt 0.174843 0.745377
vt 0.251399 0.777087
vt 0.219689 0.745377
vt 0.269444 0.769613
vt 0.321589 0.884853
vt 0.314115 0.902898
vt 0.219689 0.853644
vt 0.227163 0.871688
vt 0.312500 0.707031
vt 0.312500 0.675781
vt 0.328125 0.675781
vt 0.328125 0.707031
vt 0.218750 0.937500
vt 0.218750 0.894531
vt 0.226562 0.894531
vt 0.226562 0.937500
vt 0.234375 0.820312
vt 0.234375 0.777344
vt 0.242188 0.777344
vt 0.242188 0.820312
vt 0.398438 0.820312
vt 0.398438 0.789062
vt 0.414062 0.789062
vt 0.414062 0.820312
vt 0.488281 0.523438
vt 0.488281 0.492188
vt 0.503906 0.492188
vt 0.503906 0.523438
vt 0.132812 0.714844
vt 0.132812 0.671875
vt 0.140625 0.671875
vt 0.140625 0.714844
vt 0.171875 0.449219
vt 0.171875 0.492188
vt 0.164062 0.492188
vt 0.164062 0.449219
vt 0.394531 0.984375
vt 0.394531 1.000000
vt 0.371094 1.000000
vt 0.371094 0.984375
vt 0.000000 1.000000
vt 0.000000 0.984375
vt 0.023438 0.984375
vt 0.023438 1.000000
vt 0.414062 0.480469
vt 0.414062 0.496094
vt 0.390625 0.496094
vt 0.390625 0.480469
vt 0.433594 0.769531
vt 0.433594 0.753906
vt 0.457031 0.753906
vt 0.457031 0.769531
vt 0.160156 0.984375
vt 0.160156 1.000000
vt 0.136719 1.000000
vt 0.136719 0.984375
vt 0.023438 0.839844
vt 0.023438 0.855469
vt 0.000000 0.855469
vt 0.000000 0.839844
vt 0.059270 0.962424
vt 0.051796 0.980469
vt 0.269444 0.829407
vt 0.251399 0.821933
vt 0.342730 0.905994
vt 0.324685 0.913468
vt 0.257812 0.558594
vt 0.257812 0.601562
vt 0.250000 0.601562
vt 0.250000 0.558594
vt 0.507812 0.968750
vt 0.507812 1.000000
vt 0.492188 1.000000
vt 0.492188 0.968750
vt 0.332031 0.597656
vt 0.332031 0.582031
vt 0.371094 0.582031
vt 0.371094 0.597656
vt 0.308594 0.464844
vt 0.308594 0.449219
vt 0.316406 0.449219
vt 0.316406 0.464844
vt 0.292969 0.449219
vt 0.292969 0.464844
vt 0.285156 0.464844
vt 0.285156 0.449219
vt 0.059270 0.890246
vt 0.051796 0.872202
vt 0.260320 0.943027
vt 0.152344 0.917969
vt 0.152344 0.976562
vt 0.144531 0.980469
vt 0.144531 0.914062
vt 0.187500 0.886719
vt 0.187500 0.902344
vt 0.164062 0.902344
vt 0.164062 0.886719
vt 0.058594 0.460938
vt 0.058594 0.445312
vt 0.066406 0.445312
vt 0.066406 0.460938
vt 0.117870 0.832397
vt 0.117870 0.766623
vt 0.160156 0.917969
vt 0.160156 0.976562
vt 0.152344 0.980469
vt 0.152344 0.914062
vt 0.276661 0.766623
vt 0.276661 0.832397
vt 0.156250 0.636719
vt 0.156250 0.695312
vt 0.148438 0.699219
vt 0.148438 0.632812
vt 0.468750 0.957031
vt 0.468750 1.000000
vt 0.460938 1.000000
vt 0.460938 0.957031
vt 0.507812 0.933594
vt 0.507812 0.964844
vt 0.492188 0.964844
vt 0.492188 0.933594
vt 0.496094 0.824219
vt 0.496094 0.792969
vt 0.511719 0.792969
vt 0.511719 0.824219
vt 0.218750 0.449219
vt 0.218750 0.492188
vt 0.210938 0.492188
vt 0.210938 0.449219
vt 0.222656 0.492188
vt 0.222656 0.449219
vt 0.230469 0.449219
vt 0.230469 0.492188
vt 0.175781 0.492188
vt 0.175781 0.449219
vt 0.183594 0.449219
vt 0.183594 0.492188
vt 0.148438 0.468750
vt 0.148438 0.500000
vt 0.132812 0.500000
vt 0.132812 0.468750
vt 0.515625 0.722656
vt 0.515625 0.753906
vt 0.500000 0.753906
vt 0.500000 0.722656
vt 0.507812 0.562500
vt 0.507812 0.519531
vt 0.515625 0.519531
vt 0.515625 0.562500
vt 0.468750 0.867188
vt 0.468750 0.824219
vt 0.476562 0.824219
vt 0.476562 0.867188
vt 0.195312 0.449219
vt 0.195312 0.492188
vt 0.187500 0.492188
vt 0.187500 0.449219
vt 0.417969 0.496094
vt 0.417969 0.480469
vt 0.441406 0.480469
vt 0.441406 0.496094
vt 0.496094 0.789062
vt 0.496094 0.757812
vt 0.511719 0.757812
vt 0.511719 0.789062
vt 0.500000 0.628906
vt 0.500000 0.597656
vt 0.515625 0.597656
vt 0.515625 0.628906
vt 0.160156 0.449219
vt 0.160156 0.492188
vt 0.152344 0.492188
vt 0.152344 0.449219
vt 0.453125 0.449219
vt 0.453125 0.492188
vt 0.445312 0.492188
vt 0.445312 0.449219
vt 0.507812 0.898438
vt 0.507812 0.929688
vt 0.492188 0.929688
vt 0.492188 0.898438
vt 0.238281 0.500000
vt 0.238281 0.468750
vt 0.253906 0.468750
vt 0.253906 0.500000
vt 0.199219 0.492188
vt 0.199219 0.449219
vt 0.207031 0.449219
vt 0.207031 0.492188
vt 0.048362 0.867188
vt 0.058932 0.855469
vt 0.073881 0.855469
vt 0.084451 0.867188
vt 0.056174 0.910156
vt 0.066745 0.898438
vt 0.081693 0.898438
vt 0.092263 0.910156
vt 0.000000 0.777344
vt 0.058594 0.777344
vt 0.058594 0.835938
vt 0.000000 0.835938
vt 0.457031 0.937500
vt 0.398438 0.937500
vt 0.398438 0.878906
vt 0.457031 0.878906
vt 0.402344 0.691406
vt 0.460938 0.691406
vt 0.460938 0.750000
vt 0.402344 0.750000
vt 0.164062 1.000000
vt 0.222656 1.000000
vt 0.222656 0.941406
vt 0.164062 0.941406
vt 0.269531 0.597656
vt 0.328125 0.597656
vt 0.328125 0.539062
vt 0.269531 0.539062
vt 0.398438 0.941406
vt 0.457031 0.941406
vt 0.457031 1.000000
vt 0.398438 1.000000
vt 0.390625 0.500000
vt 0.449219 0.500000
vt 0.449219 0.558594
vt 0.390625 0.558594
vt 0.378906 0.621094
vt 0.378906 0.562500
vt 0.437500 0.562500
vt 0.437500 0.621094
vt 0.332031 0.558594
vt 0.332031 0.500000
vt 0.058594 0.605469
vt 0.000000 0.605469
vt 0.000000 0.546875
vt 0.058594 0.546875
vt 0.500000 0.625000
vt 0.441406 0.625000
vt 0.441406 0.566406
vt 0.460938 0.687500
vt 0.402344 0.687500
vt 0.402344 0.628906
vt 0.460938 0.628906
vt 0.339844 0.835938
vt 0.281250 0.835938
vt 0.281250 0.777344
vt 0.339844 0.777344
vt 0.164062 0.578125
vt 0.222656 0.578125
vt 0.222656 0.636719
vt 0.164062 0.636719
vt 0.085938 0.398438
vt 0.085938 0.457031
vt 0.078125 0.460938
vt 0.078125 0.394531
vt 0.117188 0.542969
vt 0.117188 0.601562
vt 0.109375 0.605469
vt 0.109375 0.539062
vt 0.246094 0.656250
vt 0.246094 0.714844
vt 0.238281 0.718750
vt 0.238281 0.652344
vt 0.347340 0.841208
vt 0.393849 0.887717
vt 0.253906 0.656250
vt 0.253906 0.714844
vt 0.246094 0.718750
vt 0.246094 0.652344
vt 0.393849 0.953491
vt 0.347340 1.000000
vt 0.093750 0.398438
vt 0.093750 0.457031
vt 0.085938 0.460938
vt 0.085938 0.394531
vt 0.460938 0.738281
vt 0.460938 0.671875
vt 0.476562 0.671875
vt 0.476562 0.738281
vt 0.113281 0.835938
vt 0.097656 0.835938
vt 0.097656 0.769531
vt 0.113281 0.769531
vt 0.328125 0.535156
vt 0.312500 0.535156
vt 0.312500 0.468750
vt 0.328125 0.468750
vt 0.078125 0.464844
vt 0.093750 0.464844
vt 0.093750 0.531250
vt 0.078125 0.531250
vt 0.113281 0.605469
vt 0.097656 0.605469
vt 0.097656 0.539062
vt 0.113281 0.539062
vt 0.449219 0.496094
vt 0.464844 0.496094
vt 0.464844 0.562500
vt 0.449219 0.562500
vt 0.015625 0.542969
vt 0.000000 0.542969
vt 0.000000 0.476562
vt 0.015625 0.476562
vt 0.273438 0.468750
vt 0.289062 0.468750
vt 0.289062 0.535156
vt 0.273438 0.535156
vt 0.128906 0.542969
vt 0.128906 0.601562
vt 0.121094 0.605469
vt 0.121094 0.539062
vt 0.235057 0.887717
vt 0.398438 0.671875
vt 0.398438 0.730469
vt 0.390625 0.734375
vt 0.390625 0.667969
vt 0.390625 0.671875
vt 0.390625 0.730469
vt 0.382812 0.734375
vt 0.382812 0.667969
vt 0.281566 0.841208
vt 0.035156 0.542969
vt 0.019531 0.542969
vt 0.019531 0.476562
vt 0.035156 0.476562
vt 0.074219 0.531250
vt 0.058594 0.531250
vt 0.058594 0.464844
vt 0.074219 0.464844
vt 0.468750 0.496094
vt 0.484375 0.496094
vt 0.484375 0.562500
vt 0.468750 0.562500
vt 0.054688 0.542969
vt 0.039062 0.542969
vt 0.039062 0.476562
vt 0.054688 0.476562
vt 0.457031 0.871094
vt 0.472656 0.871094
vt 0.472656 0.937500
vt 0.476562 0.808594
vt 0.460938 0.808594
vt 0.460938 0.742188
vt 0.476562 0.742188
vt 0.292969 0.468750
vt 0.308594 0.468750
vt 0.308594 0.535156
vt 0.292969 0.535156
vt 0.097656 0.535156
vt 0.097656 0.468750
vt 0.113281 0.468750
vt 0.113281 0.535156
vt 0.230152 0.878906
vt 0.164379 0.878906
vt 0.015625 0.636719
vt 0.015625 0.695312
vt 0.007812 0.699219
vt 0.007812 0.632812
vt 0.007812 0.636719
vt 0.007812 0.695312
vt 0.000000 0.699219
vt 0.000000 0.632812
vt 0.148438 0.636719
vt 0.148438 0.695312
vt 0.140625 0.699219
vt 0.140625 0.632812
vt 0.007812 0.890625
vt 0.007812 0.949219
vt 0.000000 0.953125
vt 0.000000 0.886719
vt 0.226562 0.712891
vt 0.226562 0.654297
vt 0.230469 0.652344
vt 0.230469 0.714844
vt 0.121094 0.458984
vt 0.121094 0.517578
vt 0.117188 0.519531
vt 0.117188 0.457031
vt 0.222656 0.654297
vt 0.222656 0.712891
vt 0.218750 0.714844
vt 0.218750 0.652344
vt 0.125000 0.517578
vt 0.125000 0.458984
vt 0.128906 0.457031
vt 0.128906 0.519531
vt 0.074219 0.724609
vt 0.074219 0.666016
vt 0.078125 0.664062
vt 0.078125 0.726562
vt 0.480469 0.873047
vt 0.480469 0.931641
vt 0.476562 0.933594
vt 0.476562 0.871094
vt 0.070312 0.666016
vt 0.070312 0.724609
vt 0.066406 0.726562
vt 0.066406 0.664062
vt 0.214844 0.714844
vt 0.156250 0.714844
vt 0.156250 0.656250
vt 0.214844 0.656250
vt 0.152344 0.515625
vt 0.210938 0.515625
vt 0.210938 0.574219
vt 0.152344 0.574219
vt 0.488281 0.798828
vt 0.488281 0.740234
vt 0.492188 0.738281
vt 0.492188 0.800781
vt 0.480469 0.867188
vt 0.480469 0.804688
vt 0.492188 0.804688
vt 0.492188 0.867188
vt 0.257812 0.457031
vt 0.269531 0.457031
vt 0.269531 0.519531
vt 0.257812 0.519531
vt 0.488281 1.000000
vt 0.476562 1.000000
vt 0.476562 0.937500
vt 0.488281 0.937500
vt 0.480469 0.738281
vt 0.480469 0.800781
vt 0.488281 0.933594
vt 0.488281 0.871094
vt 0.484375 0.806641
vt 0.484375 0.865234
vt 0.480393 0.939269
vt 0.480393 0.998347
vt 0.488281 0.865234
vt 0.488281 0.806641
vt 0.484375 0.998047
vt 0.484375 0.939453
vt 0.261719 0.458984
vt 0.261719 0.517578
vt 0.484375 0.740234
vt 0.484375 0.798828
vt 0.265625 0.517578
vt 0.265625 0.458984
vt 0.484375 0.931641
vt 0.484375 0.873047
s 0
usemtl m_a5736c04-ae9e-ecd1-e2f5-2454776d30ef.001
f 394/633/127 395/634/127 396/635/127 397/636/127
f 398/637/128 399/638/128 400/639/128 401/640/128
f 399/641/129 394/642/129 397/643/129 400/644/129
f 402/645/130 403/646/130 395/647/130 394/648/130
f 404/649/131 405/650/131 399/651/131 398/652/131
f 405/653/129 402/654/129 394/655/129 399/656/129
f 406/657/132 407/658/132 403/659/132 402/660/132
f 408/661/133 409/662/133 405/663/133 404/664/133
f 409/665/129 406/666/129 402/667/129 405/668/129
f 410/669/134 411/670/134 407/671/134 406/672/134
f 412/673/135 413/674/135 409/675/135 408/676/135
f 413/677/129 410/678/129 406/679/129 409/680/129
f 414/681/128 415/682/128 411/683/128 410/684/128
f 416/685/127 417/686/127 413/687/127 412/688/127
f 417/689/129 414/690/129 410/691/129 413/692/129
f 418/693/131 419/694/131 415/695/131 414/696/131
f 420/697/130 421/698/130 417/699/130 416/700/130
f 421/701/129 418/702/129 414/703/129 417/704/129
f 422/705/133 423/706/133 419/707/133 418/708/133
f 424/709/132 425/710/132 421/711/132 420/712/132
f 425/713/129 422/714/129 418/715/129 421/716/129
f 397/717/135 396/718/135 423/719/135 422/720/135
f 401/721/134 400/722/134 425/723/134 424/724/134
f 400/725/129 397/726/129 422/727/129 425/728/129
f 426/729/136 427/730/136 428/731/136 429/732/136
f 430/733/136 431/734/136 427/735/136 426/736/136
f 432/737/136 433/738/136 431/739/136 430/740/136
f 434/741/136 435/742/136 433/743/136 432/744/136
f 436/745/136 437/746/136 435/747/136 434/748/136
f 438/749/136 439/750/136 437/751/136 436/752/136
f 440/753/136 441/754/136 439/755/136 438/756/136
f 429/757/136 428/758/136 441/759/136 440/760/136
f 442/761/129 443/762/129 444/763/129 445/764/129
f 446/765/129 447/766/129 448/767/129 449/768/129
f 450/769/129 451/770/129 452/771/129 453/772/129
f 454/773/136 455/774/136 456/775/136 457/776/136
f 458/777/136 459/778/136 460/779/136 461/780/136
f 462/781/136 463/782/136 464/783/136 465/784/136
f 466/785/135 467/786/135 468/787/135 469/788/135
f 470/789/134 471/790/134 472/791/134 473/792/134
f 468/793/129 467/794/129 472/795/129 471/796/129
f 466/797/136 469/798/136 470/799/136 473/800/136
f 469/801/137 468/802/137 471/803/137 470/804/137
f 473/805/138 472/806/138 467/807/138 466/808/138
f 474/809/135 475/810/135 476/811/135 477/812/135
f 478/813/134 479/814/134 480/815/134 481/816/134
f 476/817/129 475/818/129 480/819/129 479/820/129
f 474/821/136 477/822/136 478/823/136 481/824/136
f 477/825/137 476/826/137 479/827/137 478/828/137
f 481/829/138 480/830/138 475/831/138 474/832/138
f 482/833/130 483/834/130 484/835/130 485/836/130
f 486/837/131 487/838/131 488/839/131 489/840/131
f 484/841/129 483/842/129 488/843/129 487/844/129
f 482/845/136 485/846/136 486/847/136 489/848/136
f 485/849/139 484/850/139 487/851/139 486/852/139
f 489/853/140 488/854/140 483/855/140 482/856/140
f 490/857/130 491/858/130 492/859/130 493/860/130
f 494/861/131 495/862/131 496/863/131 497/864/131
f 492/865/129 491/866/129 496/867/129 495/868/129
f 490/869/136 493/870/136 494/871/136 497/872/136
f 493/873/139 492/874/139 495/875/139 494/876/139
f 497/877/140 496/878/140 491/879/140 490/880/140
f 498/881/131 499/882/131 500/883/131 501/884/131
f 502/885/130 503/886/130 504/887/130 505/888/130
f 502/889/129 499/890/129 498/891/129 503/892/129
f 504/893/136 501/894/136 500/895/136 505/896/136
f 503/897/141 498/898/141 501/899/141 504/900/141
f 499/901/142 502/902/142 505/903/142 500/904/142
f 506/905/131 507/906/131 508/907/131 509/908/131
f 510/909/130 511/910/130 512/911/130 513/912/130
f 510/913/129 507/914/129 506/915/129 511/916/129
f 512/917/136 509/918/136 508/919/136 513/920/136
f 511/921/141 506/922/141 509/923/141 512/924/141
f 507/925/142 510/926/142 513/927/142 508/928/142
f 514/929/134 515/930/134 516/931/134 517/932/134
f 518/933/135 519/934/135 520/935/135 521/936/135
f 518/937/129 515/938/129 514/939/129 519/940/129
f 520/941/136 517/942/136 516/943/136 521/944/136
f 519/945/143 514/946/143 517/947/143 520/948/143
f 515/949/144 518/950/144 521/951/144 516/952/144
f 522/953/134 523/954/134 524/955/134 525/956/134
f 526/957/135 527/958/135 528/959/135 529/960/135
f 526/961/129 523/962/129 522/963/129 527/964/129
f 528/965/136 525/966/136 524/967/136 529/968/136
f 527/969/143 522/970/143 525/971/143 528/972/143
f 523/973/144 526/974/144 529/975/144 524/976/144
f 530/977/128 531/978/128 532/979/128 533/980/128
f 534/981/127 535/982/127 536/983/127 537/984/127
f 534/985/129 531/986/129 530/987/129 535/988/129
f 536/989/136 533/990/136 532/991/136 537/992/136
f 535/993/145 530/994/145 533/995/145 536/996/145
f 531/997/146 534/998/146 537/999/146 532/1000/146
f 538/1001/128 539/1002/128 540/1003/128 541/1004/128
f 542/1005/127 543/1006/127 544/1007/127 545/1008/127
f 542/1009/129 539/1010/129 538/1011/129 543/1012/129
f 544/1013/136 541/1014/136 540/1015/136 545/1016/136
f 543/1017/145 538/1018/145 541/1019/145 544/1020/145
f 539/1021/146 542/1022/146 545/1023/146 540/1024/146
f 546/1025/133 547/1026/133 548/1027/133 549/1028/133
f 550/1029/132 551/1030/132 552/1031/132 553/1032/132
f 548/1033/129 547/1034/129 552/1035/129 551/1036/129
f 546/1037/136 549/1038/136 550/1039/136 553/1040/136
f 549/1041/147 548/1042/147 551/1043/147 550/1044/147
f 553/1045/148 552/1046/148 547/1047/148 546/1048/148
f 554/1049/133 555/1050/133 556/1051/133 557/1052/133
f 558/1053/132 559/1054/132 560/1055/132 561/1056/132
f 556/1057/129 555/1058/129 560/1059/129 559/1060/129
f 554/1061/136 557/1062/136 558/1063/136 561/1064/136
f 557/1065/147 556/1066/147 559/1067/147 558/1068/147
f 561/1069/148 560/1070/148 555/1071/148 554/1072/148
f 562/1073/127 563/1074/127 564/1075/127 565/1076/127
f 566/1077/128 567/1078/128 568/1079/128 569/1080/128
f 566/1081/129 563/1082/129 562/1083/129 567/1084/129
f 568/1085/136 565/1086/136 564/1087/136 569/1088/136
f 567/1089/149 562/1090/149 565/1091/149 568/1092/149
f 563/1093/150 566/1094/150 569/1095/150 564/1096/150
f 570/1097/127 571/1098/127 572/1099/127 573/1100/127
f 574/1101/128 575/1102/128 576/1103/128 577/1104/128
f 574/1105/129 571/1106/129 570/1107/129 575/1108/129
f 576/1109/136 573/1110/136 572/1111/136 577/1112/136
f 575/1113/149 570/1114/149 573/1115/149 576/1116/149
f 571/1117/150 574/1118/150 577/1119/150 572/1120/150
f 578/1121/132 579/1122/132 580/1123/132 581/1124/132
f 582/1125/133 583/1126/133 584/1127/133 585/1128/133
f 580/1129/129 579/1130/129 584/1131/129 583/1132/129
f 578/1133/136 581/1134/136 582/1135/136 585/1136/136
f 581/1137/151 580/1138/151 583/1139/151 582/1140/151
f 585/1141/152 584/1142/152 579/1143/152 578/1144/152
f 586/1145/132 587/1146/132 588/1147/132 589/1148/132
f 590/1149/133 591/1150/133 592/1151/133 593/1152/133
f 588/1153/129 587/1154/129 592/1155/129 591/1156/129
f 586/1157/136 589/1158/136 590/1159/136 593/1160/136
f 589/1161/151 588/1162/151 591/1163/151 590/1164/151
f 593/1165/152 592/1166/152 587/1167/152 586/1168/152
f 594/1169/136 595/1170/136 596/1171/136 597/1172/136
f 598/1173/129 599/1174/129 600/1175/129 601/1176/129
f 602/1177/131 603/1178/131 604/746/131 605/1179/131
f 600/1180/130 599/1181/130 596/1182/130 595/1183/130
f 602/1184/129 606/1185/129 607/1186/129 603/1187/129
f 606/1185/129 598/1173/129 601/1176/129 607/1186/129
f 608/1188/129 609/1189/129 598/1173/129 606/1185/129
f 604/1190/136 610/1191/136 611/1192/136 605/1193/136
f 610/1191/136 594/1169/136 597/1172/136 611/1192/136
f 612/1194/136 613/1195/136 594/1169/136 610/1191/136
f 609/1196/134 608/1197/134 614/1198/134 615/1199/134
f 616/1200/135 617/1201/135 613/1202/135 612/1203/135
f 611/1192/136 597/1172/136 615/1204/136 614/1205/136
f 609/1206/132 615/1207/132 596/1208/132 599/1209/132
f 607/1186/129 601/1176/129 617/1210/129 616/1211/129
f 614/1212/128 608/1213/128 602/1214/128 605/1215/128
f 616/1216/133 612/1217/133 604/1218/133 603/1219/133
f 613/1220/127 617/1221/127 600/1222/127 595/1223/127
f 615/1204/136 597/1172/136 596/1171/136
f 594/1169/136 613/1195/136 595/1170/136
f 610/1191/136 604/1190/136 612/1194/136
f 605/1193/136 611/1192/136 614/1205/136
f 600/1175/129 617/1210/129 601/1176/129
f 609/1189/129 599/1174/129 598/1173/129
f 606/1185/129 602/1184/129 608/1188/129
f 603/1187/129 607/1186/129 616/1211/129
f 618/1224/136 619/1225/136 620/1226/136 621/1227/136
f 622/1228/128 623/1229/128 624/1230/128 625/1231/128
f 626/1232/129 627/1233/129 628/1234/129 629/1235/129
f 630/1236/131 631/1237/131 632/1238/131 633/1239/131
f 634/1240/136 635/1241/136 636/1242/136 637/1243/136
f 638/1244/129 639/1245/129 640/1246/129 641/1247/129
f 642/1248/135 643/1249/135 644/1250/135 645/1251/135
f 631/1252/133 642/1253/133 645/1254/133 632/1255/133
f 646/1256/134 647/1257/134 648/1258/134 649/1259/134
f 643/1260/127 650/1261/127 651/1262/127 644/1263/127
f 652/1264/127 653/1265/127 654/1266/127 619/1267/127
f 623/1268/134 655/1269/134 656/1270/134 624/1271/134
f 657/1272/133 658/1273/133 659/1274/133 660/1275/133
f 661/1276/130 652/1277/130 619/1278/130 618/1279/130
f 655/1280/132 661/1281/132 618/1282/132 656/1283/132
f 658/1284/131 622/1285/131 625/1286/131 659/1287/131
f 662/1288/129 663/1289/129 664/1290/129 665/1291/129
f 666/1292/129 662/1288/129 665/1291/129 667/1293/129
f 664/1290/129 663/1289/129 668/1294/129 669/1295/129
f 670/1296/136 656/1297/136 618/1224/136 621/1227/136
f 671/1298/129 672/1299/129 673/1300/129 674/1301/129
f 675/1302/129 676/1303/129 677/1304/129 678/1305/129
f 679/1306/129 680/1307/129 666/1292/129 667/1293/129
f 625/1308/136 624/1309/136 681/1310/136 682/1311/136
f 683/1312/136 684/1313/136 685/1314/136 686/1315/136
f 687/1316/129 688/1317/129 689/1318/129 690/1319/129
f 689/1318/129 691/1320/129 692/1321/129 690/1319/129
f 693/1322/129 694/1323/129 695/1324/129 696/1325/129
f 697/1326/129 698/1327/129 699/1328/129 700/1329/129
f 701/1330/136 702/1331/136 703/1332/136 704/1333/136
f 619/1225/136 654/1334/136 705/1335/136 620/1226/136
f 706/1336/133 707/1337/133 708/1338/133 709/1339/133
f 685/1340/127 684/1341/127 620/1342/127 705/1343/127
f 703/1344/134 702/1345/134 681/1346/134 670/1347/134
f 710/1348/130 711/1349/130 712/1350/130 713/1351/130
f 714/1352/131 706/1353/131 709/1354/131 682/1355/131
f 715/1356/136 707/1357/136 706/1358/136 710/1359/136
f 716/1360/129 717/1361/129 680/1307/129 679/1306/129
f 695/1324/129 717/1361/129 716/1360/129 696/1325/129
f 718/1362/129 719/1363/129 720/1364/129 721/1365/129
f 686/1315/136 685/1314/136 707/1357/136 715/1356/136
f 722/1366/129 723/1367/129 671/1298/129 674/1301/129
f 724/1368/129 725/1369/129 676/1303/129 675/1302/129
f 725/1369/129 724/1368/129 639/1245/129 726/1370/129
f 721/1365/129 720/1364/129 727/1371/129 728/1372/129
f 678/1305/129 677/1304/129 719/1363/129 718/1362/129
f 729/1373/136 730/1374/136 731/1375/136 732/1376/136
f 733/1377/136 730/1374/136 729/1373/136 734/1378/136
f 635/1241/136 712/1379/136 733/1377/136 734/1378/136
f 735/1380/136 713/1381/136 634/1240/136 736/1382/136
f 709/1383/136 659/1384/136 625/1308/136 682/1311/136
f 634/1240/136 713/1381/136 712/1379/136 635/1241/136
f 737/1385/136 738/1386/136 732/1376/136 731/1375/136
f 672/1299/129 698/1327/129 697/1326/129 673/1300/129
f 723/1387/135 691/1388/135 716/1389/135 679/1390/135
f 687/1391/130 690/1392/130 720/1393/130 719/1394/130
f 674/1395/131 673/1396/131 725/1397/131 726/1398/131
f 689/1399/131 688/1400/131 693/1401/131 696/1402/131
f 672/1403/130 671/1404/130 667/1405/130 665/1406/130
f 697/1407/135 700/1408/135 677/1409/135 676/1410/135
f 722/1411/128 674/1412/128 726/1413/128 739/1414/128
f 740/1415/127 741/1416/127 666/1417/127 680/1418/127
f 742/1419/134 743/1420/134 668/1421/134 663/1422/134
f 744/1423/133 745/1424/133 717/1425/133 695/1426/133
f 746/1427/132 742/1428/132 663/1429/132 662/1430/132
f 741/1431/130 746/1432/130 662/1433/130 666/1434/130
f 747/1435/131 744/1436/131 695/1437/131 694/1438/131
f 748/1439/136 684/1313/136 683/1312/136 749/1440/136
f 699/1328/129 688/1317/129 687/1316/129 700/1329/129
f 750/1441/136 751/1442/136 735/1380/136 736/1382/136
f 704/1333/136 703/1332/136 748/1439/136 749/1440/136
f 669/1295/129 668/1294/129 694/1323/129 693/1322/129
f 681/1310/136 624/1309/136 656/1297/136 670/1296/136
f 708/1443/136 660/1444/136 659/1384/136 709/1383/136
f 701/1445/135 704/1446/135 730/1447/135 733/1448/135
f 707/1449/135 685/1450/135 705/1451/135 708/1452/135
f 653/1453/135 657/1454/135 660/1455/135 654/1456/135
f 752/1457/132 646/1458/132 649/1459/132 753/1460/132
f 650/1461/130 752/1462/130 753/1463/130 651/1464/130
f 692/1321/129 691/1320/129 723/1367/129 722/1366/129
f 710/1359/136 706/1358/136 714/1465/136 711/1466/136
f 638/1244/129 739/1467/129 726/1370/129 639/1245/129
f 738/1386/136 737/1385/136 751/1442/136 750/1441/136
f 711/1466/136 714/1465/136 702/1331/136 701/1330/136
f 754/1468/129 626/1469/129 629/1470/129 755/1471/129
f 745/1472/135 740/1473/135 680/1474/135 717/1475/135
f 647/1476/128 630/1477/128 633/1478/128 648/1479/128
f 734/1378/136 729/1373/136 756/1480/136 757/1481/136
f 758/1482/129 754/1483/129 755/1484/129 759/1485/129
f 750/1441/136 736/1382/136 760/1486/136 761/1487/136
f 728/1372/129 727/1371/129 739/1467/129 638/1244/129
f 762/1488/129 763/1489/129 764/1490/129 765/1491/129
f 705/1335/136 654/1334/136 660/1444/136 708/1443/136
f 692/1492/134 722/1493/134 739/1494/134 727/1495/134
f 699/1496/134 698/1497/134 664/1498/134 669/1499/134
f 671/1500/127 723/1501/127 679/1502/127 667/1503/127
f 690/1504/132 692/1505/132 727/1506/132 720/1507/132
f 700/1508/127 687/1509/127 719/1510/127 677/1511/127
f 673/1512/133 697/1513/133 676/1514/133 725/1515/133
f 688/1516/128 699/1517/128 669/1518/128 693/1519/128
f 698/1520/132 672/1521/132 665/1522/132 664/1523/132
f 715/1524/132 710/1525/132 713/1526/132 735/1527/132
f 686/1528/134 715/1529/134 735/1530/134 751/1531/134
f 704/1532/133 749/1533/133 731/1534/133 730/1535/133
f 743/1536/128 747/1537/128 694/1538/128 668/1539/128
f 691/1540/133 689/1541/133 696/1542/133 716/1543/133
f 748/1544/132 703/1545/132 670/1546/132 621/1547/132
f 749/1548/131 683/1549/131 737/1550/131 731/1551/131
f 711/1552/127 701/1553/127 733/1554/127 712/1555/127
f 684/1556/130 748/1557/130 621/1558/130 620/1559/130
f 702/1560/128 714/1561/128 682/1562/128 681/1563/128
f 683/1564/128 686/1565/128 751/1566/128 737/1567/128
f 633/1568/136 632/1569/136 645/1570/136 644/1571/136
f 745/1572/129 744/1573/129 747/1574/129 743/1575/129
f 766/1576/134 767/1577/134 768/1578/134 769/1579/134
f 770/1580/131 758/1581/131 771/1582/131 772/1583/131
f 773/1584/134 774/1585/134 763/1586/134 775/1587/134
f 776/1588/130 777/1589/130 778/1590/130 779/1591/130
f 780/1592/130 762/1593/130 627/1594/130 781/1595/130
f 769/1596/132 768/1597/132 777/1598/132 776/1599/132
f 775/1600/132 763/1601/132 762/1602/132 780/1603/132
f 778/1604/127 782/1605/127 783/1606/127 779/1607/127
f 784/1600/127 781/1603/127 627/1608/127 626/1609/127
f 785/1610/133 786/1611/133 787/1612/133 788/1613/133
f 789/1614/133 754/1615/133 758/1616/133 770/723/133
f 784/1617/135 626/1618/135 754/1619/135 789/1620/135
f 783/1621/135 782/1622/135 786/1623/135 785/1624/135
f 790/1625/128 791/1626/128 767/1627/128 766/1628/128
f 788/1629/136 790/1630/136 792/1631/136 793/1632/136
f 766/1633/136 769/1634/136 794/1635/136 795/1636/136
f 776/1637/136 779/1638/136 796/1639/136 797/1640/136
f 678/1305/129 718/1362/129 798/1641/129 799/1642/129
f 769/1643/136 776/1644/136 797/1645/136 794/1646/136
f 724/1368/129 675/1302/129 800/1647/129 801/1648/129
f 785/1649/136 788/1650/136 793/1651/136 802/1652/136
f 796/1653/127 803/1654/127 641/1655/127 640/1656/127
f 641/1657/135 803/1658/135 802/1659/135 804/1660/135
f 804/1661/133 802/1662/133 793/1663/133 805/1664/133
f 800/1665/132 794/1666/132 797/1667/132 801/1668/132
f 801/1669/130 797/1670/130 796/1671/130 640/1672/130
f 799/1673/134 795/1674/134 794/1675/134 800/1676/134
f 805/1677/131 793/1678/131 792/1679/131 798/1680/131
f 798/1681/128 792/1682/128 795/1683/128 799/1684/128
f 639/1245/129 724/1368/129 801/1648/129 640/1246/129
f 790/1685/136 766/1686/136 795/1687/136 792/1688/136
f 728/1372/129 638/1244/129 641/1247/129 804/1689/129
f 779/1690/136 783/1691/136 803/1692/136 796/1693/136
f 783/1694/136 785/1695/136 802/1696/136 803/1697/136
f 721/1365/129 728/1372/129 804/1689/129 805/1698/129
f 718/1362/129 721/1365/129 805/1698/129 798/1641/129
f 675/1302/129 678/1305/129 799/1642/129 800/1647/129
f 736/1382/136 634/1240/136 637/1243/136 760/1486/136
f 629/1699/135 761/1700/135 760/1701/135 755/1702/135
f 755/1703/133 760/1704/133 637/1705/133 759/1706/133
f 764/1707/132 756/1708/132 806/1709/132 765/1710/132
f 765/1711/130 806/1712/130 807/1713/130 628/1714/130
f 808/1715/134 757/1716/134 756/1717/134 764/1580/134
f 759/1718/131 637/1719/131 636/1720/131 809/1721/131
f 809/1722/128 636/1723/128 757/1724/128 808/1725/128
f 807/1726/127 761/1727/127 629/1728/127 628/1729/127
f 635/1241/136 734/1378/136 757/1481/136 636/1242/136
f 738/1386/136 750/1441/136 761/1487/136 807/1730/136
f 729/1373/136 732/1376/136 806/1731/136 756/1480/136
f 774/1732/129 771/1733/129 809/1734/129 808/1735/129
f 771/1736/129 758/1737/129 759/1738/129 809/1739/129
f 732/1376/136 738/1386/136 807/1730/136 806/1731/136
f 763/1740/129 774/1741/129 808/1742/129 764/1743/129
f 627/1744/129 762/1745/129 765/1746/129 628/1747/129
f 773/1748/136 775/1749/136 810/1750/136 811/1751/136
f 789/1752/136 770/1753/136 812/1754/136 813/1755/136
f 768/1756/129 767/1757/129 814/1758/129 815/1759/129
f 787/1760/129 786/1761/129 816/1762/129 817/1763/129
f 780/1764/136 781/1765/136 818/1766/136 819/1767/136
f 784/1768/136 789/1769/136 813/1770/136 820/1771/136
f 778/1772/129 777/1773/129 821/1774/129 822/1775/129
f 788/1776/131 787/1777/131 791/1778/131 790/1779/131
f 772/1780/128 771/1781/128 774/1782/128 773/1783/128
f 772/1784/136 773/1785/136 811/1786/136 823/1787/136
f 816/1763/133 813/1754/133 812/1755/133 817/1762/133
f 818/1788/127 820/1789/127 824/1790/127 822/1791/127
f 815/1792/132 810/1793/132 819/1794/132 821/1795/132
f 821/1767/130 819/1774/130 818/1775/130 822/1766/130
f 814/1759/134 811/1750/134 810/1751/134 815/1758/134
f 817/1796/131 812/1797/131 823/1798/131 825/1799/131
f 825/1800/128 823/1786/128 811/1787/128 814/1801/128
f 824/1802/135 820/1770/135 813/1771/135 816/1803/135
f 781/1804/136 784/1805/136 820/1788/136 818/1789/136
f 791/1806/129 787/1807/129 817/1797/129 825/1798/129
f 782/1808/129 778/1809/129 822/1790/129 824/1791/129
f 770/1810/136 772/1811/136 823/1799/136 812/1796/136
f 777/1812/129 768/1813/129 815/1795/129 821/1792/129
f 767/1814/129 791/1815/129 825/1801/129 814/1800/129
f 775/1816/136 780/1817/136 819/1793/136 810/1794/136
f 786/1818/129 782/1819/129 824/1803/129 816/1802/129
