# Made in Blockbench 4.11.1
mtllib alternator.mtl

o electro
v -1.125 0.375 5.75
v -1.125 2.625 5.5
v -1.125 2.625 5.75
v -1.125 2.375 5.5
v -1.125 2.375 5.75
v -1.375 2.625 5.5
v -1.375 2.625 5.75
v -1.375 2.375 5.5
v -1.375 2.375 5.75
v -1.125 2.75 5.75
v -1.125 2.75 6.25
v -1.125 2.25 5.75
v -1.125 2.25 6.25
v -1.5 2.75 5.75
v -1.5 2.75 6.25
v -1.5 2.25 5.75
v -1.5 2.25 6.25
v -1.125 1.625 5.5
v -1.125 1.625 5.75
v -1.125 1.375 5.5
v -1.125 1.375 5.75
v -1.375 1.625 5.5
v -1.375 1.625 5.75
v -1.375 1.375 5.5
v -1.375 1.375 5.75
v -1.125 1.75 5.75
v -1.125 1.75 6.25
v -1.125 1.25 5.75
v -1.125 1.25 6.25
v -1.5 1.75 5.75
v -1.5 1.75 6.25
v -1.5 1.25 5.75
v -1.5 1.25 6.25
v -1.125 0.625 5.5
v -1.125 0.625 5.75
v -1.125 0.375 5.5
v -1.375 0.625 5.5
v -1.375 0.625 5.75
v -1.375 0.375 5.5
v -1.375 0.375 5.75
v -1.125 0.75 5.75
v -1.125 0.75 6.25
v -1.125 0.25 5.75
v -1.125 0.25 6.25
v -1.5 0.75 5.75
v -1.5 0.75 6.25
v -1.5 0.25 5.75
v -1.5 0.25 6.25
v -1.5 0 2.5
v -1.5 0 1.5
v -3.5 0 2.5
v -3.5 0 1.5
v -2.5 0 2.5
v -3.5 0 2.5
v -2.5 0 4.5
v -3.5 0 4.5
v -3.5 0 3.5
v -2.5 0 3.5
v -1.5 0 4.5
v -1.5 0 5.5
v -3.5 0 4.5
v -3.5 0 5.5
v 1.5 0 5.5
v 1.5 0 4.5
v -1.5 0 5.5
v -1.5 0 4.5
v 0 0 4.5
v 0 0 5.5
v 3.5 0 4.5
v 3.5 0 5.5
v 1.5 0 4.5
v 1.5 0 5.5
v 2.5 0 2.5
v 3.5 0 2.5
v 2.5 0 4.5
v 3.5 0 4.5
v 3.5 0 3.5
v 2.5 0 3.5
v 3.5 0 2.5
v 3.5 0 1.5
v 1.5 0 2.5
v 1.5 0 1.5
v 1.5 0 2.5
v 1.5 0 1.5
v -1.5 0 2.5
v -1.5 0 1.5
v 0 0 1.5
v 0 0 2.5
v -1.5 0.5 2.5
v -1.5 0.5 1.5
v -3.5 0.5 2.5
v -3.5 0.5 1.5
v -2.5 0.5 2.5
v -3.5 0.5 2.5
v -2.5 0.5 4.5
v -3.5 0.5 4.5
v -3.5 0.5 3.5
v -2.5 0.5 3.5
v -1.5 0.5 4.5
v -1.5 0.5 5.5
v -3.5 0.5 4.5
v -3.5 0.5 5.5
v 1.5 0.5 5.5
v 1.5 0.5 4.5
v -1.5 0.5 5.5
v -1.5 0.5 4.5
v 0 0.5 4.5
v 0 0.5 5.5
v 3.5 0.5 4.5
v 3.5 0.5 5.5
v 1.5 0.5 4.5
v 1.5 0.5 5.5
v 2.5 0.5 2.5
v 3.5 0.5 2.5
v 2.5 0.5 4.5
v 3.5 0.5 4.5
v 3.5 0.5 3.5
v 2.5 0.5 3.5
v 3.5 0.5 2.5
v 3.5 0.5 1.5
v 1.5 0.5 2.5
v 1.5 0.5 1.5
v 1.5 0.5 2.5
v 1.5 0.5 1.5
v -1.5 0.5 2.5
v -1.5 0.5 1.5
v 0 0.5 1.5
v 0 0.5 2.5
v 2.5 0.5 2.5
v 3.5 0.5 2.5
v 2.5 0 2.5
v 2.5 0.5 4.5
v 3.5 0.5 4.5
v 2.5 0 4.5
v 3.5 0 2.5
v 3.5 0 4.5
v 3.5 0.5 3.5
v 3.5 0 3.5
v 2.5 0.5 3.5
v 2.5 0 3.5
v 3.5 0.5 1.5
v 1.5 0.5 1.5
v 3.5 0 1.5
v 1.5 0 1.5
v 3.5 0.5 2.5
v 3.5 0.5 1.5
v 3.5 0 2.5
v 3.5 0 1.5
v 3.5 0.5 4.5
v 3.5 0.5 5.5
v 3.5 0 4.5
v 1.5 0.5 5.5
v 3.5 0 5.5
v 1.5 0 5.5
v 1.5 0.5 5.5
v 1.5 0 5.5
v -1.5 0.5 5.5
v -1.5 0 5.5
v 0 0.5 5.5
v 0 0 5.5
v -1.5 0.5 5.5
v -3.5 0.5 4.5
v -3.5 0.5 5.5
v -3.5 0 4.5
v -1.5 0 5.5
v -3.5 0 5.5
v -2.5 0.5 2.5
v -3.5 0.5 2.5
v -2.5 0 2.5
v -2.5 0.5 4.5
v -3.5 0.5 4.5
v -2.5 0 4.5
v -3.5 0 2.5
v -3.5 0 4.5
v -3.5 0.5 3.5
v -3.5 0 3.5
v -2.5 0.5 3.5
v -2.5 0 3.5
v -1.5 0.5 1.5
v -3.5 0.5 2.5
v -3.5 0.5 1.5
v -3.5 0 2.5
v -1.5 0 1.5
v -3.5 0 1.5
v 1.5 0.5 1.5
v -1.5 0.5 1.5
v 1.5 0 1.5
v -1.5 0 1.5
v 0 0.5 1.5
v 0 0 1.5
v 1.5 0.5 2.5
v 2.5 0.5 2.5
v 1.5 0 2.5
v 2.5 0 2.5
v 1.5 0.5 2.5
v -1.5 0.5 2.5
v 1.5 0 2.5
v -1.5 0 2.5
v 0 0.5 2.5
v 0 0 2.5
v -1.5 0.5 2.5
v -2.5 0.5 2.5
v -1.5 0 2.5
v -2.5 0 2.5
v 1.5 0.5 4.5
v 2.5 0.5 4.5
v 1.5 0 4.5
v 2.5 0 4.5
v 1.5 0.5 4.5
v -1.5 0.5 4.5
v 1.5 0 4.5
v -1.5 0 4.5
v 0 0.5 4.5
v 0 0 4.5
v -1.5 0.5 4.5
v -2.5 0.5 4.5
v -1.5 0 4.5
v -2.5 0 4.5
v 1 2.5 2.5
v 1 2.5 1.5
v 1 0.5 2.5
v 1 0.5 1.5
v -1 2.5 2.5
v -1 2.5 1.5
v -1 0.5 2.5
v -1 0.5 1.5
v 1.5625 2.125 5.625
v 1.5 2.125 5.625
v 1.5625 1.125 5.625
v 1.5 1.125 5.625
v 1.5625 2.125 6.375
v 1.5 2.125 6.375
v 1.5625 1.125 6.375
v 1.5 1.125 6.375
v 1.5 3 5.5
v 1.5 3 6.5
v 1.5 0 5.5
v 1.5 0 6.5
v -1.125 3 5.5
v -1.125 3 6.5
v -1.125 0 5.5
v -1.125 0 6.5
v 1 3 4.5
v 1 3 5.5
v 1.5 2.5 4.5
v 1.5 2.5 5.5
v -1 3 4.5
v -1 3 5.5
v -1.5 2.5 4.5
v -1.5 2.5 5.5
v 1.5 2.5 4.5
v 1.5 2.5 5.5
v 1.5 0.5 4.5
v 1.5 0.5 5.5
v -1.5 2.5 4.5
v -1.5 2.5 5.5
v -1.5 0.5 4.5
v -1.5 0.5 5.5
v -1.4375000000000007 4.5 2.5
v 1.4374999999999993 4.5 2.5
v -1.2578125000000004 3.7499999999999996 2.5
v 1.2578124999999996 3.7500000000000004 2.5
v -3.0000000000000004 2.937499999999999 2.5
v -2.9999999999999996 0.062499999999999334 2.5
v -2.2500000000000004 2.7578124999999996 2.5
v -2.2499999999999996 0.24218749999999956 2.5
v -1.4374999999999993 -1.5000000000000004 2.5
v 1.4375000000000007 -1.4999999999999996 2.5
v -1.2578124999999996 -0.7500000000000004 2.5
v 1.2578125000000004 -0.7499999999999996 2.5
v 2.9999999999999996 2.937500000000001 2.5
v 3.0000000000000004 0.06250000000000067 2.5
v 2.2499999999999996 2.7578125000000004 2.5
v 2.2500000000000004 0.24218750000000044 2.5
v -1.2578125000000004 3.7499999999999996 2.4375
v -1.4375000000000007 4.5 2.4375
v 1.2578124999999996 3.7500000000000004 2.4375
v 1.4374999999999993 4.5 2.4375
v -3.0000000000000004 2.937499999999999 2.4375
v -2.2500000000000004 2.7578124999999996 2.4375
v -2.2499999999999996 0.24218749999999956 2.4375
v -2.9999999999999996 0.062499999999999334 2.4375
v -1.2578124999999996 -0.7500000000000004 2.4375
v -1.4374999999999993 -1.5000000000000004 2.4375
v 1.2578125000000004 -0.7499999999999996 2.4375
v 1.4375000000000007 -1.4999999999999996 2.4375
v 2.9999999999999996 2.937500000000001 2.4375
v 2.2499999999999996 2.7578125000000004 2.4375
v 2.2500000000000004 0.24218750000000044 2.4375
v 3.0000000000000004 0.06250000000000067 2.4375
v -1.2578125000000004 3.7499999999999996 2.5
v 1.2578124999999996 3.7500000000000004 2.5
v -2.2500000000000004 2.7578124999999996 2.5
v -2.2499999999999996 0.24218749999999956 2.5
v -1.2578124999999996 -0.7500000000000004 2.5
v 1.2578125000000004 -0.7499999999999996 2.5
v 2.2499999999999996 2.7578125000000004 2.5
v 2.2500000000000004 0.24218750000000044 2.5
v -1.4375000000000007 4.5 2.5
v 1.4374999999999993 4.5 2.5
v -3.0000000000000004 2.937499999999999 2.5
v -2.9999999999999996 0.062499999999999334 2.5
v -1.4374999999999993 -1.5000000000000004 2.5
v 1.4375000000000007 -1.4999999999999996 2.5
v 2.9999999999999996 2.937500000000001 2.5
v 3.0000000000000004 0.06250000000000067 2.5
v 1.2578124999999996 3.7500000000000004 2.5
v 2.2499999999999996 2.7578125000000004 2.5
v 1.4374999999999993 4.5 2.5
v 2.9999999999999996 2.937500000000001 2.5
v -1.2578125000000004 3.7499999999999996 2.5
v -2.2500000000000004 2.7578124999999996 2.5
v -1.4375000000000007 4.5 2.5
v -3.0000000000000004 2.937499999999999 2.5
v -1.2578124999999996 -0.7500000000000004 2.5
v -2.2499999999999996 0.24218749999999956 2.5
v -1.4374999999999993 -1.5000000000000004 2.5
v -2.9999999999999996 0.062499999999999334 2.5
v 1.2578125000000004 -0.7499999999999996 2.5
v 2.2500000000000004 0.24218750000000044 2.5
v 1.4375000000000007 -1.4999999999999996 2.5
v 3.0000000000000004 0.06250000000000067 2.5
v -1.2578125000000004 3.7499999999999996 2.4375
v 1.2578124999999996 3.7500000000000004 2.4375
v -2.2500000000000004 2.7578124999999996 2.4375
v -2.2499999999999996 0.24218749999999956 2.4375
v -1.2578124999999996 -0.7500000000000004 2.4375
v 1.2578125000000004 -0.7499999999999996 2.4375
v 2.2499999999999996 2.7578125000000004 2.4375
v 2.2500000000000004 0.24218750000000044 2.4375
v -1.4375000000000007 4.5 2.4375
v 1.4374999999999993 4.5 2.4375
v -3.0000000000000004 2.937499999999999 2.4375
v -2.9999999999999996 0.062499999999999334 2.4375
v -1.4374999999999993 -1.5000000000000004 2.4375
v 1.4375000000000007 -1.4999999999999996 2.4375
v 2.9999999999999996 2.937500000000001 2.4375
v 3.0000000000000004 0.06250000000000067 2.4375
v 1.2578124999999996 3.7500000000000004 2.4375
v 2.2499999999999996 2.7578125000000004 2.4375
v 1.4374999999999993 4.5 2.4375
v 2.9999999999999996 2.937500000000001 2.4375
v -1.2578125000000004 3.7499999999999996 2.4375
v -2.2500000000000004 2.7578124999999996 2.4375
v -1.4375000000000007 4.5 2.4375
v -3.0000000000000004 2.937499999999999 2.4375
v -1.2578124999999996 -0.7500000000000004 2.4375
v -2.2499999999999996 0.24218749999999956 2.4375
v -1.4374999999999993 -1.5000000000000004 2.4375
v -2.9999999999999996 0.062499999999999334 2.4375
v 1.2578125000000004 -0.7499999999999996 2.4375
v 2.2500000000000004 0.24218750000000044 2.4375
v 1.4375000000000007 -1.4999999999999996 2.4375
v 3.0000000000000004 0.06250000000000067 2.4375
v -1.4375000000000007 4.5 4.5
v -1.4375000000000007 4.5 2.5
v 1.4374999999999993 4.5 4.5
v 1.4374999999999993 4.5 2.5
v -1.2578125000000004 3.9999999999999996 4.5
v -1.2578125000000004 3.9999999999999996 2.5
v 1.2578124999999996 4 4.5
v 1.2578124999999996 4 2.5
v -3.0000000000000004 2.937499999999999 4.5
v -3.0000000000000004 2.937499999999999 2.5
v -2.9999999999999996 0.062499999999999334 4.5
v -2.9999999999999996 0.062499999999999334 2.5
v -2.5000000000000004 2.7578124999999996 4.5
v -2.5000000000000004 2.7578124999999996 2.5
v -2.4999999999999996 0.24218749999999956 4.5
v -2.4999999999999996 0.24218749999999956 2.5
v -1.4374999999999993 -1.5000000000000004 4.5
v -1.4374999999999993 -1.5000000000000004 2.5
v 1.4375000000000007 -1.4999999999999996 4.5
v 1.4375000000000007 -1.4999999999999996 2.5
v -1.2578124999999996 -1.0000000000000004 4.5
v -1.2578124999999996 -1.0000000000000004 2.5
v 1.2578125000000004 -0.9999999999999996 4.5
v 1.2578125000000004 -0.9999999999999996 2.5
v 2.9999999999999996 2.937500000000001 4.5
v 2.9999999999999996 2.937500000000001 2.5
v 3.0000000000000004 0.06250000000000067 4.5
v 3.0000000000000004 0.06250000000000067 2.5
v 2.4999999999999996 2.7578125000000004 4.5
v 2.4999999999999996 2.7578125000000004 2.5
v 2.5000000000000004 0.24218750000000044 4.5
v 2.5000000000000004 0.24218750000000044 2.5
v -1.4375000000000007 4.5 4.5
v 1.4374999999999993 4.5 4.5
v -1.2578125000000004 3.9999999999999996 4.5
v 1.2578124999999996 4 4.5
v -3.0000000000000004 2.937499999999999 4.5
v -2.9999999999999996 0.062499999999999334 4.5
v -2.5000000000000004 2.7578124999999996 4.5
v -2.4999999999999996 0.24218749999999956 4.5
v -1.4374999999999993 -1.5000000000000004 4.5
v 1.4375000000000007 -1.4999999999999996 4.5
v -1.2578124999999996 -1.0000000000000004 4.5
v 1.2578125000000004 -0.9999999999999996 4.5
v 2.9999999999999996 2.937500000000001 4.5
v 3.0000000000000004 0.06250000000000067 4.5
v 2.4999999999999996 2.7578125000000004 4.5
v 2.5000000000000004 0.24218750000000044 4.5
v -1.4375000000000007 4.5 4.5625
v 1.4374999999999993 4.5 4.5625
v -1.2578125000000004 3.7499999999999996 4.5625
v 1.2578124999999996 3.7500000000000004 4.5625
v -3.0000000000000004 2.937499999999999 4.5625
v -2.9999999999999996 0.062499999999999334 4.5625
v -2.2500000000000004 2.7578124999999996 4.5625
v -2.2499999999999996 0.24218749999999956 4.5625
v -1.4374999999999993 -1.5000000000000004 4.5625
v 1.4375000000000007 -1.4999999999999996 4.5625
v -1.2578124999999996 -0.7500000000000004 4.5625
v 1.2578125000000004 -0.7499999999999996 4.5625
v 2.9999999999999996 2.937500000000001 4.5625
v 3.0000000000000004 0.06250000000000067 4.5625
v 2.2499999999999996 2.7578125000000004 4.5625
v 2.2500000000000004 0.24218750000000044 4.5625
v -1.2578125000000004 3.7499999999999996 4.5
v -1.4375000000000007 4.5 4.5
v 1.2578124999999996 3.7500000000000004 4.5
v 1.4374999999999993 4.5 4.5
v -3.0000000000000004 2.937499999999999 4.5
v -2.2500000000000004 2.7578124999999996 4.5
v -2.2499999999999996 0.24218749999999956 4.5
v -2.9999999999999996 0.062499999999999334 4.5
v -1.2578124999999996 -0.7500000000000004 4.5
v -1.4374999999999993 -1.5000000000000004 4.5
v 1.2578125000000004 -0.7499999999999996 4.5
v 1.4375000000000007 -1.4999999999999996 4.5
v 2.9999999999999996 2.937500000000001 4.5
v 2.2499999999999996 2.7578125000000004 4.5
v 2.2500000000000004 0.24218750000000044 4.5
v 3.0000000000000004 0.06250000000000067 4.5
v -1.2578125000000004 3.7499999999999996 4.5625
v 1.2578124999999996 3.7500000000000004 4.5625
v -2.2500000000000004 2.7578124999999996 4.5625
v -2.2499999999999996 0.24218749999999956 4.5625
v -1.2578124999999996 -0.7500000000000004 4.5625
v 1.2578125000000004 -0.7499999999999996 4.5625
v 2.2499999999999996 2.7578125000000004 4.5625
v 2.2500000000000004 0.24218750000000044 4.5625
v -1.4375000000000007 4.5 4.5625
v 1.4374999999999993 4.5 4.5625
v -3.0000000000000004 2.937499999999999 4.5625
v -2.9999999999999996 0.062499999999999334 4.5625
v -1.4374999999999993 -1.5000000000000004 4.5625
v 1.4375000000000007 -1.4999999999999996 4.5625
v 2.9999999999999996 2.937500000000001 4.5625
v 3.0000000000000004 0.06250000000000067 4.5625
v 1.2578124999999996 3.7500000000000004 4.5625
v 2.2499999999999996 2.7578125000000004 4.5625
v 1.4374999999999993 4.5 4.5625
v 2.9999999999999996 2.937500000000001 4.5625
v -1.2578125000000004 3.7499999999999996 4.5625
v -2.2500000000000004 2.7578124999999996 4.5625
v -1.4375000000000007 4.5 4.5625
v -3.0000000000000004 2.937499999999999 4.5625
v -1.2578124999999996 -0.7500000000000004 4.5625
v -2.2499999999999996 0.24218749999999956 4.5625
v -1.4374999999999993 -1.5000000000000004 4.5625
v -2.9999999999999996 0.062499999999999334 4.5625
v 1.2578125000000004 -0.7499999999999996 4.5625
v 2.2500000000000004 0.24218750000000044 4.5625
v 1.4375000000000007 -1.4999999999999996 4.5625
v 3.0000000000000004 0.06250000000000067 4.5625
v -1.2578125000000004 3.7499999999999996 4.5
v 1.2578124999999996 3.7500000000000004 4.5
v -2.2500000000000004 2.7578124999999996 4.5
v -2.2499999999999996 0.24218749999999956 4.5
v -1.2578124999999996 -0.7500000000000004 4.5
v 1.2578125000000004 -0.7499999999999996 4.5
v 2.2499999999999996 2.7578125000000004 4.5
v 2.2500000000000004 0.24218750000000044 4.5
v -1.4375000000000007 4.5 4.5
v 1.4374999999999993 4.5 4.5
v -3.0000000000000004 2.937499999999999 4.5
v -2.9999999999999996 0.062499999999999334 4.5
v -1.4374999999999993 -1.5000000000000004 4.5
v 1.4375000000000007 -1.4999999999999996 4.5
v 2.9999999999999996 2.937500000000001 4.5
v 3.0000000000000004 0.06250000000000067 4.5
v 1.2578124999999996 3.7500000000000004 4.5
v 2.2499999999999996 2.7578125000000004 4.5
v 1.4374999999999993 4.5 4.5
v 2.9999999999999996 2.937500000000001 4.5
v -1.2578125000000004 3.7499999999999996 4.5
v -2.2500000000000004 2.7578124999999996 4.5
v -1.4375000000000007 4.5 4.5
v -3.0000000000000004 2.937499999999999 4.5
v -1.2578124999999996 -0.7500000000000004 4.5
v -2.2499999999999996 0.24218749999999956 4.5
v -1.4374999999999993 -1.5000000000000004 4.5
v -2.9999999999999996 0.062499999999999334 4.5
v 1.2578125000000004 -0.7499999999999996 4.5
v 2.2500000000000004 0.24218750000000044 4.5
v 1.4375000000000007 -1.4999999999999996 4.5
v 3.0000000000000004 0.06250000000000067 4.5
v 0.8124999999999996 3.875 4.375
v 0.8124999999999996 3.875 2.625
v 0.43749999999999944 3.875 4.375
v 0.43749999999999944 3.875 2.625
v 0.8124999999999996 4.1875 4.375
v 0.8124999999999996 4.1875 2.625
v 0.43749999999999933 4.1875 4.375
v 0.43749999999999933 4.1875 2.625
v 0.18749999999999944 3.875 4.375
v 0.18749999999999944 3.875 2.625
v -0.18750000000000056 3.875 4.375
v -0.18750000000000056 3.875 2.625
v 0.18749999999999933 4.1875 4.375
v 0.18749999999999933 4.1875 2.625
v -0.1875000000000006 4.1875 4.375
v -0.1875000000000006 4.1875 2.625
v -0.43750000000000056 3.875 4.375
v -0.43750000000000056 3.875 2.625
v -0.8125000000000006 3.875 4.375
v -0.8125000000000006 3.875 2.625
v -0.4375000000000006 4.1875 4.375
v -0.4375000000000006 4.1875 2.625
v -0.8125000000000006 4.1875 4.375
v -0.8125000000000006 4.1875 2.625
v 2.2539031249999995 2.6048543750000004 4.375
v 2.2539031249999995 2.6048543750000004 2.625
v 1.9887381249999998 2.8700193750000005 4.375
v 1.9887381249999998 2.8700193750000005 2.625
v 2.4748737499999995 2.8258250000000005 4.375
v 2.4748737499999995 2.8258250000000005 2.625
v 2.2097087499999994 3.0909900000000006 4.375
v 2.2097087499999994 3.0909900000000006 2.625
v 1.8119612499999995 3.0467962500000008 4.375
v 1.8119612499999995 3.0467962500000008 2.625
v 1.5467962499999999 3.3119612500000004 4.375
v 1.5467962499999999 3.3119612500000004 2.625
v 2.0329318749999996 3.2677668750000004 4.375
v 2.0329318749999996 3.2677668750000004 2.625
v 1.7677668749999995 3.5329318750000005 4.375
v 1.7677668749999995 3.5329318750000005 2.625
v 1.3700193749999996 3.4887381250000002 4.375
v 1.3700193749999996 3.4887381250000002 2.625
v 1.1048543749999995 3.7539031250000003 4.375
v 1.1048543749999995 3.7539031250000003 2.625
v 1.5909899999999997 3.7097087500000003 4.375
v 1.5909899999999997 3.7097087500000003 2.625
v 1.3258249999999996 3.9748737500000004 4.375
v 1.3258249999999996 3.9748737500000004 2.625
v 2.375 0.6875000000000006 4.375
v 2.375 0.6875000000000006 2.625
v 2.375 1.0625000000000004 4.375
v 2.375 1.0625000000000004 2.625
v 2.6875 0.6875000000000006 4.375
v 2.6875 0.6875000000000006 2.625
v 2.6875 1.0625000000000007 4.375
v 2.6875 1.0625000000000007 2.625
v 2.375 1.3125000000000004 4.375
v 2.375 1.3125000000000004 2.625
v 2.375 1.6875000000000004 4.375
v 2.375 1.6875000000000004 2.625
v 2.6875 1.3125000000000007 4.375
v 2.6875 1.3125000000000007 2.625
v 2.6875 1.6875000000000007 4.375
v 2.6875 1.6875000000000007 2.625
v 2.375 1.9375000000000004 4.375
v 2.375 1.9375000000000004 2.625
v 2.375 2.3125000000000004 4.375
v 2.375 2.3125000000000004 2.625
v 2.6875 1.9375000000000007 4.375
v 2.6875 1.9375000000000007 2.625
v 2.6875 2.3125000000000004 4.375
v 2.6875 2.3125000000000004 2.625
v -1.1048543750000004 3.7539031249999995 4.375
v -1.1048543750000004 3.7539031249999995 2.625
v -1.3700193750000005 3.488738125 4.375
v -1.3700193750000005 3.488738125 2.625
v -1.3258250000000005 3.9748737499999995 4.375
v -1.3258250000000005 3.9748737499999995 2.625
v -1.5909900000000003 3.7097087499999994 4.375
v -1.5909900000000003 3.7097087499999994 2.625
v -1.5467962500000005 3.3119612499999995 4.375
v -1.5467962500000005 3.3119612499999995 2.625
v -1.8119612500000004 3.04679625 4.375
v -1.8119612500000004 3.04679625 2.625
v -1.7677668750000004 3.5329318749999996 4.375
v -1.7677668750000004 3.5329318749999996 2.625
v -2.0329318750000005 3.2677668749999995 4.375
v -2.0329318750000005 3.2677668749999995 2.625
v -1.9887381250000002 2.8700193749999996 4.375
v -1.9887381250000002 2.8700193749999996 2.625
v -2.2539031250000003 2.6048543749999995 4.375
v -2.2539031250000003 2.6048543749999995 2.625
v -2.2097087500000003 3.0909899999999997 4.375
v -2.2097087500000003 3.0909899999999997 2.625
v -2.4748737500000004 2.8258249999999996 4.375
v -2.4748737500000004 2.8258249999999996 2.625
v -2.375 2.3124999999999996 4.375
v -2.375 2.3124999999999996 2.625
v -2.375 1.9374999999999996 4.375
v -2.375 1.9374999999999996 2.625
v -2.6875 2.3124999999999996 4.375
v -2.6875 2.3124999999999996 2.625
v -2.6875 1.9374999999999993 4.375
v -2.6875 1.9374999999999993 2.625
v -2.375 1.6874999999999996 4.375
v -2.375 1.6874999999999996 2.625
v -2.375 1.3124999999999996 4.375
v -2.375 1.3124999999999996 2.625
v -2.6875 1.6874999999999993 4.375
v -2.6875 1.6874999999999993 2.625
v -2.6875 1.3124999999999993 4.375
v -2.6875 1.3124999999999993 2.625
v -2.375 1.0624999999999996 4.375
v -2.375 1.0624999999999996 2.625
v -2.375 0.6874999999999994 4.375
v -2.375 0.6874999999999994 2.625
v -2.6875 1.0624999999999993 4.375
v -2.6875 1.0624999999999993 2.625
v -2.6875 0.6874999999999994 4.375
v -2.6875 0.6874999999999994 2.625
v -2.2539031249999995 0.3951456249999996 4.375
v -2.2539031249999995 0.3951456249999996 2.625
v -1.9887381249999998 0.12998062499999952 4.375
v -1.9887381249999998 0.12998062499999952 2.625
v -2.4748737499999995 0.17417499999999952 4.375
v -2.4748737499999995 0.17417499999999952 2.625
v -2.2097087499999994 -0.09099000000000035 4.375
v -2.2097087499999994 -0.09099000000000035 2.625
v -1.8119612499999995 -0.04679625000000054 4.375
v -1.8119612499999995 -0.04679625000000054 2.625
v -1.5467962499999997 -0.3119612500000004 4.375
v -1.5467962499999997 -0.3119612500000004 2.625
v -2.0329318749999996 -0.2677668750000004 4.375
v -2.0329318749999996 -0.2677668750000004 2.625
v -1.7677668749999995 -0.5329318750000005 4.375
v -1.7677668749999995 -0.5329318750000005 2.625
v -1.3700193749999996 -0.48873812500000025 4.375
v -1.3700193749999996 -0.48873812500000025 2.625
v -1.1048543749999995 -0.7539031250000003 4.375
v -1.1048543749999995 -0.7539031250000003 2.625
v -1.5909899999999995 -0.7097087500000003 4.375
v -1.5909899999999995 -0.7097087500000003 2.625
v -1.3258249999999996 -0.9748737500000004 4.375
v -1.3258249999999996 -0.9748737500000004 2.625
v -0.8124999999999994 -0.875 4.375
v -0.8124999999999994 -0.875 2.625
v -0.43749999999999944 -0.875 4.375
v -0.43749999999999944 -0.875 2.625
v -0.8124999999999994 -1.1875 4.375
v -0.8124999999999994 -1.1875 2.625
v -0.4374999999999994 -1.1875 4.375
v -0.4374999999999994 -1.1875 2.625
v -0.18749999999999944 -0.875 4.375
v -0.18749999999999944 -0.875 2.625
v 0.18750000000000056 -0.875 4.375
v 0.18750000000000056 -0.875 2.625
v -0.1874999999999994 -1.1875 4.375
v -0.1874999999999994 -1.1875 2.625
v 0.18750000000000067 -1.1875 4.375
v 0.18750000000000067 -1.1875 2.625
v 0.43750000000000056 -0.875 4.375
v 0.43750000000000056 -0.875 2.625
v 0.8125000000000004 -0.875 4.375
v 0.8125000000000004 -0.875 2.625
v 0.43750000000000067 -1.1875 4.375
v 0.43750000000000067 -1.1875 2.625
v 0.8125000000000004 -1.1875 4.375
v 0.8125000000000004 -1.1875 2.625
v 1.1048543750000004 -0.7539031249999995 4.375
v 1.1048543750000004 -0.7539031249999995 2.625
v 1.3700193750000005 -0.4887381249999998 4.375
v 1.3700193750000005 -0.4887381249999998 2.625
v 1.3258250000000005 -0.9748737499999995 4.375
v 1.3258250000000005 -0.9748737499999995 2.625
v 1.5909900000000006 -0.7097087499999994 4.375
v 1.5909900000000006 -0.7097087499999994 2.625
v 1.5467962500000008 -0.3119612499999995 4.375
v 1.5467962500000008 -0.3119612499999995 2.625
v 1.8119612500000004 -0.04679624999999965 4.375
v 1.8119612500000004 -0.04679624999999965 2.625
v 1.7677668750000004 -0.5329318749999996 4.375
v 1.7677668750000004 -0.5329318749999996 2.625
v 2.0329318750000005 -0.2677668749999995 4.375
v 2.0329318750000005 -0.2677668749999995 2.625
v 1.9887381250000002 0.1299806250000004 4.375
v 1.9887381250000002 0.1299806250000004 2.625
v 2.2539031250000003 0.3951456250000005 4.375
v 2.2539031250000003 0.3951456250000005 2.625
v 2.2097087500000003 -0.09098999999999946 4.375
v 2.2097087500000003 -0.09098999999999946 2.625
v 2.4748737500000004 0.1741750000000004 4.375
v 2.4748737500000004 0.1741750000000004 2.625
v -3 2.25 3.9375
v -3 2.25 3.0625
v -3 1.625 3.9375
v -3 1.625 3.0625
v -3.0625 2.25 3.9375
v -3.0625 2.25 3.0625
v -3.0625 1.625 3.9375
v -3.0625 1.625 3.0625
v 3 2.25 3.0625
v 3 2.25 3.9375
v 3 1.625 3.0625
v 3 1.625 3.9375
v 3.0625 2.25 3.0625
v 3.0625 2.25 3.9375
v 3.0625 1.625 3.0625
v 3.0625 1.625 3.9375
v 1.75 1 5.6875
v 1.5 1 5.6875
v 1.75 0.375 5.6875
v 1.5 0.375 5.6875
v 1.75 1 6.3125
v 1.5 1 6.3125
v 1.75 0.375 6.3125
v 1.5 0.375 6.3125
v 2.8125 1.6875 4.9375
v 2.8125 1.6875 4.8125
v 2.8125 1.3125 4.9375
v 2.8125 1.3125 4.8125
v 2.4375000000000004 1.6875 4.9375
v 2.4375000000000004 1.6875 4.8125
v 2.4375000000000004 1.3125 4.9375
v 2.4375000000000004 1.3125 4.8125
v 2.8125 1.6875 5.3125
v 2.4375 1.6875 5.3125
v 2.8125 1.3125 5.3125
v 2.4375 1.3125 5.3125
v 2.8125 0.875 5.3125
v 2.4375 0.875 5.3125
v 2.4375000000000004 0.875 4.9375
v 2.8125 0.875 4.9375
v 2.8125 0.5 5.3125
v 2.4375 0.5 5.3125
v 2.4375000000000004 0.5 4.9375
v 2.8125 0.5 4.9375
v 2.4375 0.5 5.8125
v 2.8125 0.5 5.8125
v 2.8125 0.875 5.8125
v 2.4375 0.875 5.8125
v 2.4375 0.5 6.1875
v 2.8125 0.5 6.1875
v 2.8125 0.875 6.1875
v 2.4375 0.875 6.1875
v 1.75 0.5 6.1875
v 1.75 0.875 6.1875
v 1.75 0.875 5.8125
v 1.75 0.5 5.8125
v 2.9375 1.8125 4.8125
v 2.9375000000000004 1.8125 4.5625
v 2.9375 1.1875 4.8125
v 2.9375000000000004 1.1875 4.5625
v 2.3125000000000004 1.8125 4.8125
v 2.3125000000000004 1.8125 4.5625
v 2.3125000000000004 1.1875 4.8125
v 2.3125000000000004 1.1875 4.5625
v -3.5 1.375 1.625
v -3.5 1.375 1.5
v -3.5 0.5 1.625
v -3.5 0.5 1.5
v -3.375 1.375 1.625
v -3.375 1.375 1.5
v -3.375 0.5 1.625
v -3.375 0.5 1.5
v -3.5 1.375 2.75
v -3.5 1.375 2.625
v -3.5 0.5 2.75
v -3.5 0.5 2.625
v -3.375 1.375 2.75
v -3.375 1.375 2.625
v -3.375 0.5 2.75
v -3.375 0.5 2.625
v -2.25 1.375 1.625
v -2.25 1.375 1.5
v -2.25 0.5 1.625
v -2.25 0.5 1.5
v -2.375 1.375 1.625
v -2.375 1.375 1.5
v -2.375 0.5 1.625
v -2.375 0.5 1.5
v -1 1.375 1.625
v -1 1.375 1.5
v -1 0.5 1.625
v -1 0.5 1.5
v -1.125 1.375 1.625
v -1.125 1.375 1.5
v -1.125 0.5 1.625
v -1.125 0.5 1.5
v -1 1.375 1.625
v -1 1.375 1.5
v -3.5 1.375 1.625
v -3.5 1.375 1.5
v -1 1.5 1.625
v -1 1.5 1.5
v -3.5 1.5 1.625
v -3.5 1.5 1.5
v -2.25 1.5 1.5
v -2.25 1.5 1.625
v -2.25 1.375 1.625
v -2.25 1.375 1.5
v -3.375 1.375 1.625
v -3.5 1.375 1.625
v -3.375 1.375 3.5
v -3.5 1.375 3.5
v -3.375 1.5 1.625
v -3.5 1.5 1.625
v -3.375 1.5 3.5
v -3.5 1.5 3.5
v 1 1.375 1.625
v 1 1.375 1.5
v 1 0.5 1.625
v 1 0.5 1.5
v 1.125 1.375 1.625
v 1.125 1.375 1.5
v 1.125 0.5 1.625
v 1.125 0.5 1.5
v 1 1.375 1.625
v 1 1.375 1.5
v 3.5 1.375 1.625
v 3.5 1.375 1.5
v 1 1.5 1.625
v 1 1.5 1.5
v 3.5 1.5 1.625
v 3.5 1.5 1.5
v 2.25 1.5 1.5
v 2.25 1.5 1.625
v 2.25 1.375 1.625
v 2.25 1.375 1.5
v 2.25 1.375 1.625
v 2.25 1.375 1.5
v 2.25 0.5 1.625
v 2.25 0.5 1.5
v 2.375 1.375 1.625
v 2.375 1.375 1.5
v 2.375 0.5 1.625
v 2.375 0.5 1.5
v 3.5 1.375 1.625
v 3.5 1.375 1.5
v 3.5 0.5 1.625
v 3.5 0.5 1.5
v 3.375 1.375 1.625
v 3.375 1.375 1.5
v 3.375 0.5 1.625
v 3.375 0.5 1.5
v 3.375 1.375 1.625
v 3.5 1.375 1.625
v 3.375 1.375 3.5
v 3.5 1.375 3.5
v 3.375 1.5 1.625
v 3.5 1.5 1.625
v 3.375 1.5 3.5
v 3.5 1.5 3.5
v 3.5 1.375 2.5625
v 3.5 1.375 2.4375
v 3.5 0.5 2.5625
v 3.5 0.5 2.4375
v 3.375 1.375 2.5625
v 3.375 1.375 2.4375
v 3.375 0.5 2.5625
v 3.375 0.5 2.4375
v 3.5 1.375 3.5
v 3.5 1.375 3.375
v 3.5 0.5 3.5
v 3.5 0.5 3.375
v 3.375 1.375 3.5
v 3.375 1.375 3.375
v 3.375 0.5 3.5
v 3.375 0.5 3.375
v -3.375 1.375 3.5
v -3.5 1.375 3.5
v -3.375 1.375 5.375
v -3.5 1.375 5.375
v -3.375 1.5 3.5
v -3.5 1.5 3.5
v -3.375 1.5 5.375
v -3.5 1.5 5.375
v -2.25 1.375 5.5
v -2.25 1.375 5.375
v -2.25 0.5 5.5
v -2.25 0.5 5.375
v -2.375 1.375 5.5
v -2.375 1.375 5.375
v -2.375 0.5 5.5
v -2.375 0.5 5.375
v -1.5 1.375 5.5
v -1.5 1.375 5.375
v -3.5 1.375 5.5
v -3.5 1.375 5.375
v -1.5 1.5 5.5
v -1.5 1.5 5.375
v -3.5 1.5 5.5
v -3.5 1.5 5.375
v -3.5 1.375 5.5
v -3.5 1.375 5.375
v -3.5 0.5 5.5
v -3.5 0.5 5.375
v -3.375 1.375 5.5
v -3.375 1.375 5.375
v -3.375 0.5 5.5
v -3.375 0.5 5.375
v -3.5 1.375 4.375
v -3.5 1.375 4.25
v -3.5 0.5 4.375
v -3.5 0.5 4.25
v -3.375 1.375 4.375
v -3.375 1.375 4.25
v -3.375 0.5 4.375
v -3.375 0.5 4.25
vt 0.2552083333333333 0.30208333333333337
vt 0.2552083333333333 0.28125
vt 0.2760416666666667 0.28125
vt 0.2760416666666667 0.30208333333333337
vt 0.2552083333333333 0.30208333333333337
vt 0.2760416666666667 0.30208333333333337
vt 0.2760416666666667 0.28125
vt 0.2552083333333333 0.28125
vt 0.2552083333333333 0.28125
vt 0.2760416666666667 0.28125
vt 0.2760416666666667 0.30208333333333337
vt 0.2552083333333333 0.30208333333333337
vt 0.3385416666666667 0.33854166666666663
vt 0.3177083333333333 0.33854166666666663
vt 0.3177083333333333 0.31770833333333337
vt 0.3385416666666667 0.31770833333333337
vt 0.5416666666666666 0.9166666666666666
vt 0.5 0.9166666666666666
vt 0.5 0.875
vt 0.5416666666666666 0.875
vt 0.5520833333333334 0.875
vt 0.5833333333333334 0.875
vt 0.5833333333333334 0.9166666666666666
vt 0.5520833333333334 0.9166666666666666
vt 0.5520833333333334 0.875
vt 0.5833333333333334 0.875
vt 0.5833333333333334 0.9166666666666666
vt 0.5520833333333334 0.9166666666666666
vt 0.5833333333333334 0.9166666666666666
vt 0.5520833333333334 0.9166666666666666
vt 0.5520833333333334 0.875
vt 0.5833333333333334 0.875
vt 0.5833333333333334 0.9166666666666666
vt 0.5520833333333334 0.9166666666666666
vt 0.5520833333333334 0.875
vt 0.5833333333333334 0.875
vt 0.2552083333333333 0.30208333333333337
vt 0.2552083333333333 0.28125
vt 0.2760416666666667 0.28125
vt 0.2760416666666667 0.30208333333333337
vt 0.2552083333333333 0.30208333333333337
vt 0.2760416666666667 0.30208333333333337
vt 0.2760416666666667 0.28125
vt 0.2552083333333333 0.28125
vt 0.2552083333333333 0.28125
vt 0.2760416666666667 0.28125
vt 0.2760416666666667 0.30208333333333337
vt 0.2552083333333333 0.30208333333333337
vt 0.3385416666666667 0.33854166666666663
vt 0.3177083333333333 0.33854166666666663
vt 0.3177083333333333 0.31770833333333337
vt 0.3385416666666667 0.31770833333333337
vt 0.5416666666666666 0.9166666666666666
vt 0.5 0.9166666666666666
vt 0.5 0.875
vt 0.5416666666666666 0.875
vt 0.5520833333333334 0.875
vt 0.5833333333333334 0.875
vt 0.5833333333333334 0.9166666666666666
vt 0.5520833333333334 0.9166666666666666
vt 0.5520833333333334 0.875
vt 0.5833333333333334 0.875
vt 0.5833333333333334 0.9166666666666666
vt 0.5520833333333334 0.9166666666666666
vt 0.5833333333333334 0.9166666666666666
vt 0.5520833333333334 0.9166666666666666
vt 0.5520833333333334 0.875
vt 0.5833333333333334 0.875
vt 0.5833333333333334 0.9166666666666666
vt 0.5520833333333334 0.9166666666666666
vt 0.5520833333333334 0.875
vt 0.5833333333333334 0.875
vt 0.2552083333333333 0.30208333333333337
vt 0.2552083333333333 0.28125
vt 0.2760416666666667 0.28125
vt 0.2760416666666667 0.30208333333333337
vt 0.2552083333333333 0.30208333333333337
vt 0.2760416666666667 0.30208333333333337
vt 0.2760416666666667 0.28125
vt 0.2552083333333333 0.28125
vt 0.2552083333333333 0.28125
vt 0.2760416666666667 0.28125
vt 0.2760416666666667 0.30208333333333337
vt 0.2552083333333333 0.30208333333333337
vt 0.3385416666666667 0.33854166666666663
vt 0.3177083333333333 0.33854166666666663
vt 0.3177083333333333 0.31770833333333337
vt 0.3385416666666667 0.31770833333333337
vt 0.5416666666666666 0.9166666666666666
vt 0.5 0.9166666666666666
vt 0.5 0.875
vt 0.5416666666666666 0.875
vt 0.5520833333333334 0.875
vt 0.5833333333333334 0.875
vt 0.5833333333333334 0.9166666666666666
vt 0.5520833333333334 0.9166666666666666
vt 0.5520833333333334 0.875
vt 0.5833333333333334 0.875
vt 0.5833333333333334 0.9166666666666666
vt 0.5520833333333334 0.9166666666666666
vt 0.5833333333333334 0.9166666666666666
vt 0.5520833333333334 0.9166666666666666
vt 0.5520833333333334 0.875
vt 0.5833333333333334 0.875
vt 0.5833333333333334 0.9166666666666666
vt 0.5520833333333334 0.9166666666666666
vt 0.5520833333333334 0.875
vt 0.5833333333333334 0.875
vt 0.5104166666666666 0.19270833333333337
vt 0.5104166666666666 0.27604166666666663
vt 0.34375 0.27604166666666663
vt 0.34375 0.19270833333333337
vt 0.3958333333333333 0.109375
vt 0.3958333333333333 0.19270833333333337
vt 0.4791666666666667 0.19270833333333337
vt 0.4791666666666667 0.109375
vt 0.46875 0.19270833333333337
vt 0.46875 0.109375
vt 0.3854166666666667 0.109375
vt 0.3854166666666667 0.19270833333333337
vt 0.34375 0.27604166666666663
vt 0.5104166666666666 0.27604166666666663
vt 0.5104166666666666 0.19270833333333337
vt 0.34375 0.19270833333333337
vt 0.3645833333333333 0.109375
vt 0.3645833333333333 0.19270833333333337
vt 0.4895833333333333 0.19270833333333337
vt 0.4895833333333333 0.109375
vt 0.4895833333333333 0.19270833333333337
vt 0.4895833333333333 0.109375
vt 0.3645833333333333 0.109375
vt 0.3645833333333333 0.19270833333333337
vt 0.5104166666666666 0.27604166666666663
vt 0.34375 0.27604166666666663
vt 0.34375 0.19270833333333337
vt 0.5104166666666666 0.19270833333333337
vt 0.4791666666666667 0.19270833333333337
vt 0.3958333333333333 0.19270833333333337
vt 0.3958333333333333 0.109375
vt 0.4791666666666667 0.109375
vt 0.4270833333333333 0.19270833333333337
vt 0.34375 0.19270833333333337
vt 0.34375 0.27604166666666663
vt 0.4270833333333333 0.27604166666666663
vt 0.34375 0.19270833333333337
vt 0.34375 0.27604166666666663
vt 0.5104166666666666 0.27604166666666663
vt 0.5104166666666666 0.19270833333333337
vt 0.3645833333333333 0.109375
vt 0.3645833333333333 0.19270833333333337
vt 0.4895833333333333 0.19270833333333337
vt 0.4895833333333333 0.109375
vt 0.4895833333333333 0.19270833333333337
vt 0.4895833333333333 0.109375
vt 0.3645833333333333 0.109375
vt 0.3645833333333333 0.19270833333333337
vt 0.34375 0.27604166666666663
vt 0.5104166666666666 0.27604166666666663
vt 0.5104166666666666 0.19270833333333337
vt 0.34375 0.19270833333333337
vt 0.4791666666666667 0.19270833333333337
vt 0.3958333333333333 0.19270833333333337
vt 0.3958333333333333 0.109375
vt 0.4791666666666667 0.109375
vt 0.3854166666666667 0.109375
vt 0.46875 0.109375
vt 0.46875 0.19270833333333337
vt 0.3854166666666667 0.19270833333333337
vt 0.5104166666666666 0.19270833333333337
vt 0.5104166666666666 0.27604166666666663
vt 0.34375 0.27604166666666663
vt 0.34375 0.19270833333333337
vt 0.4895833333333333 0.19270833333333337
vt 0.3645833333333333 0.19270833333333337
vt 0.3645833333333333 0.109375
vt 0.4895833333333333 0.109375
vt 0.3645833333333333 0.109375
vt 0.4895833333333333 0.109375
vt 0.4895833333333333 0.19270833333333337
vt 0.3645833333333333 0.19270833333333337
vt 0.34375 0.19270833333333337
vt 0.34375 0.27604166666666663
vt 0.5104166666666666 0.27604166666666663
vt 0.5104166666666666 0.19270833333333337
vt 0.3958333333333333 0.109375
vt 0.3958333333333333 0.19270833333333337
vt 0.4791666666666667 0.19270833333333337
vt 0.4791666666666667 0.109375
vt 0.34375 0.27604166666666663
vt 0.34375 0.19270833333333337
vt 0.4270833333333333 0.19270833333333337
vt 0.4270833333333333 0.27604166666666663
vt 0.5104166666666666 0.27604166666666663
vt 0.34375 0.27604166666666663
vt 0.34375 0.19270833333333337
vt 0.5104166666666666 0.19270833333333337
vt 0.4895833333333333 0.19270833333333337
vt 0.3645833333333333 0.19270833333333337
vt 0.3645833333333333 0.109375
vt 0.4895833333333333 0.109375
vt 0.3645833333333333 0.109375
vt 0.4895833333333333 0.109375
vt 0.4895833333333333 0.19270833333333337
vt 0.3645833333333333 0.19270833333333337
vt 0.08333333333333333 0.20833333333333337
vt 0.08333333333333333 0.25
vt 0 0.25
vt 0 0.20833333333333337
vt 0.109375 0.20833333333333337
vt 0.109375 0.16666666666666663
vt 0.026041666666666668 0.16666666666666663
vt 0.026041666666666668 0.20833333333333337
vt 0.140625 0.16666666666666663
vt 0.140625 0.20833333333333337
vt 0.22395833333333334 0.20833333333333337
vt 0.22395833333333334 0.16666666666666663
vt 0.08333333333333333 0.25
vt 0.08333333333333333 0.20833333333333337
vt 0.16666666666666666 0.20833333333333337
vt 0.16666666666666666 0.25
vt 0.16666666666666666 0.16666666666666663
vt 0.16666666666666666 0.20833333333333337
vt 0 0.20833333333333337
vt 0 0.16666666666666663
vt 0 0.16666666666666663
vt 0 0.20833333333333337
vt 0.08333333333333333 0.20833333333333337
vt 0.08333333333333333 0.16666666666666663
vt 0.16666666666666666 0.20833333333333337
vt 0.25 0.20833333333333337
vt 0.25 0.16666666666666663
vt 0.16666666666666666 0.16666666666666663
vt 0 0.20833333333333337
vt 0.16666666666666666 0.20833333333333337
vt 0.16666666666666666 0.16666666666666663
vt 0 0.16666666666666663
vt 0.08333333333333333 0.20833333333333337
vt 0.20833333333333334 0.20833333333333337
vt 0.20833333333333334 0.16666666666666663
vt 0.08333333333333333 0.16666666666666663
vt 0.22395833333333334 0.16666666666666663
vt 0.09895833333333333 0.16666666666666663
vt 0.09895833333333333 0.20833333333333337
vt 0.22395833333333334 0.20833333333333337
vt 0.25 0.20833333333333337
vt 0.16666666666666666 0.20833333333333337
vt 0.16666666666666666 0.16666666666666663
vt 0.25 0.16666666666666663
vt 0.08333333333333333 0.20833333333333337
vt 0.25 0.20833333333333337
vt 0.25 0.16666666666666663
vt 0.08333333333333333 0.16666666666666663
vt 0.16666666666666666 0.25
vt 0.08333333333333333 0.25
vt 0.08333333333333333 0.20833333333333337
vt 0.16666666666666666 0.20833333333333337
vt 0.026041666666666668 0.16666666666666663
vt 0.109375 0.16666666666666663
vt 0.109375 0.20833333333333337
vt 0.026041666666666668 0.20833333333333337
vt 0.22395833333333334 0.20833333333333337
vt 0.140625 0.20833333333333337
vt 0.140625 0.16666666666666663
vt 0.22395833333333334 0.16666666666666663
vt 0 0.20833333333333337
vt 0.08333333333333333 0.20833333333333337
vt 0.08333333333333333 0.25
vt 0 0.25
vt 0.08333333333333333 0.16666666666666663
vt 0.08333333333333333 0.20833333333333337
vt 0 0.20833333333333337
vt 0 0.16666666666666663
vt 0.25 0.16666666666666663
vt 0.25 0.20833333333333337
vt 0.08333333333333333 0.20833333333333337
vt 0.08333333333333333 0.16666666666666663
vt 0.08333333333333333 0.16666666666666663
vt 0.20833333333333334 0.16666666666666663
vt 0.20833333333333334 0.20833333333333337
vt 0.08333333333333333 0.20833333333333337
vt 0.16666666666666666 0.20833333333333337
vt 0.041666666666666664 0.20833333333333337
vt 0.041666666666666664 0.16666666666666663
vt 0.16666666666666666 0.16666666666666663
vt 0.08333333333333333 0.20833333333333337
vt 0 0.20833333333333337
vt 0 0.16666666666666663
vt 0.08333333333333333 0.16666666666666663
vt 0.20833333333333334 0.20833333333333337
vt 0.20833333333333334 0.16666666666666663
vt 0.08333333333333333 0.16666666666666663
vt 0.08333333333333333 0.20833333333333337
vt 0.041666666666666664 0.16666666666666663
vt 0.041666666666666664 0.20833333333333337
vt 0.16666666666666666 0.20833333333333337
vt 0.16666666666666666 0.16666666666666663
vt 0.25 0.16666666666666663
vt 0.25 0.20833333333333337
vt 0.16666666666666666 0.20833333333333337
vt 0.16666666666666666 0.16666666666666663
vt 0 0.16666666666666663
vt 0 0.20833333333333337
vt 0.08333333333333333 0.20833333333333337
vt 0.08333333333333333 0.16666666666666663
vt 0.08333333333333333 0.16666666666666663
vt 0.20833333333333334 0.16666666666666663
vt 0.20833333333333334 0.20833333333333337
vt 0.08333333333333333 0.20833333333333337
vt 0.16666666666666666 0.20833333333333337
vt 0.041666666666666664 0.20833333333333337
vt 0.041666666666666664 0.16666666666666663
vt 0.16666666666666666 0.16666666666666663
vt 0.16666666666666666 0.20833333333333337
vt 0.25 0.20833333333333337
vt 0.25 0.16666666666666663
vt 0.16666666666666666 0.16666666666666663
vt 0.5208333333333334 0.48958333333333337
vt 0.5208333333333334 0.65625
vt 0.6041666666666666 0.65625
vt 0.6041666666666666 0.48958333333333337
vt 0.515625 0.6614583333333333
vt 0.515625 0.828125
vt 0.4322916666666667 0.828125
vt 0.4322916666666667 0.6614583333333333
vt 0.4270833333333333 0.6614583333333333
vt 0.4270833333333333 0.828125
vt 0.2604166666666667 0.828125
vt 0.2604166666666667 0.6614583333333333
vt 0.4270833333333333 0.6614583333333333
vt 0.4270833333333333 0.828125
vt 0.2604166666666667 0.828125
vt 0.2604166666666667 0.6614583333333333
vt 0.6041666666666666 0.828125
vt 0.5208333333333334 0.828125
vt 0.5208333333333334 0.6614583333333333
vt 0.6041666666666666 0.6614583333333333
vt 0.23958333333333334 0.25520833333333337
vt 0.23958333333333334 0.33854166666666663
vt 0.234375 0.33854166666666663
vt 0.234375 0.25520833333333337
vt 0.18229166666666666 0.25520833333333337
vt 0.18229166666666666 0.33854166666666663
vt 0.17708333333333334 0.33854166666666663
vt 0.17708333333333334 0.25520833333333337
vt 0.23958333333333334 0.33333333333333337
vt 0.23958333333333334 0.33854166666666663
vt 0.17708333333333334 0.33854166666666663
vt 0.17708333333333334 0.33333333333333337
vt 0.23958333333333334 0.25520833333333337
vt 0.23958333333333334 0.26041666666666663
vt 0.17708333333333334 0.26041666666666663
vt 0.17708333333333334 0.25520833333333337
vt 0.23958333333333334 0.25520833333333337
vt 0.23958333333333334 0.33854166666666663
vt 0.17708333333333334 0.33854166666666663
vt 0.17708333333333334 0.25520833333333337
vt 1 1
vt 0.9166666666666666 1
vt 0.9166666666666666 0.75
vt 1 0.75
vt 1 1
vt 0.9166666666666666 1
vt 0.9166666666666666 0.75
vt 1 0.75
vt 0 0.16666666666666663
vt 0.21875 0.16666666666666663
vt 0.21875 0.08333333333333337
vt 0 0.08333333333333337
vt 0.515625 0.078125
vt 0.734375 0.078125
vt 0.734375 0.16145833333333337
vt 0.515625 0.16145833333333337
vt 0.21875 1
vt 0 1
vt 0 0.75
vt 0.21875 0.75
vt 0.21875 1
vt 0 1
vt 0 0.75
vt 0.21875 0.75
vt 0.5208333333333334 0.484375
vt 0.6041666666666666 0.484375
vt 0.6041666666666666 0.42708333333333337
vt 0.5208333333333334 0.42708333333333337
vt 0.6041666666666666 0.484375
vt 0.5208333333333334 0.484375
vt 0.5208333333333334 0.42708333333333337
vt 0.6041666666666666 0.42708333333333337
vt 0.9166666666666666 0.75
vt 0.75 0.75
vt 0.7083333333333334 0.7083333333333333
vt 0.9583333333333334 0.7083333333333333
vt 0.9166666666666666 0.75
vt 0.75 0.75
vt 0.7083333333333334 0.7083333333333333
vt 0.9583333333333334 0.7083333333333333
vt 0.6041666666666666 0.828125
vt 0.6041666666666666 0.6614583333333333
vt 0.5208333333333334 0.6614583333333333
vt 0.5208333333333334 0.828125
vt 0.5208333333333334 0.828125
vt 0.6041666666666666 0.828125
vt 0.6041666666666666 0.6614583333333333
vt 0.5208333333333334 0.6614583333333333
vt 0.515625 0.828125
vt 0.4322916666666667 0.828125
vt 0.4322916666666667 0.6614583333333333
vt 0.515625 0.6614583333333333
vt 0.9583333333333334 0.6666666666666667
vt 0.7083333333333334 0.6666666666666667
vt 0.7083333333333334 0.5
vt 0.9583333333333334 0.5
vt 0.9583333333333334 0.6666666666666667
vt 0.7083333333333334 0.6666666666666667
vt 0.7083333333333334 0.5
vt 0.9583333333333334 0.5
vt 0.3072916666666667 0.4375
vt 0.3072916666666667 0.6458333333333333
vt 0.3020833333333333 0.6458333333333333
vt 0.3020833333333333 0.4375
vt 0.3020833333333333 0.6614583333333333
vt 0.3020833333333333 0.421875
vt 0.3072916666666667 0.421875
vt 0.3072916666666667 0.6614583333333333
vt 0.203125 0.640625
vt 0.203125 0.45833333333333337
vt 0.20833333333333334 0.45833333333333337
vt 0.20833333333333334 0.640625
vt 0.13541666666666666 0.5208333333333333
vt 0.13541666666666666 0.6354166666666667
vt 0.13020833333333334 0.6354166666666667
vt 0.13020833333333334 0.5208333333333333
vt 0.3020833333333333 0.6354166666666667
vt 0.3020833333333333 0.42708333333333337
vt 0.3072916666666667 0.42708333333333337
vt 0.3072916666666667 0.6354166666666667
vt 0.3020833333333333 0.6614583333333333
vt 0.3020833333333333 0.421875
vt 0.3072916666666667 0.421875
vt 0.3072916666666667 0.6614583333333333
vt 0.13020833333333334 0.640625
vt 0.13020833333333334 0.5260416666666667
vt 0.13541666666666666 0.5260416666666667
vt 0.13541666666666666 0.640625
vt 0.13541666666666666 0.47916666666666663
vt 0.13541666666666666 0.6614583333333333
vt 0.13020833333333334 0.6614583333333333
vt 0.13020833333333334 0.47916666666666663
vt 0.3020833333333333 0.6510416666666667
vt 0.3020833333333333 0.44270833333333337
vt 0.3072916666666667 0.44270833333333337
vt 0.3072916666666667 0.6510416666666667
vt 0.3072916666666667 0.421875
vt 0.3072916666666667 0.6614583333333333
vt 0.3020833333333333 0.6614583333333333
vt 0.3020833333333333 0.421875
vt 0.3020833333333333 0.6458333333333333
vt 0.3020833333333333 0.46354166666666663
vt 0.3072916666666667 0.46354166666666663
vt 0.3072916666666667 0.6458333333333333
vt 0.3072916666666667 0.48958333333333337
vt 0.3072916666666667 0.6041666666666667
vt 0.3020833333333333 0.6041666666666667
vt 0.3020833333333333 0.48958333333333337
vt 0.3020833333333333 0.6354166666666667
vt 0.3020833333333333 0.42708333333333337
vt 0.3072916666666667 0.42708333333333337
vt 0.3072916666666667 0.6354166666666667
vt 0.3072916666666667 0.421875
vt 0.3072916666666667 0.6614583333333333
vt 0.3020833333333333 0.6614583333333333
vt 0.3020833333333333 0.421875
vt 0.3020833333333333 0.6354166666666667
vt 0.3020833333333333 0.5208333333333333
vt 0.3072916666666667 0.5208333333333333
vt 0.3072916666666667 0.6354166666666667
vt 0.3072916666666667 0.45833333333333337
vt 0.3072916666666667 0.640625
vt 0.3020833333333333 0.640625
vt 0.3020833333333333 0.45833333333333337
vt 0.8177083333333334 0.7604166666666666
vt 0.7552083333333334 0.775390625
vt 0.7552083333333334 0.9850260416666666
vt 0.8177083333333334 1
vt 0.8177083333333334 0.775390625
vt 0.8177083333333334 0.9850260416666666
vt 0.7552083333333334 1
vt 0.7552083333333334 0.7604166666666666
vt 0.7552083333333334 0.775390625
vt 0.7552083333333334 0.9850260416666666
vt 0.8177083333333334 1
vt 0.8177083333333334 0.7604166666666666
vt 0.8177083333333334 0.7604166666666666
vt 0.7552083333333334 0.775390625
vt 0.7552083333333334 0.9850260416666666
vt 0.8177083333333334 1
vt 0.8333333333333334 0.9354817708333334
vt 0.8958333333333334 0.96875
vt 0.8958333333333334 0.7864583333333334
vt 0.8333333333333334 0.8197265625
vt 0.8958333333333334 0.96875
vt 0.8958333333333334 0.7864583333333334
vt 0.8333333333333334 0.8197265625
vt 0.8333333333333334 0.9354817708333334
vt 0.8333333333333334 0.9354817708333334
vt 0.8958333333333334 0.96875
vt 0.8958333333333334 0.7864583333333334
vt 0.8333333333333334 0.8197265625
vt 0.8958333333333334 0.96875
vt 0.8958333333333334 0.7864583333333334
vt 0.8333333333333334 0.8197265625
vt 0.8333333333333334 0.9354817708333334
vt 0.7552083333333334 0.9850260416666666
vt 0.7552083333333334 0.775390625
vt 0.8177083333333334 0.7604166666666666
vt 0.8177083333333334 1
vt 0.8177083333333334 1
vt 0.7552083333333334 0.9850260416666666
vt 0.7552083333333334 0.775390625
vt 0.8177083333333334 0.7604166666666666
vt 0.8177083333333334 1
vt 0.7552083333333334 0.9850260416666666
vt 0.7552083333333334 0.775390625
vt 0.8177083333333334 0.7604166666666666
vt 0.7552083333333334 0.9850260416666666
vt 0.7552083333333334 0.775390625
vt 0.8177083333333334 0.7604166666666666
vt 0.8177083333333334 1
vt 0.8958333333333334 0.7864583333333334
vt 0.8958333333333334 0.96875
vt 0.8333333333333334 0.9354817708333334
vt 0.8333333333333334 0.8197265625
vt 0.8333333333333334 0.8197265625
vt 0.8958333333333334 0.7864583333333334
vt 0.8958333333333334 0.96875
vt 0.8333333333333334 0.9354817708333334
vt 0.8958333333333334 0.7864583333333334
vt 0.8958333333333334 0.96875
vt 0.8333333333333334 0.9354817708333334
vt 0.8333333333333334 0.8197265625
vt 0.8333333333333334 0.8197265625
vt 0.8958333333333334 0.7864583333333334
vt 0.8958333333333334 0.96875
vt 0.8333333333333334 0.9354817708333334
vt 0.171875 0.6614583333333333
vt 0.171875 0.421875
vt 0.3385416666666667 0.421875
vt 0.3385416666666667 0.6614583333333333
vt 0.3385416666666667 0.4375
vt 0.3385416666666667 0.6458333333333333
vt 0.171875 0.6458333333333333
vt 0.171875 0.4375
vt 0.3385416666666667 0.6614583333333333
vt 0.171875 0.6614583333333333
vt 0.171875 0.421875
vt 0.3385416666666667 0.421875
vt 0.171875 0.4375
vt 0.3385416666666667 0.4375
vt 0.3385416666666667 0.6458333333333333
vt 0.171875 0.6458333333333333
vt 0.171875 0.421875
vt 0.3385416666666667 0.421875
vt 0.3385416666666667 0.6614583333333333
vt 0.171875 0.6614583333333333
vt 0.171875 0.4375
vt 0.3385416666666667 0.4375
vt 0.3385416666666667 0.6458333333333333
vt 0.171875 0.6458333333333333
vt 0.3385416666666667 0.421875
vt 0.3385416666666667 0.6614583333333333
vt 0.171875 0.6614583333333333
vt 0.171875 0.421875
vt 0.3385416666666667 0.4375
vt 0.3385416666666667 0.6458333333333333
vt 0.171875 0.6458333333333333
vt 0.171875 0.4375
vt 0 0.6614583333333333
vt 0 0.47916666666666663
vt 0.16666666666666666 0.47916666666666663
vt 0.16666666666666666 0.6614583333333333
vt 0.3385416666666667 0.46875
vt 0.3385416666666667 0.6145833333333333
vt 0.171875 0.6145833333333333
vt 0.171875 0.46875
vt 0.3385416666666667 0.46875
vt 0.3385416666666667 0.6145833333333333
vt 0.171875 0.6145833333333333
vt 0.171875 0.46875
vt 0.16666666666666666 0.47916666666666663
vt 0.16666666666666666 0.6614583333333333
vt 0 0.6614583333333333
vt 0 0.47916666666666663
vt 0.171875 0.6145833333333333
vt 0.171875 0.46875
vt 0.3385416666666667 0.46875
vt 0.3385416666666667 0.6145833333333333
vt 0.16666666666666666 0.47916666666666663
vt 0.16666666666666666 0.6614583333333333
vt 0 0.6614583333333333
vt 0 0.47916666666666663
vt 0.3385416666666667 0.46875
vt 0.3385416666666667 0.6145833333333333
vt 0.171875 0.6145833333333333
vt 0.171875 0.46875
vt 0.16666666666666666 0.47916666666666663
vt 0.16666666666666666 0.6614583333333333
vt 0 0.6614583333333333
vt 0 0.47916666666666663
vt 0.3802083333333333 0.5885416666666667
vt 0.3385416666666667 0.603515625
vt 0.3385416666666667 0.8131510416666666
vt 0.3802083333333333 0.828125
vt 0.3385416666666667 0.603515625
vt 0.3385416666666667 0.8131510416666666
vt 0.3802083333333333 0.828125
vt 0.3802083333333333 0.5885416666666667
vt 0.3385416666666667 0.8131510416666666
vt 0.3385416666666667 0.603515625
vt 0.3802083333333333 0.5885416666666667
vt 0.3802083333333333 0.828125
vt 0.3802083333333333 0.5885416666666667
vt 0.3385416666666667 0.603515625
vt 0.3385416666666667 0.8131510416666666
vt 0.3802083333333333 0.828125
vt 0.3854166666666667 0.7833984375
vt 0.4270833333333333 0.8020833333333334
vt 0.4270833333333333 0.6197916666666667
vt 0.3854166666666667 0.6384765625
vt 0.4270833333333333 0.6197916666666667
vt 0.3854166666666667 0.6384765625
vt 0.3854166666666667 0.7833984375
vt 0.4270833333333333 0.8020833333333334
vt 0.3854166666666667 0.7833984375
vt 0.4270833333333333 0.8020833333333334
vt 0.4270833333333333 0.6197916666666667
vt 0.3854166666666667 0.6384765625
vt 0.4270833333333333 0.8020833333333334
vt 0.3854166666666667 0.7833984375
vt 0.3854166666666667 0.6384765625
vt 0.4270833333333333 0.6197916666666667
vt 0.3020833333333333 0.4375
vt 0.3020833333333333 0.6458333333333333
vt 0.296875 0.6458333333333333
vt 0.296875 0.4375
vt 0.296875 0.6614583333333333
vt 0.296875 0.421875
vt 0.3020833333333333 0.421875
vt 0.3020833333333333 0.6614583333333333
vt 0.125 0.6614583333333333
vt 0.125 0.47916666666666663
vt 0.13020833333333334 0.47916666666666663
vt 0.13020833333333334 0.6614583333333333
vt 0.13020833333333334 0.5208333333333333
vt 0.13020833333333334 0.6354166666666667
vt 0.125 0.6354166666666667
vt 0.125 0.5208333333333333
vt 0.296875 0.6354166666666667
vt 0.296875 0.42708333333333337
vt 0.3020833333333333 0.42708333333333337
vt 0.3020833333333333 0.6354166666666667
vt 0.296875 0.6614583333333333
vt 0.296875 0.421875
vt 0.3020833333333333 0.421875
vt 0.3020833333333333 0.6614583333333333
vt 0.125 0.640625
vt 0.125 0.5260416666666667
vt 0.13020833333333334 0.5260416666666667
vt 0.13020833333333334 0.640625
vt 0.13020833333333334 0.47916666666666663
vt 0.13020833333333334 0.6614583333333333
vt 0.125 0.6614583333333333
vt 0.125 0.47916666666666663
vt 0.296875 0.6510416666666667
vt 0.296875 0.44270833333333337
vt 0.3020833333333333 0.44270833333333337
vt 0.3020833333333333 0.6510416666666667
vt 0.3020833333333333 0.421875
vt 0.3020833333333333 0.6614583333333333
vt 0.296875 0.6614583333333333
vt 0.296875 0.421875
vt 0.296875 0.6458333333333333
vt 0.296875 0.46354166666666663
vt 0.3020833333333333 0.46354166666666663
vt 0.3020833333333333 0.6458333333333333
vt 0.3020833333333333 0.48958333333333337
vt 0.3020833333333333 0.6041666666666667
vt 0.296875 0.6041666666666667
vt 0.296875 0.48958333333333337
vt 0.296875 0.6354166666666667
vt 0.296875 0.42708333333333337
vt 0.3020833333333333 0.42708333333333337
vt 0.3020833333333333 0.6354166666666667
vt 0.3020833333333333 0.421875
vt 0.3020833333333333 0.6614583333333333
vt 0.296875 0.6614583333333333
vt 0.296875 0.421875
vt 0.296875 0.6354166666666667
vt 0.296875 0.5208333333333333
vt 0.3020833333333333 0.5208333333333333
vt 0.3020833333333333 0.6354166666666667
vt 0.3020833333333333 0.45833333333333337
vt 0.3020833333333333 0.640625
vt 0.296875 0.640625
vt 0.296875 0.45833333333333337
vt 0.8177083333333334 0.7604166666666666
vt 0.7552083333333334 0.775390625
vt 0.7552083333333334 0.9850260416666666
vt 0.8177083333333334 1
vt 0.7552083333333334 0.775390625
vt 0.7552083333333334 0.9850260416666666
vt 0.8177083333333334 1
vt 0.8177083333333334 0.7604166666666666
vt 0.7552083333333334 0.775390625
vt 0.7552083333333334 0.9850260416666666
vt 0.8177083333333334 1
vt 0.8177083333333334 0.7604166666666666
vt 0.8177083333333334 0.7604166666666666
vt 0.7552083333333334 0.775390625
vt 0.7552083333333334 0.9850260416666666
vt 0.8177083333333334 1
vt 0.8333333333333334 0.9354817708333334
vt 0.8958333333333334 0.96875
vt 0.8958333333333334 0.7864583333333334
vt 0.8333333333333334 0.8197265625
vt 0.8958333333333334 0.96875
vt 0.8958333333333334 0.7864583333333334
vt 0.8333333333333334 0.8197265625
vt 0.8333333333333334 0.9354817708333334
vt 0.8333333333333334 0.9354817708333334
vt 0.8958333333333334 0.96875
vt 0.8958333333333334 0.7864583333333334
vt 0.8333333333333334 0.8197265625
vt 0.8958333333333334 0.96875
vt 0.8958333333333334 0.7864583333333334
vt 0.8333333333333334 0.8197265625
vt 0.8333333333333334 0.9354817708333334
vt 0.7552083333333334 0.9850260416666666
vt 0.7552083333333334 0.775390625
vt 0.8177083333333334 0.7604166666666666
vt 0.8177083333333334 1
vt 0.7552083333333334 1
vt 0.8177083333333334 0.9850260416666666
vt 0.8177083333333334 0.775390625
vt 0.7552083333333334 0.7604166666666666
vt 0.8177083333333334 1
vt 0.7552083333333334 0.9850260416666666
vt 0.7552083333333334 0.775390625
vt 0.8177083333333334 0.7604166666666666
vt 0.7552083333333334 0.9850260416666666
vt 0.7552083333333334 0.775390625
vt 0.8177083333333334 0.7604166666666666
vt 0.8177083333333334 1
vt 0.8958333333333334 0.7864583333333334
vt 0.8958333333333334 0.96875
vt 0.8333333333333334 0.9354817708333334
vt 0.8333333333333334 0.8197265625
vt 0.8333333333333334 0.8197265625
vt 0.8958333333333334 0.7864583333333334
vt 0.8958333333333334 0.96875
vt 0.8333333333333334 0.9354817708333334
vt 0.8958333333333334 0.7864583333333334
vt 0.8958333333333334 0.96875
vt 0.8333333333333334 0.9354817708333334
vt 0.8333333333333334 0.8197265625
vt 0.8333333333333334 0.8197265625
vt 0.8958333333333334 0.7864583333333334
vt 0.8958333333333334 0.96875
vt 0.8333333333333334 0.9354817708333334
vt 0.9270833333333334 0.20833333333333337
vt 0.9270833333333334 0.23958333333333337
vt 0.9010416666666666 0.23958333333333337
vt 0.9010416666666666 0.20833333333333337
vt 0.921875 0.20833333333333337
vt 0.921875 0.23958333333333337
vt 0.8958333333333334 0.23958333333333337
vt 0.8958333333333334 0.20833333333333337
vt 0.9895833333333334 0.27604166666666663
vt 0.84375 0.27604166666666663
vt 0.84375 0.30208333333333337
vt 0.9895833333333334 0.30208333333333337
vt 0.9895833333333334 0.23958333333333337
vt 0.84375 0.23958333333333337
vt 0.84375 0.20833333333333337
vt 0.9895833333333334 0.20833333333333337
vt 0.84375 0.25
vt 0.9895833333333334 0.25
vt 0.9895833333333334 0.27604166666666663
vt 0.84375 0.27604166666666663
vt 0.9270833333333334 0.20833333333333337
vt 0.9270833333333334 0.23958333333333337
vt 0.9010416666666666 0.23958333333333337
vt 0.9010416666666666 0.20833333333333337
vt 0.921875 0.20833333333333337
vt 0.921875 0.23958333333333337
vt 0.8958333333333334 0.23958333333333337
vt 0.8958333333333334 0.20833333333333337
vt 0.9895833333333334 0.27604166666666663
vt 0.84375 0.27604166666666663
vt 0.84375 0.30208333333333337
vt 0.9895833333333334 0.30208333333333337
vt 0.9895833333333334 0.23958333333333337
vt 0.84375 0.23958333333333337
vt 0.84375 0.20833333333333337
vt 0.9895833333333334 0.20833333333333337
vt 0.84375 0.25
vt 0.9895833333333334 0.25
vt 0.9895833333333334 0.27604166666666663
vt 0.84375 0.27604166666666663
vt 0.9270833333333334 0.20833333333333337
vt 0.9270833333333334 0.23958333333333337
vt 0.9010416666666666 0.23958333333333337
vt 0.9010416666666666 0.20833333333333337
vt 0.921875 0.20833333333333337
vt 0.921875 0.23958333333333337
vt 0.8958333333333334 0.23958333333333337
vt 0.8958333333333334 0.20833333333333337
vt 0.9895833333333334 0.27604166666666663
vt 0.84375 0.27604166666666663
vt 0.84375 0.30208333333333337
vt 0.9895833333333334 0.30208333333333337
vt 0.9895833333333334 0.23958333333333337
vt 0.84375 0.23958333333333337
vt 0.84375 0.20833333333333337
vt 0.9895833333333334 0.20833333333333337
vt 0.84375 0.25
vt 0.9895833333333334 0.25
vt 0.9895833333333334 0.27604166666666663
vt 0.84375 0.27604166666666663
vt 0.9270833333333334 0.20833333333333337
vt 0.9270833333333334 0.23958333333333337
vt 0.9010416666666666 0.23958333333333337
vt 0.9010416666666666 0.20833333333333337
vt 0.921875 0.20833333333333337
vt 0.921875 0.23958333333333337
vt 0.8958333333333334 0.23958333333333337
vt 0.8958333333333334 0.20833333333333337
vt 0.9895833333333334 0.27604166666666663
vt 0.84375 0.27604166666666663
vt 0.84375 0.30208333333333337
vt 0.9895833333333334 0.30208333333333337
vt 0.9895833333333334 0.23958333333333337
vt 0.84375 0.23958333333333337
vt 0.84375 0.20833333333333337
vt 0.9895833333333334 0.20833333333333337
vt 0.84375 0.25
vt 0.9895833333333334 0.25
vt 0.9895833333333334 0.27604166666666663
vt 0.84375 0.27604166666666663
vt 0.9270833333333334 0.20833333333333337
vt 0.9270833333333334 0.23958333333333337
vt 0.9010416666666666 0.23958333333333337
vt 0.9010416666666666 0.20833333333333337
vt 0.921875 0.20833333333333337
vt 0.921875 0.23958333333333337
vt 0.8958333333333334 0.23958333333333337
vt 0.8958333333333334 0.20833333333333337
vt 0.9895833333333334 0.27604166666666663
vt 0.84375 0.27604166666666663
vt 0.84375 0.30208333333333337
vt 0.9895833333333334 0.30208333333333337
vt 0.9895833333333334 0.23958333333333337
vt 0.84375 0.23958333333333337
vt 0.84375 0.20833333333333337
vt 0.9895833333333334 0.20833333333333337
vt 0.84375 0.25
vt 0.9895833333333334 0.25
vt 0.9895833333333334 0.27604166666666663
vt 0.84375 0.27604166666666663
vt 0.9270833333333334 0.20833333333333337
vt 0.9270833333333334 0.23958333333333337
vt 0.9010416666666666 0.23958333333333337
vt 0.9010416666666666 0.20833333333333337
vt 0.921875 0.20833333333333337
vt 0.921875 0.23958333333333337
vt 0.8958333333333334 0.23958333333333337
vt 0.8958333333333334 0.20833333333333337
vt 0.9895833333333334 0.27604166666666663
vt 0.84375 0.27604166666666663
vt 0.84375 0.30208333333333337
vt 0.9895833333333334 0.30208333333333337
vt 0.9895833333333334 0.23958333333333337
vt 0.84375 0.23958333333333337
vt 0.84375 0.20833333333333337
vt 0.9895833333333334 0.20833333333333337
vt 0.84375 0.25
vt 0.9895833333333334 0.25
vt 0.9895833333333334 0.27604166666666663
vt 0.84375 0.27604166666666663
vt 0.9270833333333334 0.20833333333333337
vt 0.9270833333333334 0.23958333333333337
vt 0.9010416666666666 0.23958333333333337
vt 0.9010416666666666 0.20833333333333337
vt 0.921875 0.20833333333333337
vt 0.921875 0.23958333333333337
vt 0.8958333333333334 0.23958333333333337
vt 0.8958333333333334 0.20833333333333337
vt 0.9895833333333334 0.27604166666666663
vt 0.84375 0.27604166666666663
vt 0.84375 0.30208333333333337
vt 0.9895833333333334 0.30208333333333337
vt 0.9895833333333334 0.23958333333333337
vt 0.84375 0.23958333333333337
vt 0.84375 0.20833333333333337
vt 0.9895833333333334 0.20833333333333337
vt 0.84375 0.25
vt 0.9895833333333334 0.25
vt 0.9895833333333334 0.27604166666666663
vt 0.84375 0.27604166666666663
vt 0.9270833333333334 0.20833333333333337
vt 0.9270833333333334 0.23958333333333337
vt 0.9010416666666666 0.23958333333333337
vt 0.9010416666666666 0.20833333333333337
vt 0.921875 0.20833333333333337
vt 0.921875 0.23958333333333337
vt 0.8958333333333334 0.23958333333333337
vt 0.8958333333333334 0.20833333333333337
vt 0.9895833333333334 0.27604166666666663
vt 0.84375 0.27604166666666663
vt 0.84375 0.30208333333333337
vt 0.9895833333333334 0.30208333333333337
vt 0.9895833333333334 0.23958333333333337
vt 0.84375 0.23958333333333337
vt 0.84375 0.20833333333333337
vt 0.9895833333333334 0.20833333333333337
vt 0.84375 0.25
vt 0.9895833333333334 0.25
vt 0.9895833333333334 0.27604166666666663
vt 0.84375 0.27604166666666663
vt 0.9270833333333334 0.20833333333333337
vt 0.9270833333333334 0.23958333333333337
vt 0.9010416666666666 0.23958333333333337
vt 0.9010416666666666 0.20833333333333337
vt 0.921875 0.20833333333333337
vt 0.921875 0.23958333333333337
vt 0.8958333333333334 0.23958333333333337
vt 0.8958333333333334 0.20833333333333337
vt 0.9895833333333334 0.27604166666666663
vt 0.84375 0.27604166666666663
vt 0.84375 0.30208333333333337
vt 0.9895833333333334 0.30208333333333337
vt 0.9895833333333334 0.23958333333333337
vt 0.84375 0.23958333333333337
vt 0.84375 0.20833333333333337
vt 0.9895833333333334 0.20833333333333337
vt 0.84375 0.25
vt 0.9895833333333334 0.25
vt 0.9895833333333334 0.27604166666666663
vt 0.84375 0.27604166666666663
vt 0.9270833333333334 0.20833333333333337
vt 0.9270833333333334 0.23958333333333337
vt 0.9010416666666666 0.23958333333333337
vt 0.9010416666666666 0.20833333333333337
vt 0.921875 0.20833333333333337
vt 0.921875 0.23958333333333337
vt 0.8958333333333334 0.23958333333333337
vt 0.8958333333333334 0.20833333333333337
vt 0.9895833333333334 0.27604166666666663
vt 0.84375 0.27604166666666663
vt 0.84375 0.30208333333333337
vt 0.9895833333333334 0.30208333333333337
vt 0.9895833333333334 0.23958333333333337
vt 0.84375 0.23958333333333337
vt 0.84375 0.20833333333333337
vt 0.9895833333333334 0.20833333333333337
vt 0.84375 0.25
vt 0.9895833333333334 0.25
vt 0.9895833333333334 0.27604166666666663
vt 0.84375 0.27604166666666663
vt 0.9270833333333334 0.20833333333333337
vt 0.9270833333333334 0.23958333333333337
vt 0.9010416666666666 0.23958333333333337
vt 0.9010416666666666 0.20833333333333337
vt 0.921875 0.20833333333333337
vt 0.921875 0.23958333333333337
vt 0.8958333333333334 0.23958333333333337
vt 0.8958333333333334 0.20833333333333337
vt 0.9895833333333334 0.27604166666666663
vt 0.84375 0.27604166666666663
vt 0.84375 0.30208333333333337
vt 0.9895833333333334 0.30208333333333337
vt 0.9895833333333334 0.23958333333333337
vt 0.84375 0.23958333333333337
vt 0.84375 0.20833333333333337
vt 0.9895833333333334 0.20833333333333337
vt 0.84375 0.25
vt 0.9895833333333334 0.25
vt 0.9895833333333334 0.27604166666666663
vt 0.84375 0.27604166666666663
vt 0.9270833333333334 0.20833333333333337
vt 0.9270833333333334 0.23958333333333337
vt 0.9010416666666666 0.23958333333333337
vt 0.9010416666666666 0.20833333333333337
vt 0.921875 0.20833333333333337
vt 0.921875 0.23958333333333337
vt 0.8958333333333334 0.23958333333333337
vt 0.8958333333333334 0.20833333333333337
vt 0.9895833333333334 0.27604166666666663
vt 0.84375 0.27604166666666663
vt 0.84375 0.30208333333333337
vt 0.9895833333333334 0.30208333333333337
vt 0.9895833333333334 0.23958333333333337
vt 0.84375 0.23958333333333337
vt 0.84375 0.20833333333333337
vt 0.9895833333333334 0.20833333333333337
vt 0.84375 0.25
vt 0.9895833333333334 0.25
vt 0.9895833333333334 0.27604166666666663
vt 0.84375 0.27604166666666663
vt 0.9270833333333334 0.20833333333333337
vt 0.9270833333333334 0.23958333333333337
vt 0.9010416666666666 0.23958333333333337
vt 0.9010416666666666 0.20833333333333337
vt 0.921875 0.20833333333333337
vt 0.921875 0.23958333333333337
vt 0.8958333333333334 0.23958333333333337
vt 0.8958333333333334 0.20833333333333337
vt 0.9895833333333334 0.27604166666666663
vt 0.84375 0.27604166666666663
vt 0.84375 0.30208333333333337
vt 0.9895833333333334 0.30208333333333337
vt 0.9895833333333334 0.23958333333333337
vt 0.84375 0.23958333333333337
vt 0.84375 0.20833333333333337
vt 0.9895833333333334 0.20833333333333337
vt 0.84375 0.25
vt 0.9895833333333334 0.25
vt 0.9895833333333334 0.27604166666666663
vt 0.84375 0.27604166666666663
vt 0.9270833333333334 0.20833333333333337
vt 0.9270833333333334 0.23958333333333337
vt 0.9010416666666666 0.23958333333333337
vt 0.9010416666666666 0.20833333333333337
vt 0.921875 0.20833333333333337
vt 0.921875 0.23958333333333337
vt 0.8958333333333334 0.23958333333333337
vt 0.8958333333333334 0.20833333333333337
vt 0.9895833333333334 0.27604166666666663
vt 0.84375 0.27604166666666663
vt 0.84375 0.30208333333333337
vt 0.9895833333333334 0.30208333333333337
vt 0.9895833333333334 0.23958333333333337
vt 0.84375 0.23958333333333337
vt 0.84375 0.20833333333333337
vt 0.9895833333333334 0.20833333333333337
vt 0.84375 0.25
vt 0.9895833333333334 0.25
vt 0.9895833333333334 0.27604166666666663
vt 0.84375 0.27604166666666663
vt 0.9270833333333334 0.20833333333333337
vt 0.9270833333333334 0.23958333333333337
vt 0.9010416666666666 0.23958333333333337
vt 0.9010416666666666 0.20833333333333337
vt 0.921875 0.20833333333333337
vt 0.921875 0.23958333333333337
vt 0.8958333333333334 0.23958333333333337
vt 0.8958333333333334 0.20833333333333337
vt 0.9895833333333334 0.27604166666666663
vt 0.84375 0.27604166666666663
vt 0.84375 0.30208333333333337
vt 0.9895833333333334 0.30208333333333337
vt 0.9895833333333334 0.23958333333333337
vt 0.84375 0.23958333333333337
vt 0.84375 0.20833333333333337
vt 0.9895833333333334 0.20833333333333337
vt 0.84375 0.25
vt 0.9895833333333334 0.25
vt 0.9895833333333334 0.27604166666666663
vt 0.84375 0.27604166666666663
vt 0.9270833333333334 0.20833333333333337
vt 0.9270833333333334 0.23958333333333337
vt 0.9010416666666666 0.23958333333333337
vt 0.9010416666666666 0.20833333333333337
vt 0.921875 0.20833333333333337
vt 0.921875 0.23958333333333337
vt 0.8958333333333334 0.23958333333333337
vt 0.8958333333333334 0.20833333333333337
vt 0.9895833333333334 0.27604166666666663
vt 0.84375 0.27604166666666663
vt 0.84375 0.30208333333333337
vt 0.9895833333333334 0.30208333333333337
vt 0.9895833333333334 0.23958333333333337
vt 0.84375 0.23958333333333337
vt 0.84375 0.20833333333333337
vt 0.9895833333333334 0.20833333333333337
vt 0.84375 0.25
vt 0.9895833333333334 0.25
vt 0.9895833333333334 0.27604166666666663
vt 0.84375 0.27604166666666663
vt 0.9270833333333334 0.20833333333333337
vt 0.9270833333333334 0.23958333333333337
vt 0.9010416666666666 0.23958333333333337
vt 0.9010416666666666 0.20833333333333337
vt 0.921875 0.20833333333333337
vt 0.921875 0.23958333333333337
vt 0.8958333333333334 0.23958333333333337
vt 0.8958333333333334 0.20833333333333337
vt 0.9895833333333334 0.27604166666666663
vt 0.84375 0.27604166666666663
vt 0.84375 0.30208333333333337
vt 0.9895833333333334 0.30208333333333337
vt 0.9895833333333334 0.23958333333333337
vt 0.84375 0.23958333333333337
vt 0.84375 0.20833333333333337
vt 0.9895833333333334 0.20833333333333337
vt 0.84375 0.25
vt 0.9895833333333334 0.25
vt 0.9895833333333334 0.27604166666666663
vt 0.84375 0.27604166666666663
vt 0.9270833333333334 0.20833333333333337
vt 0.9270833333333334 0.23958333333333337
vt 0.9010416666666666 0.23958333333333337
vt 0.9010416666666666 0.20833333333333337
vt 0.921875 0.20833333333333337
vt 0.921875 0.23958333333333337
vt 0.8958333333333334 0.23958333333333337
vt 0.8958333333333334 0.20833333333333337
vt 0.9895833333333334 0.27604166666666663
vt 0.84375 0.27604166666666663
vt 0.84375 0.30208333333333337
vt 0.9895833333333334 0.30208333333333337
vt 0.9895833333333334 0.23958333333333337
vt 0.84375 0.23958333333333337
vt 0.84375 0.20833333333333337
vt 0.9895833333333334 0.20833333333333337
vt 0.84375 0.25
vt 0.9895833333333334 0.25
vt 0.9895833333333334 0.27604166666666663
vt 0.84375 0.27604166666666663
vt 0.9270833333333334 0.20833333333333337
vt 0.9270833333333334 0.23958333333333337
vt 0.9010416666666666 0.23958333333333337
vt 0.9010416666666666 0.20833333333333337
vt 0.921875 0.20833333333333337
vt 0.921875 0.23958333333333337
vt 0.8958333333333334 0.23958333333333337
vt 0.8958333333333334 0.20833333333333337
vt 0.9895833333333334 0.27604166666666663
vt 0.84375 0.27604166666666663
vt 0.84375 0.30208333333333337
vt 0.9895833333333334 0.30208333333333337
vt 0.9895833333333334 0.23958333333333337
vt 0.84375 0.23958333333333337
vt 0.84375 0.20833333333333337
vt 0.9895833333333334 0.20833333333333337
vt 0.84375 0.25
vt 0.9895833333333334 0.25
vt 0.9895833333333334 0.27604166666666663
vt 0.84375 0.27604166666666663
vt 0.9270833333333334 0.20833333333333337
vt 0.9270833333333334 0.23958333333333337
vt 0.9010416666666666 0.23958333333333337
vt 0.9010416666666666 0.20833333333333337
vt 0.921875 0.20833333333333337
vt 0.921875 0.23958333333333337
vt 0.8958333333333334 0.23958333333333337
vt 0.8958333333333334 0.20833333333333337
vt 0.9895833333333334 0.27604166666666663
vt 0.84375 0.27604166666666663
vt 0.84375 0.30208333333333337
vt 0.9895833333333334 0.30208333333333337
vt 0.9895833333333334 0.23958333333333337
vt 0.84375 0.23958333333333337
vt 0.84375 0.20833333333333337
vt 0.9895833333333334 0.20833333333333337
vt 0.84375 0.25
vt 0.9895833333333334 0.25
vt 0.9895833333333334 0.27604166666666663
vt 0.84375 0.27604166666666663
vt 0.9270833333333334 0.20833333333333337
vt 0.9270833333333334 0.23958333333333337
vt 0.9010416666666666 0.23958333333333337
vt 0.9010416666666666 0.20833333333333337
vt 0.921875 0.20833333333333337
vt 0.921875 0.23958333333333337
vt 0.8958333333333334 0.23958333333333337
vt 0.8958333333333334 0.20833333333333337
vt 0.9895833333333334 0.27604166666666663
vt 0.84375 0.27604166666666663
vt 0.84375 0.30208333333333337
vt 0.9895833333333334 0.30208333333333337
vt 0.9895833333333334 0.23958333333333337
vt 0.84375 0.23958333333333337
vt 0.84375 0.20833333333333337
vt 0.9895833333333334 0.20833333333333337
vt 0.84375 0.25
vt 0.9895833333333334 0.25
vt 0.9895833333333334 0.27604166666666663
vt 0.84375 0.27604166666666663
vt 0.9270833333333334 0.20833333333333337
vt 0.9270833333333334 0.23958333333333337
vt 0.9010416666666666 0.23958333333333337
vt 0.9010416666666666 0.20833333333333337
vt 0.921875 0.20833333333333337
vt 0.921875 0.23958333333333337
vt 0.8958333333333334 0.23958333333333337
vt 0.8958333333333334 0.20833333333333337
vt 0.9895833333333334 0.27604166666666663
vt 0.84375 0.27604166666666663
vt 0.84375 0.30208333333333337
vt 0.9895833333333334 0.30208333333333337
vt 0.9895833333333334 0.23958333333333337
vt 0.84375 0.23958333333333337
vt 0.84375 0.20833333333333337
vt 0.9895833333333334 0.20833333333333337
vt 0.84375 0.25
vt 0.9895833333333334 0.25
vt 0.9895833333333334 0.27604166666666663
vt 0.84375 0.27604166666666663
vt 0.9270833333333334 0.20833333333333337
vt 0.9270833333333334 0.23958333333333337
vt 0.9010416666666666 0.23958333333333337
vt 0.9010416666666666 0.20833333333333337
vt 0.921875 0.20833333333333337
vt 0.921875 0.23958333333333337
vt 0.8958333333333334 0.23958333333333337
vt 0.8958333333333334 0.20833333333333337
vt 0.9895833333333334 0.27604166666666663
vt 0.84375 0.27604166666666663
vt 0.84375 0.30208333333333337
vt 0.9895833333333334 0.30208333333333337
vt 0.9895833333333334 0.23958333333333337
vt 0.84375 0.23958333333333337
vt 0.84375 0.20833333333333337
vt 0.9895833333333334 0.20833333333333337
vt 0.84375 0.25
vt 0.9895833333333334 0.25
vt 0.9895833333333334 0.27604166666666663
vt 0.84375 0.27604166666666663
vt 0.9270833333333334 0.20833333333333337
vt 0.9270833333333334 0.23958333333333337
vt 0.9010416666666666 0.23958333333333337
vt 0.9010416666666666 0.20833333333333337
vt 0.921875 0.20833333333333337
vt 0.921875 0.23958333333333337
vt 0.8958333333333334 0.23958333333333337
vt 0.8958333333333334 0.20833333333333337
vt 0.9895833333333334 0.27604166666666663
vt 0.84375 0.27604166666666663
vt 0.84375 0.30208333333333337
vt 0.9895833333333334 0.30208333333333337
vt 0.9895833333333334 0.23958333333333337
vt 0.84375 0.23958333333333337
vt 0.84375 0.20833333333333337
vt 0.9895833333333334 0.20833333333333337
vt 0.84375 0.25
vt 0.9895833333333334 0.25
vt 0.9895833333333334 0.27604166666666663
vt 0.84375 0.27604166666666663
vt 0.078125 0.6875
vt 0.078125 0.7395833333333333
vt 0.005208333333333333 0.7395833333333333
vt 0.005208333333333333 0.6875
vt 0.078125 0.7395833333333333
vt 0.005208333333333333 0.7395833333333333
vt 0.005208333333333333 0.734375
vt 0.078125 0.734375
vt 0.005208333333333333 0.6927083333333333
vt 0.078125 0.6927083333333333
vt 0.078125 0.6875
vt 0.005208333333333333 0.6875
vt 0.078125 0.6875
vt 0.078125 0.7395833333333333
vt 0.07291666666666667 0.7395833333333333
vt 0.07291666666666667 0.6875
vt 0.010416666666666666 0.6875
vt 0.010416666666666666 0.7395833333333333
vt 0.005208333333333333 0.7395833333333333
vt 0.005208333333333333 0.6875
vt 0.078125 0.6875
vt 0.078125 0.7395833333333333
vt 0.005208333333333333 0.7395833333333333
vt 0.005208333333333333 0.6875
vt 0.078125 0.7395833333333333
vt 0.005208333333333333 0.7395833333333333
vt 0.005208333333333333 0.734375
vt 0.078125 0.734375
vt 0.005208333333333333 0.6927083333333333
vt 0.078125 0.6927083333333333
vt 0.078125 0.6875
vt 0.005208333333333333 0.6875
vt 0.078125 0.6875
vt 0.078125 0.7395833333333333
vt 0.07291666666666667 0.7395833333333333
vt 0.07291666666666667 0.6875
vt 0.010416666666666666 0.6875
vt 0.010416666666666666 0.7395833333333333
vt 0.005208333333333333 0.7395833333333333
vt 0.005208333333333333 0.6875
vt 0.16666666666666666 0.6875
vt 0.16666666666666666 0.7395833333333333
vt 0.14583333333333334 0.7395833333333333
vt 0.14583333333333334 0.6875
vt 0.14583333333333334 0.6875
vt 0.14583333333333334 0.7395833333333333
vt 0.16666666666666666 0.7395833333333333
vt 0.16666666666666666 0.6875
vt 0.14583333333333334 0.7395833333333333
vt 0.16666666666666666 0.7395833333333333
vt 0.16666666666666666 0.6875
vt 0.14583333333333334 0.6875
vt 0.16666666666666666 0.7395833333333333
vt 0.14583333333333334 0.7395833333333333
vt 0.14583333333333334 0.6875
vt 0.16666666666666666 0.6875
vt 0.13541666666666666 0.6875
vt 0.13541666666666666 0.7395833333333333
vt 0.08333333333333333 0.7395833333333333
vt 0.08333333333333333 0.6875
vt 0.6302083333333334 0.703125
vt 0.6614583333333334 0.703125
vt 0.6614583333333334 0.7135416666666667
vt 0.6302083333333334 0.7135416666666667
vt 0.6302083333333334 0.703125
vt 0.6614583333333334 0.703125
vt 0.6614583333333334 0.7135416666666667
vt 0.6302083333333334 0.7135416666666667
vt 0.6614583333333334 0.703125
vt 0.6614583333333334 0.7135416666666667
vt 0.6302083333333334 0.7135416666666667
vt 0.6302083333333334 0.703125
vt 0.6614583333333334 0.703125
vt 0.6614583333333334 0.7135416666666667
vt 0.6302083333333334 0.7135416666666667
vt 0.6302083333333334 0.703125
vt 0.6614583333333334 0.796875
vt 0.6614583333333334 0.828125
vt 0.6302083333333334 0.828125
vt 0.6302083333333334 0.796875
vt 0.6614583333333334 0.796875
vt 0.6614583333333334 0.828125
vt 0.6302083333333334 0.828125
vt 0.6302083333333334 0.796875
vt 0.6614583333333334 0.8697916666666666
vt 0.6614583333333334 0.8385416666666666
vt 0.6302083333333334 0.8385416666666666
vt 0.6302083333333334 0.8697916666666666
vt 0.6302083333333334 0.765625
vt 0.6614583333333334 0.765625
vt 0.6614583333333334 0.796875
vt 0.6302083333333334 0.796875
vt 0.6614583333333334 0.8385416666666666
vt 0.6614583333333334 0.8697916666666666
vt 0.6302083333333334 0.8697916666666666
vt 0.6302083333333334 0.8385416666666666
vt 0.546875 0.84375
vt 0.515625 0.84375
vt 0.515625 0.8125
vt 0.546875 0.8125
vt 0.6302083333333334 0.71875
vt 0.6614583333333334 0.71875
vt 0.6614583333333334 0.7552083333333334
vt 0.6302083333333334 0.7552083333333334
vt 0.6302083333333334 0.71875
vt 0.6614583333333334 0.71875
vt 0.6614583333333334 0.7552083333333334
vt 0.6302083333333334 0.7552083333333334
vt 0.6302083333333334 0.71875
vt 0.6614583333333334 0.71875
vt 0.6614583333333334 0.7552083333333334
vt 0.6302083333333334 0.7552083333333334
vt 0.6302083333333334 0.71875
vt 0.6614583333333334 0.71875
vt 0.6614583333333334 0.7552083333333334
vt 0.6302083333333334 0.7552083333333334
vt 0.6614583333333334 0.7604166666666666
vt 0.6614583333333334 0.7916666666666666
vt 0.6302083333333334 0.7916666666666666
vt 0.6302083333333334 0.7604166666666666
vt 0.6614583333333334 0.8697916666666666
vt 0.6302083333333334 0.8697916666666666
vt 0.6302083333333334 0.8385416666666666
vt 0.6614583333333334 0.8385416666666666
vt 0.6302083333333334 0.7760416666666666
vt 0.6614583333333334 0.7760416666666666
vt 0.6614583333333334 0.8072916666666666
vt 0.6302083333333334 0.8072916666666666
vt 0.6302083333333334 0.8697916666666666
vt 0.6614583333333334 0.8697916666666666
vt 0.6614583333333334 0.8385416666666666
vt 0.6302083333333334 0.8385416666666666
vt 0.6614583333333334 0.8020833333333334
vt 0.6302083333333334 0.8020833333333334
vt 0.6302083333333334 0.7604166666666666
vt 0.6614583333333334 0.7604166666666666
vt 0.6614583333333334 0.7916666666666666
vt 0.6302083333333334 0.7916666666666666
vt 0.6302083333333334 0.75
vt 0.6614583333333334 0.75
vt 0.6302083333333334 0.7447916666666667
vt 0.6614583333333334 0.7447916666666667
vt 0.6614583333333334 0.7864583333333334
vt 0.6302083333333334 0.7864583333333334
vt 0.6614583333333334 0.8177083333333334
vt 0.6302083333333334 0.8177083333333334
vt 0.6302083333333334 0.7760416666666666
vt 0.6614583333333334 0.7760416666666666
vt 0.6614583333333334 0.8697916666666666
vt 0.6302083333333334 0.8697916666666666
vt 0.6302083333333334 0.8385416666666666
vt 0.6614583333333334 0.8385416666666666
vt 0.6302083333333334 0.7604166666666666
vt 0.6614583333333334 0.7604166666666666
vt 0.6614583333333334 0.7916666666666666
vt 0.6302083333333334 0.7916666666666666
vt 0.6302083333333334 0.8697916666666666
vt 0.6614583333333334 0.8697916666666666
vt 0.6614583333333334 0.8385416666666666
vt 0.6302083333333334 0.8385416666666666
vt 0.5 0.7395833333333333
vt 0.5 0.7708333333333334
vt 0.46875 0.7708333333333334
vt 0.46875 0.7395833333333333
vt 0.6614583333333334 0.765625
vt 0.6302083333333334 0.765625
vt 0.6302083333333334 0.7083333333333333
vt 0.6614583333333334 0.7083333333333333
vt 0.6614583333333334 0.765625
vt 0.6302083333333334 0.765625
vt 0.6302083333333334 0.7083333333333333
vt 0.6614583333333334 0.7083333333333333
vt 0.6302083333333334 0.7083333333333333
vt 0.6614583333333334 0.7083333333333333
vt 0.6614583333333334 0.765625
vt 0.6302083333333334 0.765625
vt 0.6614583333333334 0.765625
vt 0.6302083333333334 0.765625
vt 0.6302083333333334 0.7083333333333333
vt 0.6614583333333334 0.7083333333333333
vt 0.16666666666666666 0.6875
vt 0.16666666666666666 0.7395833333333333
vt 0.14583333333333334 0.7395833333333333
vt 0.14583333333333334 0.6875
vt 0.14583333333333334 0.6875
vt 0.14583333333333334 0.7395833333333333
vt 0.16666666666666666 0.7395833333333333
vt 0.16666666666666666 0.6875
vt 0.14583333333333334 0.7395833333333333
vt 0.16666666666666666 0.7395833333333333
vt 0.16666666666666666 0.6875
vt 0.14583333333333334 0.6875
vt 0.16666666666666666 0.7395833333333333
vt 0.14583333333333334 0.7395833333333333
vt 0.14583333333333334 0.6875
vt 0.16666666666666666 0.6875
vt 0.13541666666666666 0.6875
vt 0.13541666666666666 0.7395833333333333
vt 0.08333333333333333 0.7395833333333333
vt 0.08333333333333333 0.6875
vt 0.010416666666666666 0.9739583333333334
vt 0 0.9739583333333334
vt 0 0.9010416666666666
vt 0.010416666666666666 0.9010416666666666
vt 0.010416666666666666 0.9739583333333334
vt 0 0.9739583333333334
vt 0 0.9010416666666666
vt 0.010416666666666666 0.9010416666666666
vt 0.010416666666666666 0.9739583333333334
vt 0 0.9739583333333334
vt 0 0.9010416666666666
vt 0.010416666666666666 0.9010416666666666
vt 0 0.9739583333333334
vt 0.010416666666666666 0.9739583333333334
vt 0.010416666666666666 0.9010416666666666
vt 0 0.9010416666666666
vt 0.010416666666666666 0.9739583333333334
vt 0 0.9739583333333334
vt 0 0.9010416666666666
vt 0.010416666666666666 0.9010416666666666
vt 0.010416666666666666 0.9739583333333334
vt 0 0.9739583333333334
vt 0 0.9010416666666666
vt 0.010416666666666666 0.9010416666666666
vt 0.010416666666666666 0.9739583333333334
vt 0 0.9739583333333334
vt 0 0.9010416666666666
vt 0.010416666666666666 0.9010416666666666
vt 0 0.9739583333333334
vt 0.010416666666666666 0.9739583333333334
vt 0.010416666666666666 0.9010416666666666
vt 0 0.9010416666666666
vt 0 0.9010416666666666
vt 0 0.9739583333333334
vt 0.010416666666666666 0.9739583333333334
vt 0.010416666666666666 0.9010416666666666
vt 0 0.9010416666666666
vt 0 0.9739583333333334
vt 0.010416666666666666 0.9739583333333334
vt 0.010416666666666666 0.9010416666666666
vt 0.010416666666666666 0.9010416666666666
vt 0.010416666666666666 0.9739583333333334
vt 0 0.9739583333333334
vt 0 0.9010416666666666
vt 0.010416666666666666 0.9010416666666666
vt 0.010416666666666666 0.9739583333333334
vt 0 0.9739583333333334
vt 0 0.9010416666666666
vt 0 0.9010416666666666
vt 0 0.9739583333333334
vt 0.010416666666666666 0.9739583333333334
vt 0.010416666666666666 0.9010416666666666
vt 0 0.9010416666666666
vt 0 0.9739583333333334
vt 0.010416666666666666 0.9739583333333334
vt 0.010416666666666666 0.9010416666666666
vt 0 0.9010416666666666
vt 0 0.9739583333333334
vt 0.010416666666666666 0.9739583333333334
vt 0.010416666666666666 0.9010416666666666
vt 0.010416666666666666 0.9010416666666666
vt 0.010416666666666666 0.9739583333333334
vt 0 0.9739583333333334
vt 0 0.9010416666666666
vt 0.20833333333333334 1
vt 0.10416666666666667 1
vt 0.10416666666666667 0.9895833333333334
vt 0.20833333333333334 0.9895833333333334
vt 0 0.9895833333333334
vt 0.10416666666666667 0.9895833333333334
vt 0.10416666666666667 1
vt 0 1
vt 0.20833333333333334 0.9895833333333334
vt 0.10416666666666667 0.9895833333333334
vt 0.10416666666666667 1
vt 0.20833333333333334 1
vt 0.21875 1
vt 0.11458333333333333 1
vt 0.11458333333333333 0.9895833333333334
vt 0.21875 0.9895833333333334
vt 0 0.9895833333333334
vt 0.010416666666666666 0.9895833333333334
vt 0.010416666666666666 1
vt 0 1
vt 0.026041666666666668 1
vt 0.13020833333333334 1
vt 0.13020833333333334 0.9895833333333334
vt 0.026041666666666668 0.9895833333333334
vt 0 1
vt 0.10416666666666667 1
vt 0.10416666666666667 0.9895833333333334
vt 0 0.9895833333333334
vt 0 0.9895833333333334
vt 0.10416666666666667 0.9895833333333334
vt 0.10416666666666667 1
vt 0 1
vt 0 0.9895833333333334
vt 0.10416666666666667 0.9895833333333334
vt 0.10416666666666667 1
vt 0 1
vt 0.1875 1
vt 0.03125 1
vt 0.03125 0.9895833333333334
vt 0.1875 0.9895833333333334
vt 0.1875 0.9895833333333334
vt 0.03125 0.9895833333333334
vt 0.03125 1
vt 0.1875 1
vt 0.1875 0.9895833333333334
vt 0.03125 0.9895833333333334
vt 0.03125 1
vt 0.1875 1
vt 0.1875 1
vt 0.03125 1
vt 0.03125 0.9895833333333334
vt 0.1875 0.9895833333333334
vt 0.010416666666666666 0.9739583333333334
vt 0 0.9739583333333334
vt 0 0.9010416666666666
vt 0.010416666666666666 0.9010416666666666
vt 0.010416666666666666 0.9739583333333334
vt 0 0.9739583333333334
vt 0 0.9010416666666666
vt 0.010416666666666666 0.9010416666666666
vt 0.010416666666666666 0.9739583333333334
vt 0 0.9739583333333334
vt 0 0.9010416666666666
vt 0.010416666666666666 0.9010416666666666
vt 0 0.9739583333333334
vt 0.010416666666666666 0.9739583333333334
vt 0.010416666666666666 0.9010416666666666
vt 0 0.9010416666666666
vt 0.10416666666666667 0.9895833333333334
vt 0.10416666666666667 1
vt 0.20833333333333334 1
vt 0.20833333333333334 0.9895833333333334
vt 0.10416666666666667 1
vt 0.10416666666666667 0.9895833333333334
vt 0 0.9895833333333334
vt 0 1
vt 0.10416666666666667 1
vt 0.10416666666666667 0.9895833333333334
vt 0.20833333333333334 0.9895833333333334
vt 0.20833333333333334 1
vt 0.11458333333333333 0.9895833333333334
vt 0.11458333333333333 1
vt 0.21875 1
vt 0.21875 0.9895833333333334
vt 0.010416666666666666 1
vt 0.010416666666666666 0.9895833333333334
vt 0 0.9895833333333334
vt 0 1
vt 0.13020833333333334 0.9895833333333334
vt 0.13020833333333334 1
vt 0.026041666666666668 1
vt 0.026041666666666668 0.9895833333333334
vt 0.10416666666666667 0.9895833333333334
vt 0.10416666666666667 1
vt 0 1
vt 0 0.9895833333333334
vt 0.10416666666666667 1
vt 0.10416666666666667 0.9895833333333334
vt 0 0.9895833333333334
vt 0 1
vt 0.10416666666666667 1
vt 0.10416666666666667 0.9895833333333334
vt 0 0.9895833333333334
vt 0 1
vt 0.010416666666666666 0.9739583333333334
vt 0 0.9739583333333334
vt 0 0.9010416666666666
vt 0.010416666666666666 0.9010416666666666
vt 0.010416666666666666 0.9739583333333334
vt 0 0.9739583333333334
vt 0 0.9010416666666666
vt 0.010416666666666666 0.9010416666666666
vt 0 0.9739583333333334
vt 0.010416666666666666 0.9739583333333334
vt 0.010416666666666666 0.9010416666666666
vt 0 0.9010416666666666
vt 0 0.9739583333333334
vt 0.010416666666666666 0.9739583333333334
vt 0.010416666666666666 0.9010416666666666
vt 0 0.9010416666666666
vt 0 0.9010416666666666
vt 0 0.9739583333333334
vt 0.010416666666666666 0.9739583333333334
vt 0.010416666666666666 0.9010416666666666
vt 0 0.9010416666666666
vt 0 0.9739583333333334
vt 0.010416666666666666 0.9739583333333334
vt 0.010416666666666666 0.9010416666666666
vt 0 0.9010416666666666
vt 0 0.9739583333333334
vt 0.010416666666666666 0.9739583333333334
vt 0.010416666666666666 0.9010416666666666
vt 0.010416666666666666 0.9010416666666666
vt 0.010416666666666666 0.9739583333333334
vt 0 0.9739583333333334
vt 0 0.9010416666666666
vt 0.03125 0.9895833333333334
vt 0.03125 1
vt 0.1875 1
vt 0.1875 0.9895833333333334
vt 0.03125 1
vt 0.03125 0.9895833333333334
vt 0.1875 0.9895833333333334
vt 0.1875 1
vt 0.15625 1
vt 0.15625 0.9895833333333334
vt 0 0.9895833333333334
vt 0 1
vt 0.15625 0.9895833333333334
vt 0.15625 1
vt 0 1
vt 0 0.9895833333333334
vt 0.010416666666666666 0.96875
vt 0 0.96875
vt 0 0.9583333333333334
vt 0.010416666666666666 0.9583333333333334
vt 0 0.9010416666666666
vt 0 0.9739583333333334
vt 0.010416666666666666 0.9739583333333334
vt 0.010416666666666666 0.9010416666666666
vt 0 0.9010416666666666
vt 0 0.9739583333333334
vt 0.010416666666666666 0.9739583333333334
vt 0.010416666666666666 0.9010416666666666
vt 0 0.9010416666666666
vt 0 0.9739583333333334
vt 0.010416666666666666 0.9739583333333334
vt 0.010416666666666666 0.9010416666666666
vt 0.010416666666666666 0.9010416666666666
vt 0.010416666666666666 0.9739583333333334
vt 0 0.9739583333333334
vt 0 0.9010416666666666
vt 0.010416666666666666 0.9010416666666666
vt 0.010416666666666666 0.9739583333333334
vt 0 0.9739583333333334
vt 0 0.9010416666666666
vt 0 0.9010416666666666
vt 0 0.9739583333333334
vt 0.010416666666666666 0.9739583333333334
vt 0.010416666666666666 0.9010416666666666
vt 0 0.9010416666666666
vt 0 0.9739583333333334
vt 0.010416666666666666 0.9739583333333334
vt 0.010416666666666666 0.9010416666666666
vt 0.010416666666666666 0.9010416666666666
vt 0.010416666666666666 0.9739583333333334
vt 0 0.9739583333333334
vt 0 0.9010416666666666
vt 0.1875 1
vt 0.03125 1
vt 0.03125 0.9895833333333334
vt 0.1875 0.9895833333333334
vt 0.1875 0.9895833333333334
vt 0.03125 0.9895833333333334
vt 0.03125 1
vt 0.1875 1
vt 0.1875 0.9895833333333334
vt 0.03125 0.9895833333333334
vt 0.03125 1
vt 0.1875 1
vt 0.1875 1
vt 0.03125 1
vt 0.03125 0.9895833333333334
vt 0.1875 0.9895833333333334
vt 0 0.9010416666666666
vt 0 0.9739583333333334
vt 0.010416666666666666 0.9739583333333334
vt 0.010416666666666666 0.9010416666666666
vt 0 0.9010416666666666
vt 0 0.9739583333333334
vt 0.010416666666666666 0.9739583333333334
vt 0.010416666666666666 0.9010416666666666
vt 0.010416666666666666 0.9010416666666666
vt 0.010416666666666666 0.9739583333333334
vt 0 0.9739583333333334
vt 0 0.9010416666666666
vt 0.010416666666666666 0.9010416666666666
vt 0.010416666666666666 0.9739583333333334
vt 0 0.9739583333333334
vt 0 0.9010416666666666
vt 0.16666666666666666 1
vt 0 1
vt 0 0.9895833333333334
vt 0.16666666666666666 0.9895833333333334
vt 0 1
vt 0.16666666666666666 1
vt 0.16666666666666666 0.9895833333333334
vt 0 0.9895833333333334
vt 0.010416666666666666 0.9895833333333334
vt 0 0.9895833333333334
vt 0 1
vt 0.010416666666666666 1
vt 0 0.9895833333333334
vt 0.16666666666666666 0.9895833333333334
vt 0.16666666666666666 1
vt 0 1
vt 0.18229166666666666 1
vt 0.015625 1
vt 0.015625 0.9895833333333334
vt 0.18229166666666666 0.9895833333333334
vt 0 0.9739583333333334
vt 0.010416666666666666 0.9739583333333334
vt 0.010416666666666666 0.9010416666666666
vt 0 0.9010416666666666
vt 0.010416666666666666 0.9739583333333334
vt 0 0.9739583333333334
vt 0 0.9010416666666666
vt 0.010416666666666666 0.9010416666666666
vt 0.010416666666666666 0.9739583333333334
vt 0 0.9739583333333334
vt 0 0.9010416666666666
vt 0.010416666666666666 0.9010416666666666
vt 0 0.9739583333333334
vt 0.010416666666666666 0.9739583333333334
vt 0.010416666666666666 0.9010416666666666
vt 0 0.9010416666666666
vt 0 0.9739583333333334
vt 0.010416666666666666 0.9739583333333334
vt 0.010416666666666666 0.9010416666666666
vt 0 0.9010416666666666
vt 0.010416666666666666 0.9739583333333334
vt 0 0.9739583333333334
vt 0 0.9010416666666666
vt 0.010416666666666666 0.9010416666666666
vt 0.010416666666666666 0.9739583333333334
vt 0 0.9739583333333334
vt 0 0.9010416666666666
vt 0.010416666666666666 0.9010416666666666
vt 0 0.9739583333333334
vt 0.010416666666666666 0.9739583333333334
vt 0.010416666666666666 0.9010416666666666
vt 0 0.9010416666666666
vn -1 0 0
vn 0 1 0
vn 0 -1 0
vn 0 0 -1
vn -1 0 0
vn 0 1 0
vn 0 -1 0
vn 0 0 -1
vn 0 0 1
vn -1 0 0
vn 0 1 0
vn 0 -1 0
vn 0 0 -1
vn -1 0 0
vn 0 1 0
vn 0 -1 0
vn 0 0 -1
vn 0 0 1
vn -1 0 0
vn 0 1 0
vn 0 -1 0
vn 0 0 -1
vn -1 0 0
vn 0 1 0
vn 0 -1 0
vn 0 0 -1
vn 0 0 1
vn 0 -1 0
vn 0 -1 0
vn 0 -1 0
vn 0 -1 0
vn 0 -1 0
vn 0 -1 0
vn 0 -1 0
vn 0 -1 0
vn 0 -1 0
vn 0 -1 0
vn 0 -1 0
vn 0 -1 0
vn 0 1 0
vn 0 1 0
vn 0 1 0
vn 0 1 0
vn 0 1 0
vn 0 1 0
vn 0 1 0
vn 0 1 0
vn 0 1 0
vn 0 1 0
vn 0 1 0
vn 0 1 0
vn -1 0 0
vn 1 0 0
vn 1 0 0
vn -1 0 0
vn 0 0 -1
vn 1 0 0
vn 1 0 0
vn 0 0 1
vn 0 0 1
vn 0 0 1
vn -1 0 0
vn 0 0 1
vn 1 0 0
vn -1 0 0
vn -1 0 0
vn 1 0 0
vn -1 0 0
vn 0 0 -1
vn 0 0 -1
vn 0 0 -1
vn 0 0 -1
vn 0 0 1
vn 0 0 1
vn 0 0 -1
vn 0 0 1
vn 0 0 -1
vn 0 0 -1
vn 0 0 1
vn 1 0 0
vn -1 0 0
vn 0 0 1
vn 0 0 -1
vn 0 1 0
vn 0 0 -1
vn 0 0 1
vn 0 1 0
vn 0 -1 0
vn 1 0 0
vn 1 0 0
vn -1 0 0
vn 0 1 0
vn 0 -1 0
vn 0 0 -1
vn 0 0 1
vn 0.7071067811865476 0.7071067811865476 0
vn -0.7071067811865476 0.7071067811865476 0
vn 0 0 -1
vn 0 0 1
vn 0 1 0
vn 1 0 0
vn -1 0 0
vn 0 0 -1
vn 0 0 1
vn 3.5306471342116777e-16 -1 0
vn 0 1 0
vn -0.7071067811865478 0.7071067811865472 0
vn 0.7071067811865476 -0.7071067811865476 0
vn 1 3.5306471342116777e-16 0
vn -1 -3.089316242435218e-16 0
vn 0.7071067811865476 0.7071067811865476 0
vn -0.7071067811865475 -0.7071067811865477 0
vn -3.5306471342116777e-16 1 0
vn 3.089316242435218e-16 -1 0
vn 0.7071067811865472 0.7071067811865478 0
vn -0.7071067811865476 -0.7071067811865476 0
vn -1 -3.5306471342116777e-16 0
vn 1 3.089316242435218e-16 0
vn -0.7071067811865476 0.7071067811865476 0
vn 0.7071067811865477 -0.7071067811865475 0
vn 0 0 1
vn 0 0 1
vn 0 0 1
vn 0 0 1
vn 0 0 1
vn 0 0 1
vn 0 0 1
vn 0 0 1
vn 0 0 -1
vn 0 0 -1
vn 0 0 -1
vn 0 0 -1
vn 0 0 -1
vn 0 0 -1
vn 0 0 -1
vn 0 0 -1
vn 0 1 0
vn 1.7653235671058389e-16 -1 0
vn -1 -3.089316242435218e-16 0
vn 1 3.5306471342116777e-16 0
vn 3.089316242435218e-16 -1 0
vn -3.5306471342116777e-16 1 0
vn 1 3.089316242435218e-16 0
vn -1 -3.5306471342116777e-16 0
vn 0.7071067811865472 0.7071067811865478 0
vn -0.7071067811865475 -0.7071067811865477 0
vn -0.7071067811865476 0.7071067811865476 0
vn 0.7071067811865477 -0.7071067811865475 0
vn 0.7071067811865476 -0.7071067811865476 0
vn -0.7071067811865478 0.7071067811865472 0
vn 0.7071067811865476 0.7071067811865476 0
vn -0.7071067811865475 -0.7071067811865477 0
vn 0 0 1
vn 0 0 1
vn 0 0 1
vn 0 0 1
vn 0 0 1
vn 0 0 1
vn 0 0 1
vn 0 0 1
vn 3.5306471342116777e-16 -1 0
vn 0 1 0
vn -0.7071067811865478 0.7071067811865472 0
vn 0.7071067811865476 -0.7071067811865476 0
vn 1 3.5306471342116777e-16 0
vn -1 -3.089316242435218e-16 0
vn 0.7071067811865476 0.7071067811865476 0
vn -0.7071067811865475 -0.7071067811865477 0
vn -3.5306471342116777e-16 1 0
vn 3.089316242435218e-16 -1 0
vn 0.7071067811865472 0.7071067811865478 0
vn -0.7071067811865476 -0.7071067811865476 0
vn -1 -3.5306471342116777e-16 0
vn 1 3.089316242435218e-16 0
vn -0.7071067811865476 0.7071067811865476 0
vn 0.7071067811865477 -0.7071067811865475 0
vn 0 0 1
vn 0 0 1
vn 0 0 1
vn 0 0 1
vn 0 0 1
vn 0 0 1
vn 0 0 1
vn 0 0 1
vn 0 0 -1
vn 0 0 -1
vn 0 0 -1
vn 0 0 -1
vn 0 0 -1
vn 0 0 -1
vn 0 0 -1
vn 0 0 -1
vn 0 0 1
vn 0 0 -1
vn 1 0 0
vn 0 -1 0
vn -1 -3.552713678800501e-16 0
vn 0 0 1
vn 0 0 -1
vn 1 3.552713678800501e-16 0
vn 0 -1 0
vn -1 -1.7763568394002506e-16 0
vn 0 0 1
vn 0 0 -1
vn 1 1.7763568394002506e-16 0
vn 0 -1 0
vn -1 0 0
vn 0 0 1
vn 0 0 -1
vn 0.7071067811865476 -0.7071067811865476 0
vn -0.7071067811865481 -0.7071067811865469 0
vn -0.7071067811865482 0.7071067811865469 0
vn 0 0 1
vn 0 0 -1
vn 0.7071067811865469 -0.7071067811865482 0
vn -0.7071067811865476 -0.7071067811865476 0
vn -0.7071067811865482 0.7071067811865469 0
vn 0 0 1
vn 0 0 -1
vn 0.7071067811865476 -0.7071067811865476 0
vn -0.7071067811865476 -0.7071067811865476 0
vn -0.7071067811865476 0.7071067811865476 0
vn 0 0 1
vn 0 0 -1
vn 0 -1 0
vn -1 0 0
vn -7.105427357601002e-16 1 0
vn 0 0 1
vn 0 0 -1
vn 7.105427357601002e-16 -1 0
vn -1 0 0
vn -7.105427357601002e-16 1 0
vn 0 0 1
vn 0 0 -1
vn 7.105427357601002e-16 -1 0
vn -1 0 0
vn 0 1 0
vn 0 0 1
vn 0 0 -1
vn 0.7071067811865476 0.7071067811865476 0
vn 0.7071067811865469 -0.7071067811865481 0
vn -0.7071067811865471 -0.7071067811865479 0
vn 0 0 1
vn 0 0 -1
vn 0.7071067811865479 0.7071067811865471 0
vn 0.7071067811865472 -0.7071067811865479 0
vn -0.7071067811865469 -0.7071067811865482 0
vn 0 0 1
vn 0 0 -1
vn 0.7071067811865476 0.7071067811865476 0
vn 0.7071067811865476 -0.7071067811865476 0
vn -0.7071067811865476 -0.7071067811865476 0
vn 0 0 1
vn 0 0 -1
vn 0 1 0
vn 1 0 0
vn 7.105427357601002e-16 -1 0
vn 0 0 1
vn 0 0 -1
vn -7.105427357601002e-16 1 0
vn 1 0 0
vn 7.105427357601002e-16 -1 0
vn 0 0 1
vn 0 0 -1
vn -7.105427357601002e-16 1 0
vn 1 0 0
vn 0 -1 0
vn 0 0 1
vn 0 0 -1
vn -0.7071067811865476 0.7071067811865476 0
vn 0.7071067811865481 0.7071067811865469 0
vn 0.7071067811865479 -0.7071067811865471 0
vn 0 0 1
vn 0 0 -1
vn -0.7071067811865471 0.7071067811865479 0
vn 0.7071067811865476 0.7071067811865476 0
vn 0.7071067811865479 -0.7071067811865471 0
vn 0 0 1
vn 0 0 -1
vn -0.7071067811865479 0.7071067811865471 0
vn 0.7071067811865476 0.7071067811865476 0
vn 0.7071067811865476 -0.7071067811865476 0
vn 0 0 1
vn 0 0 -1
vn -1 0 0
vn 0 1 0
vn 1 1.7763568394002506e-16 0
vn 0 0 1
vn 0 0 -1
vn -1 -1.7763568394002506e-16 0
vn 0 1 0
vn 1 3.552713678800501e-16 0
vn 0 0 1
vn 0 0 -1
vn -1 -3.552713678800501e-16 0
vn 0 1 0
vn 1 0 0
vn 0 0 1
vn 0 0 -1
vn -0.7071067811865476 -0.7071067811865476 0
vn -0.7071067811865469 0.7071067811865481 0
vn 0.7071067811865469 0.7071067811865482 0
vn 0 0 1
vn 0 0 -1
vn -0.7071067811865482 -0.7071067811865469 0
vn -0.7071067811865479 0.7071067811865472 0
vn 0.7071067811865471 0.7071067811865479 0
vn 0 0 1
vn 0 0 -1
vn -0.7071067811865471 -0.7071067811865479 0
vn -0.7071067811865476 0.7071067811865476 0
vn 0.7071067811865476 0.7071067811865476 0
vn -1 0 0
vn 0 1 0
vn 0 -1 0
vn 0 0 1
vn 0 0 -1
vn 1 0 0
vn 0 1 0
vn 0 -1 0
vn 0 0 -1
vn 0 0 1
vn 0 0 -1
vn 0 0 1
vn 0 1 0
vn 0 -1 0
vn 1 0 0
vn 1 0 0
vn -1 0 0
vn 0 1 0
vn 0 -1 0
vn 0 0 1
vn 0 0 -1
vn 1 0 0
vn 0 1 0
vn -1 0 -1.1842378929335002e-15
vn 0 -1 0
vn 0 0 1
vn -1 0 -1.1842378929335002e-15
vn 0 0 -1
vn 1 0 0
vn 0 0 1
vn -1 0 -1.1842378929335002e-15
vn 0 0 -1
vn 1 0 0
vn 0 -1 0
vn 1 0 0
vn 0 1 0
vn -1 0 0
vn 0 -1 0
vn 1 0 0
vn 0 1 0
vn -1 0 0
vn 0 0 1
vn 0 1 0
vn 0 0 -1
vn 0 -1 0
vn 1 0 1.7763568394002505e-15
vn -1 0 0
vn 0 1 0
vn 0 -1 0
vn 0 0 1
vn -1 0 0
vn 1 0 0
vn 0 0 1
vn 0 0 -1
vn -1 0 0
vn 1 0 0
vn 0 0 1
vn 0 0 -1
vn 1 0 0
vn -1 0 0
vn 0 0 1
vn 0 0 -1
vn 1 0 0
vn -1 0 0
vn 0 0 1
vn 0 0 -1
vn 0 -1 0
vn 0 1 0
vn 0 0 1
vn 0 0 -1
vn -1 0 0
vn 0 1 0
vn 0 0 1
vn 0 -1 0
vn 0 0 -1
vn 0 -1 0
vn 0 1 0
vn 1 0 0
vn -1 0 0
vn -1 0 0
vn 1 0 0
vn 0 0 1
vn 0 0 -1
vn 0 -1 0
vn 0 1 0
vn 0 0 1
vn 0 0 -1
vn 1 0 0
vn 0 1 0
vn 0 0 1
vn 0 -1 0
vn 0 0 -1
vn -1 0 0
vn 1 0 0
vn 0 0 1
vn 0 0 -1
vn 1 0 0
vn -1 0 0
vn 0 0 1
vn 0 0 -1
vn 0 -1 0
vn 0 1 0
vn -1 0 0
vn 1 0 0
vn 0 0 1
vn 1 0 0
vn -1 0 0
vn 0 0 1
vn 0 0 -1
vn 1 0 0
vn -1 0 0
vn 0 0 1
vn 0 0 -1
vn 0 -1 0
vn 0 1 0
vn 1 0 0
vn -1 0 0
vn 1 0 0
vn -1 0 0
vn 0 0 1
vn 0 0 -1
vn 0 -1 0
vn 0 1 0
vn -1 0 0
vn 0 0 1
vn 0 0 -1
vn -1 0 0
vn 1 0 0
vn 0 0 1
vn 0 0 -1
vn -1 0 0
vn 1 0 0
vn 0 0 1
vn 0 0 -1
usemtl alternator
f 7/1/1 6/2/1 8/3/1 9/4/1
f 7/5/2 3/6/2 2/7/2 6/8/2
f 8/9/3 4/10/3 5/11/3 9/12/3
f 6/13/4 2/14/4 4/15/4 8/16/4
f 15/17/5 14/18/5 16/19/5 17/20/5
f 15/21/6 11/22/6 10/23/6 14/24/6
f 16/25/7 12/26/7 13/27/7 17/28/7
f 14/29/8 10/30/8 12/31/8 16/32/8
f 11/33/9 15/34/9 17/35/9 13/36/9
f 23/37/10 22/38/10 24/39/10 25/40/10
f 23/41/11 19/42/11 18/43/11 22/44/11
f 24/45/12 20/46/12 21/47/12 25/48/12
f 22/49/13 18/50/13 20/51/13 24/52/13
f 31/53/14 30/54/14 32/55/14 33/56/14
f 31/57/15 27/58/15 26/59/15 30/60/15
f 32/61/16 28/62/16 29/63/16 33/64/16
f 30/65/17 26/66/17 28/67/17 32/68/17
f 27/69/18 31/70/18 33/71/18 29/72/18
f 38/73/19 37/74/19 39/75/19 40/76/19
f 38/77/20 35/78/20 34/79/20 37/80/20
f 39/81/21 36/82/21 1/83/21 40/84/21
f 37/85/22 34/86/22 36/87/22 39/88/22
f 46/89/23 45/90/23 47/91/23 48/92/23
f 46/93/24 42/94/24 41/95/24 45/96/24
f 47/97/25 43/98/25 44/99/25 48/100/25
f 45/101/26 41/102/26 43/103/26 47/104/26
f 42/105/27 46/106/27 48/107/27 44/108/27
f 51/109/28 52/110/28 50/111/28 49/112/28
f 58/113/29 57/114/29 54/115/29 53/116/29
f 57/117/30 58/118/30 55/119/30 56/120/30
f 60/121/31 62/122/31 61/123/31 59/124/31
f 68/125/32 67/126/32 64/127/32 63/128/32
f 67/129/33 68/130/33 65/131/33 66/132/33
f 70/133/34 72/134/34 71/135/34 69/136/34
f 74/137/35 77/138/35 78/139/35 73/140/35
f 75/141/36 78/142/36 77/143/36 76/144/36
f 81/145/37 82/146/37 80/147/37 79/148/37
f 88/149/38 87/150/38 84/151/38 83/152/38
f 87/153/39 88/154/39 85/155/39 86/156/39
f 90/157/40 92/158/40 91/159/40 89/160/40
f 94/161/41 97/162/41 98/163/41 93/164/41
f 95/165/42 98/166/42 97/167/42 96/168/42
f 101/169/43 102/170/43 100/171/43 99/172/43
f 104/173/44 107/174/44 108/175/44 103/176/44
f 105/177/45 108/178/45 107/179/45 106/180/45
f 111/181/46 112/182/46 110/183/46 109/184/46
f 118/185/47 117/186/47 114/187/47 113/188/47
f 117/189/48 118/190/48 115/191/48 116/192/48
f 120/193/49 122/194/49 121/195/49 119/196/49
f 124/197/50 127/198/50 128/199/50 123/200/50
f 125/201/51 128/202/51 127/203/51 126/204/51
f 140/205/52 139/206/52 129/207/52 131/208/52
f 137/209/53 138/210/53 135/211/53 130/212/53
f 138/213/54 137/214/54 133/215/54 136/216/54
f 139/217/55 140/218/55 134/219/55 132/220/55
f 144/221/56 142/222/56 141/223/56 143/224/56
f 148/225/57 146/226/57 145/227/57 147/228/57
f 149/229/58 150/230/58 153/231/58 151/232/58
f 150/233/59 152/234/59 154/235/59 153/236/59
f 155/237/60 159/238/60 160/239/60 156/240/60
f 158/241/61 160/242/61 159/243/61 157/244/61
f 163/245/62 162/246/62 164/247/62 166/248/62
f 161/249/63 163/250/63 166/251/63 165/252/63
f 167/253/64 177/254/64 178/255/64 169/256/64
f 173/257/65 176/258/65 175/259/65 168/260/65
f 171/261/66 175/262/66 176/263/66 174/264/66
f 172/265/67 178/266/67 177/267/67 170/268/67
f 182/269/68 180/270/68 181/271/68 184/272/68
f 184/273/69 181/274/69 179/275/69 183/276/69
f 187/277/70 190/278/70 189/279/70 185/280/70
f 186/281/71 189/282/71 190/283/71 188/284/71
f 191/285/72 192/286/72 194/287/72 193/288/72
f 199/289/73 200/290/73 197/291/73 195/292/73
f 200/293/74 199/294/74 196/295/74 198/296/74
f 204/297/75 202/298/75 201/299/75 203/300/75
f 208/301/76 206/302/76 205/303/76 207/304/76
f 211/305/77 214/306/77 213/307/77 209/308/77
f 210/309/78 213/310/78 214/311/78 212/312/78
f 215/313/79 216/314/79 218/315/79 217/316/79
f 222/317/80 220/318/80 219/319/80 221/320/80
f 225/321/81 223/322/81 224/323/81 226/324/81
f 221/325/82 219/326/82 223/327/82 225/328/82
f 226/329/83 224/330/83 220/331/83 222/332/83
f 219/333/84 220/334/84 224/335/84 223/336/84
f 230/337/85 228/338/85 227/339/85 229/340/85
f 233/341/86 231/342/86 232/343/86 234/344/86
f 227/345/87 228/346/87 232/347/87 231/348/87
f 230/349/88 229/350/88 233/351/88 234/352/88
f 229/353/89 227/354/89 231/355/89 233/356/89
f 235/357/90 236/358/90 238/359/90 237/360/90
f 240/361/91 239/362/91 241/363/91 242/364/91
f 240/365/92 236/366/92 235/367/92 239/368/92
f 241/369/93 237/370/93 238/371/93 242/372/93
f 239/373/94 235/374/94 237/375/94 241/376/94
f 236/377/95 240/378/95 242/379/95 238/380/95
f 243/381/96 244/382/96 246/383/96 245/384/96
f 248/385/97 247/386/97 249/387/97 250/388/97
f 247/389/98 243/390/98 245/391/98 249/392/98
f 244/393/99 248/394/99 250/395/99 246/396/99
f 248/397/100 244/398/100 243/399/100 247/400/100
f 251/401/101 252/402/101 254/403/101 253/404/101
f 256/405/102 255/406/102 257/407/102 258/408/102
f 255/409/103 251/410/103 253/411/103 257/412/103
f 252/413/104 256/414/104 258/415/104 254/416/104
f 275/417/105 277/418/105 262/419/105 261/420/105
f 278/421/106 276/422/106 259/423/106 260/424/106
f 276/425/107 279/426/107 263/427/107 259/428/107
f 280/429/108 275/430/108 261/431/108 265/432/108
f 281/433/109 280/434/109 265/435/109 266/436/109
f 279/437/110 282/438/110 264/439/110 263/440/110
f 283/441/111 281/442/111 266/443/111 269/444/111
f 282/445/112 284/446/112 267/447/112 264/448/112
f 285/449/113 283/450/113 269/451/113 270/452/113
f 284/453/114 286/454/114 268/455/114 267/456/114
f 287/457/115 278/458/115 260/459/115 271/460/115
f 277/461/116 288/462/116 273/463/116 262/464/116
f 288/465/117 289/466/117 274/467/117 273/468/117
f 290/469/118 287/470/118 271/471/118 272/472/118
f 289/473/119 285/474/119 270/475/119 274/476/119
f 286/477/120 290/478/120 272/479/120 268/480/120
f 299/481/121 291/482/121 292/483/121 300/484/121
f 294/485/122 293/486/122 301/487/122 302/488/122
f 296/489/123 295/490/123 303/491/123 304/492/123
f 305/493/124 297/494/124 298/495/124 306/496/124
f 308/497/125 310/498/125 309/499/125 307/500/125
f 313/501/126 314/502/126 312/503/126 311/504/126
f 316/505/127 318/506/127 317/507/127 315/508/127
f 321/509/128 322/510/128 320/511/128 319/512/128
f 324/513/129 323/514/129 331/515/129 332/516/129
f 333/517/130 325/518/130 326/519/130 334/520/130
f 335/521/131 327/522/131 328/523/131 336/524/131
f 330/525/132 329/526/132 337/527/132 338/528/132
f 341/529/133 342/530/133 340/531/133 339/532/133
f 344/533/134 346/534/134 345/535/134 343/536/134
f 349/537/135 350/538/135 348/539/135 347/540/135
f 352/541/136 354/542/136 353/543/136 351/544/136
f 358/545/137 356/546/137 355/547/137 357/548/137
f 361/549/138 359/550/138 360/551/138 362/552/138
f 363/553/139 364/554/139 366/555/139 365/556/139
f 368/557/140 367/558/140 369/559/140 370/560/140
f 371/561/141 372/562/141 374/563/141 373/564/141
f 376/565/142 375/566/142 377/567/142 378/568/142
f 382/569/143 380/570/143 379/571/143 381/572/143
f 385/573/144 383/574/144 384/575/144 386/576/144
f 380/577/145 358/578/145 357/579/145 379/580/145
f 383/581/146 361/582/146 362/583/146 384/584/146
f 377/585/147 385/586/147 386/587/147 378/588/147
f 374/589/148 382/590/148 381/591/148 373/592/148
f 368/593/149 360/594/149 359/595/149 367/596/149
f 363/597/150 355/598/150 356/599/150 364/600/150
f 369/601/151 375/602/151 376/603/151 370/604/151
f 366/605/152 372/606/152 371/607/152 365/608/152
f 387/609/153 389/610/153 390/611/153 388/612/153
f 394/613/154 393/614/154 391/615/154 392/616/154
f 398/617/155 397/618/155 395/619/155 396/620/155
f 399/621/156 401/622/156 402/623/156 400/624/156
f 401/625/157 399/626/157 388/627/157 390/628/157
f 400/629/158 402/630/158 398/631/158 396/632/158
f 389/633/159 387/634/159 391/635/159 393/636/159
f 395/637/160 397/638/160 394/639/160 392/640/160
f 419/641/161 421/642/161 406/643/161 405/644/161
f 422/645/162 420/646/162 403/647/162 404/648/162
f 420/649/163 423/650/163 407/651/163 403/652/163
f 424/653/164 419/654/164 405/655/164 409/656/164
f 425/657/165 424/658/165 409/659/165 410/660/165
f 423/661/166 426/662/166 408/663/166 407/664/166
f 427/665/167 425/666/167 410/667/167 413/668/167
f 426/669/168 428/670/168 411/671/168 408/672/168
f 429/673/169 427/674/169 413/675/169 414/676/169
f 428/677/170 430/678/170 412/679/170 411/680/170
f 431/681/171 422/682/171 404/683/171 415/684/171
f 421/685/172 432/686/172 417/687/172 406/688/172
f 432/689/173 433/690/173 418/691/173 417/692/173
f 434/693/174 431/694/174 415/695/174 416/696/174
f 433/697/175 429/698/175 414/699/175 418/700/175
f 430/701/176 434/702/176 416/703/176 412/704/176
f 443/705/177 435/706/177 436/707/177 444/708/177
f 438/709/178 437/710/178 445/711/178 446/712/178
f 440/713/179 439/714/179 447/715/179 448/716/179
f 449/717/180 441/718/180 442/719/180 450/720/180
f 452/721/181 454/722/181 453/723/181 451/724/181
f 457/725/182 458/726/182 456/727/182 455/728/182
f 460/729/183 462/730/183 461/731/183 459/732/183
f 465/733/184 466/734/184 464/735/184 463/736/184
f 468/737/185 467/738/185 475/739/185 476/740/185
f 477/741/186 469/742/186 470/743/186 478/744/186
f 479/745/187 471/746/187 472/747/187 480/748/187
f 474/749/188 473/750/188 481/751/188 482/752/188
f 485/753/189 486/754/189 484/755/189 483/756/189
f 488/757/190 490/758/190 489/759/190 487/760/190
f 493/761/191 494/762/191 492/763/191 491/764/191
f 496/765/192 498/766/192 497/767/192 495/768/192
f 501/769/193 499/770/193 503/771/193 505/772/193
f 506/773/194 504/774/194 500/775/194 502/776/194
f 504/777/195 503/778/195 499/779/195 500/780/195
f 500/781/196 499/782/196 501/783/196 502/784/196
f 502/785/197 501/786/197 505/787/197 506/788/197
f 509/789/198 507/790/198 511/791/198 513/792/198
f 514/793/199 512/794/199 508/795/199 510/796/199
f 512/797/200 511/798/200 507/799/200 508/800/200
f 508/801/201 507/802/201 509/803/201 510/804/201
f 510/805/202 509/806/202 513/807/202 514/808/202
f 517/809/203 515/810/203 519/811/203 521/812/203
f 522/813/204 520/814/204 516/815/204 518/816/204
f 520/817/205 519/818/205 515/819/205 516/820/205
f 516/821/206 515/822/206 517/823/206 518/824/206
f 518/825/207 517/826/207 521/827/207 522/828/207
f 525/829/208 523/830/208 527/831/208 529/832/208
f 530/833/209 528/834/209 524/835/209 526/836/209
f 528/837/210 527/838/210 523/839/210 524/840/210
f 524/841/211 523/842/211 525/843/211 526/844/211
f 526/845/212 525/846/212 529/847/212 530/848/212
f 533/849/213 531/850/213 535/851/213 537/852/213
f 538/853/214 536/854/214 532/855/214 534/856/214
f 536/857/215 535/858/215 531/859/215 532/860/215
f 532/861/216 531/862/216 533/863/216 534/864/216
f 534/865/217 533/866/217 537/867/217 538/868/217
f 541/869/218 539/870/218 543/871/218 545/872/218
f 546/873/219 544/874/219 540/875/219 542/876/219
f 544/877/220 543/878/220 539/879/220 540/880/220
f 540/881/221 539/882/221 541/883/221 542/884/221
f 542/885/222 541/886/222 545/887/222 546/888/222
f 549/889/223 547/890/223 551/891/223 553/892/223
f 554/893/224 552/894/224 548/895/224 550/896/224
f 552/897/225 551/898/225 547/899/225 548/900/225
f 548/901/226 547/902/226 549/903/226 550/904/226
f 550/905/227 549/906/227 553/907/227 554/908/227
f 557/909/228 555/910/228 559/911/228 561/912/228
f 562/913/229 560/914/229 556/915/229 558/916/229
f 560/917/230 559/918/230 555/919/230 556/920/230
f 556/921/231 555/922/231 557/923/231 558/924/231
f 558/925/232 557/926/232 561/927/232 562/928/232
f 565/929/233 563/930/233 567/931/233 569/932/233
f 570/933/234 568/934/234 564/935/234 566/936/234
f 568/937/235 567/938/235 563/939/235 564/940/235
f 564/941/236 563/942/236 565/943/236 566/944/236
f 566/945/237 565/946/237 569/947/237 570/948/237
f 573/949/238 571/950/238 575/951/238 577/952/238
f 578/953/239 576/954/239 572/955/239 574/956/239
f 576/957/240 575/958/240 571/959/240 572/960/240
f 572/961/241 571/962/241 573/963/241 574/964/241
f 574/965/242 573/966/242 577/967/242 578/968/242
f 581/969/243 579/970/243 583/971/243 585/972/243
f 586/973/244 584/974/244 580/975/244 582/976/244
f 584/977/245 583/978/245 579/979/245 580/980/245
f 580/981/246 579/982/246 581/983/246 582/984/246
f 582/985/247 581/986/247 585/987/247 586/988/247
f 589/989/248 587/990/248 591/991/248 593/992/248
f 594/993/249 592/994/249 588/995/249 590/996/249
f 592/997/250 591/998/250 587/999/250 588/1000/250
f 588/1001/251 587/1002/251 589/1003/251 590/1004/251
f 590/1005/252 589/1006/252 593/1007/252 594/1008/252
f 597/1009/253 595/1010/253 599/1011/253 601/1012/253
f 602/1013/254 600/1014/254 596/1015/254 598/1016/254
f 600/1017/255 599/1018/255 595/1019/255 596/1020/255
f 596/1021/256 595/1022/256 597/1023/256 598/1024/256
f 598/1025/257 597/1026/257 601/1027/257 602/1028/257
f 605/1029/258 603/1030/258 607/1031/258 609/1032/258
f 610/1033/259 608/1034/259 604/1035/259 606/1036/259
f 608/1037/260 607/1038/260 603/1039/260 604/1040/260
f 604/1041/261 603/1042/261 605/1043/261 606/1044/261
f 606/1045/262 605/1046/262 609/1047/262 610/1048/262
f 613/1049/263 611/1050/263 615/1051/263 617/1052/263
f 618/1053/264 616/1054/264 612/1055/264 614/1056/264
f 616/1057/265 615/1058/265 611/1059/265 612/1060/265
f 612/1061/266 611/1062/266 613/1063/266 614/1064/266
f 614/1065/267 613/1066/267 617/1067/267 618/1068/267
f 621/1069/268 619/1070/268 623/1071/268 625/1072/268
f 626/1073/269 624/1074/269 620/1075/269 622/1076/269
f 624/1077/270 623/1078/270 619/1079/270 620/1080/270
f 620/1081/271 619/1082/271 621/1083/271 622/1084/271
f 622/1085/272 621/1086/272 625/1087/272 626/1088/272
f 629/1089/273 627/1090/273 631/1091/273 633/1092/273
f 634/1093/274 632/1094/274 628/1095/274 630/1096/274
f 632/1097/275 631/1098/275 627/1099/275 628/1100/275
f 628/1101/276 627/1102/276 629/1103/276 630/1104/276
f 630/1105/277 629/1106/277 633/1107/277 634/1108/277
f 637/1109/278 635/1110/278 639/1111/278 641/1112/278
f 642/1113/279 640/1114/279 636/1115/279 638/1116/279
f 640/1117/280 639/1118/280 635/1119/280 636/1120/280
f 636/1121/281 635/1122/281 637/1123/281 638/1124/281
f 638/1125/282 637/1126/282 641/1127/282 642/1128/282
f 645/1129/283 643/1130/283 647/1131/283 649/1132/283
f 650/1133/284 648/1134/284 644/1135/284 646/1136/284
f 648/1137/285 647/1138/285 643/1139/285 644/1140/285
f 644/1141/286 643/1142/286 645/1143/286 646/1144/286
f 646/1145/287 645/1146/287 649/1147/287 650/1148/287
f 653/1149/288 651/1150/288 655/1151/288 657/1152/288
f 658/1153/289 656/1154/289 652/1155/289 654/1156/289
f 656/1157/290 655/1158/290 651/1159/290 652/1160/290
f 652/1161/291 651/1162/291 653/1163/291 654/1164/291
f 654/1165/292 653/1166/292 657/1167/292 658/1168/292
f 661/1169/293 659/1170/293 663/1171/293 665/1172/293
f 666/1173/294 664/1174/294 660/1175/294 662/1176/294
f 664/1177/295 663/1178/295 659/1179/295 660/1180/295
f 660/1181/296 659/1182/296 661/1183/296 662/1184/296
f 662/1185/297 661/1186/297 665/1187/297 666/1188/297
f 669/1189/298 667/1190/298 671/1191/298 673/1192/298
f 674/1193/299 672/1194/299 668/1195/299 670/1196/299
f 672/1197/300 671/1198/300 667/1199/300 668/1200/300
f 668/1201/301 667/1202/301 669/1203/301 670/1204/301
f 670/1205/302 669/1206/302 673/1207/302 674/1208/302
f 677/1209/303 675/1210/303 679/1211/303 681/1212/303
f 682/1213/304 680/1214/304 676/1215/304 678/1216/304
f 680/1217/305 679/1218/305 675/1219/305 676/1220/305
f 676/1221/306 675/1222/306 677/1223/306 678/1224/306
f 678/1225/307 677/1226/307 681/1227/307 682/1228/307
f 685/1229/308 683/1230/308 687/1231/308 689/1232/308
f 690/1233/309 688/1234/309 684/1235/309 686/1236/309
f 688/1237/310 687/1238/310 683/1239/310 684/1240/310
f 684/1241/311 683/1242/311 685/1243/311 686/1244/311
f 686/1245/312 685/1246/312 689/1247/312 690/1248/312
f 697/1249/313 695/1250/313 696/1251/313 698/1252/313
f 691/1253/314 692/1254/314 696/1255/314 695/1256/314
f 694/1257/315 693/1258/315 697/1259/315 698/1260/315
f 693/1261/316 691/1262/316 695/1263/316 697/1264/316
f 698/1265/317 696/1266/317 692/1267/317 694/1268/317
f 705/1269/318 703/1270/318 704/1271/318 706/1272/318
f 699/1273/319 700/1274/319 704/1275/319 703/1276/319
f 702/1277/320 701/1278/320 705/1279/320 706/1280/320
f 701/1281/321 699/1282/321 703/1283/321 705/1284/321
f 706/1285/322 704/1286/322 700/1287/322 702/1288/322
f 710/1289/323 708/1290/323 707/1291/323 709/1292/323
f 713/1293/324 711/1294/324 712/1295/324 714/1296/324
f 707/1297/325 708/1298/325 712/1299/325 711/1300/325
f 710/1301/326 709/1302/326 713/1303/326 714/1304/326
f 709/1305/327 707/1306/327 711/1307/327 713/1308/327
f 718/1309/328 716/1310/328 715/1311/328 717/1312/328
f 721/1313/329 719/1314/329 720/1315/329 722/1316/329
f 715/1317/330 716/1318/330 720/1319/330 719/1320/330
f 718/1321/331 717/1322/331 721/1323/331 722/1324/331
f 725/1325/332 723/1326/332 724/1327/332 726/1328/332
f 722/1329/333 720/1330/333 716/1331/333 718/1332/333
f 723/1333/334 725/1334/334 717/1335/334 715/1336/334
f 724/1337/335 723/1338/335 715/1339/335 719/1340/335
f 726/1341/336 724/1342/336 719/1343/336 721/1344/336
f 731/1345/337 732/1346/337 733/1347/337 734/1348/337
f 728/1349/338 727/1350/338 725/1351/338 726/1352/338
f 729/1353/339 728/1354/339 726/1355/339 721/1356/339
f 730/1357/340 729/1358/340 721/1359/340 717/1360/340
f 727/1361/341 730/1362/341 717/1363/341 725/1364/341
f 739/1365/342 740/1366/342 741/1367/342 742/1368/342
f 733/1369/343 732/1370/343 728/1371/343 729/1372/343
f 734/1373/344 733/1374/344 729/1375/344 730/1376/344
f 731/1377/345 734/1378/345 730/1379/345 727/1380/345
f 736/1381/346 735/1382/346 732/1383/346 731/1384/346
f 737/1385/347 736/1386/347 731/1387/347 727/1388/347
f 738/1389/348 737/1390/348 727/1391/348 728/1392/348
f 735/1393/349 738/1394/349 728/1395/349 732/1396/349
f 740/1397/350 739/1398/350 735/1399/350 736/1400/350
f 741/1401/351 740/1402/351 736/1403/351 737/1404/351
f 742/1405/352 741/1406/352 737/1407/352 738/1408/352
f 743/1409/353 744/1410/353 745/1411/353 746/1412/353
f 744/1413/354 743/1414/354 739/1415/354 742/1416/354
f 745/1417/355 744/1418/355 742/1419/355 738/1420/355
f 746/1421/356 745/1422/356 738/1423/356 735/1424/356
f 743/1425/357 746/1426/357 735/1427/357 739/1428/357
f 750/1429/358 748/1430/358 747/1431/358 749/1432/358
f 753/1433/359 751/1434/359 752/1435/359 754/1436/359
f 747/1437/360 748/1438/360 752/1439/360 751/1440/360
f 750/1441/361 749/1442/361 753/1443/361 754/1444/361
f 749/1445/362 747/1446/362 751/1447/362 753/1448/362
f 755/1449/363 756/1450/363 758/1451/363 757/1452/363
f 760/1453/364 759/1454/364 761/1455/364 762/1456/364
f 759/1457/365 755/1458/365 757/1459/365 761/1460/365
f 756/1461/366 760/1462/366 762/1463/366 758/1464/366
f 763/1465/367 764/1466/367 766/1467/367 765/1468/367
f 768/1469/368 767/1470/368 769/1471/368 770/1472/368
f 767/1473/369 763/1474/369 765/1475/369 769/1476/369
f 764/1477/370 768/1478/370 770/1479/370 766/1480/370
f 774/1481/371 772/1482/371 771/1483/371 773/1484/371
f 777/1485/372 775/1486/372 776/1487/372 778/1488/372
f 773/1489/373 771/1490/373 775/1491/373 777/1492/373
f 778/1493/374 776/1494/374 772/1495/374 774/1496/374
f 782/1497/375 780/1498/375 779/1499/375 781/1500/375
f 785/1501/376 783/1502/376 784/1503/376 786/1504/376
f 781/1505/377 779/1506/377 783/1507/377 785/1508/377
f 786/1509/378 784/1510/378 780/1511/378 782/1512/378
f 790/1513/379 798/1514/379 797/1515/379 789/1516/379
f 793/1517/380 796/1518/380 795/1519/380 794/1520/380
f 789/1521/381 797/1522/381 796/1523/381 793/1524/381
f 794/1525/382 795/1526/382 798/1527/382 790/1528/382
f 790/1529/383 789/1530/383 793/1531/383 794/1532/383
f 792/1533/384 795/1534/384 796/1535/384 791/1536/384
f 791/1537/385 796/1538/385 797/1539/385 787/1540/385
f 787/1541/386 797/1542/386 798/1543/386 788/1544/386
f 788/1545/387 798/1546/387 795/1547/387 792/1548/387
f 802/1549/388 800/1550/388 799/1551/388 801/1552/388
f 805/1553/389 803/1554/389 804/1555/389 806/1556/389
f 801/1557/390 799/1558/390 803/1559/390 805/1560/390
f 806/1561/391 804/1562/391 800/1563/391 802/1564/391
f 807/1565/392 808/1566/392 810/1567/392 809/1568/392
f 812/1569/393 811/1570/393 813/1571/393 814/1572/393
f 811/1573/394 807/1574/394 809/1575/394 813/1576/394
f 808/1577/395 812/1578/395 814/1579/395 810/1580/395
f 825/1581/396 826/1582/396 818/1583/396 817/1584/396
f 823/1585/397 824/1586/397 821/1587/397 822/1588/397
f 824/1589/398 825/1590/398 817/1591/398 821/1592/398
f 826/1593/399 823/1594/399 822/1595/399 818/1596/399
f 821/1597/400 817/1598/400 818/1599/400 822/1600/400
f 824/1601/401 823/1602/401 820/1603/401 819/1604/401
f 825/1605/402 824/1606/402 819/1607/402 815/1608/402
f 826/1609/403 825/1610/403 815/1611/403 816/1612/403
f 823/1613/404 826/1614/404 816/1615/404 820/1616/404
f 827/1617/405 828/1618/405 830/1619/405 829/1620/405
f 832/1621/406 831/1622/406 833/1623/406 834/1624/406
f 831/1625/407 827/1626/407 829/1627/407 833/1628/407
f 828/1629/408 832/1630/408 834/1631/408 830/1632/408
f 838/1633/409 836/1634/409 835/1635/409 837/1636/409
f 841/1637/410 839/1638/410 840/1639/410 842/1640/410
f 837/1641/411 835/1642/411 839/1643/411 841/1644/411
f 842/1645/412 840/1646/412 836/1647/412 838/1648/412
f 843/1649/413 844/1650/413 846/1651/413 845/1652/413
f 848/1653/414 847/1654/414 849/1655/414 850/1656/414
f 847/1657/415 843/1658/415 845/1659/415 849/1660/415
f 844/1661/416 848/1662/416 850/1663/416 846/1664/416
f 845/1665/417 846/1666/417 850/1667/417 849/1668/417
f 854/1669/418 852/1670/418 851/1671/418 853/1672/418
f 857/1673/419 855/1674/419 856/1675/419 858/1676/419
f 853/1677/420 851/1678/420 855/1679/420 857/1680/420
f 858/1681/421 856/1682/421 852/1683/421 854/1684/421
f 862/1685/422 860/1686/422 859/1687/422 861/1688/422
f 865/1689/423 863/1690/423 864/1691/423 866/1692/423
f 861/1693/424 859/1694/424 863/1695/424 865/1696/424
f 866/1697/425 864/1698/425 860/1699/425 862/1700/425
f 870/1701/426 868/1702/426 867/1703/426 869/1704/426
f 873/1705/427 871/1706/427 872/1707/427 874/1708/427
f 869/1709/428 867/1710/428 871/1711/428 873/1712/428
f 874/1713/429 872/1714/429 868/1715/429 870/1716/429
f 878/1717/430 876/1718/430 875/1719/430 877/1720/430
f 881/1721/431 879/1722/431 880/1723/431 882/1724/431
f 877/1725/432 875/1726/432 879/1727/432 881/1728/432
f 882/1729/433 880/1730/433 876/1731/433 878/1732/433
f 886/1733/434 884/1734/434 883/1735/434 885/1736/434
f 889/1737/435 887/1738/435 888/1739/435 890/1740/435
f 886/1741/436 885/1742/436 889/1743/436 890/1744/436
f 885/1745/437 883/1746/437 887/1747/437 889/1748/437
f 890/1749/438 888/1750/438 884/1751/438 886/1752/438
f 891/1753/439 892/1754/439 894/1755/439 893/1756/439
f 896/1757/440 895/1758/440 897/1759/440 898/1760/440
f 895/1761/441 891/1762/441 893/1763/441 897/1764/441
f 892/1765/442 896/1766/442 898/1767/442 894/1768/442
f 899/1769/443 900/1770/443 902/1771/443 901/1772/443
f 904/1773/444 903/1774/444 905/1775/444 906/1776/444
f 903/1777/445 899/1778/445 901/1779/445 905/1780/445
f 900/1781/446 904/1782/446 906/1783/446 902/1784/446
o small_wheel
v 0.4375000000000001 1.0625 4.5
v 0.4375000000000001 1.0625 2.5
v -0.4374999999999999 1.0625 4.5
v -0.4374999999999999 1.0625 2.5
v 0.4374999999999999 1.9375 4.5
v 0.4374999999999999 1.9375 2.5
v -0.4375000000000001 1.9375 4.5
v -0.4375000000000001 1.9375 2.5
v 1.875 1.2500000000000004 3.375
v 1.875 1.2500000000000004 2.875
v 0.43750000000000006 1.25 3.375
v 0.43750000000000006 1.25 2.875
v 1.875 1.7500000000000004 3.375
v 1.875 1.7500000000000004 2.875
v 0.43749999999999994 1.75 3.375
v 0.43749999999999994 1.75 2.875
v -0.2499999999999996 -0.25 3.375
v -0.2499999999999996 -0.25 2.875
v -0.24999999999999994 1.1875 3.375
v -0.24999999999999994 1.1875 2.875
v 0.2500000000000004 -0.25 3.375
v 0.2500000000000004 -0.25 2.875
v 0.25000000000000006 1.1875 3.375
v 0.25000000000000006 1.1875 2.875
v -0.43749999999999994 1.25 3.375
v -0.43749999999999994 1.25 2.875
v -1.875 1.2499999999999996 3.375
v -1.875 1.2499999999999996 2.875
v -0.43750000000000006 1.75 3.375
v -0.43750000000000006 1.75 2.875
v -1.875 1.7499999999999996 3.375
v -1.875 1.7499999999999996 2.875
v -0.25000000000000006 1.8125 3.375
v -0.25000000000000006 1.8125 2.875
v -0.2500000000000004 3.25 3.375
v -0.2500000000000004 3.25 2.875
v 0.24999999999999994 1.8125 3.375
v 0.24999999999999994 1.8125 2.875
v 0.2499999999999996 3.25 3.375
v 0.2499999999999996 3.25 2.875
v 1.5026018749999996 2.6490487500000004 4.1875
v 1.5026018749999996 2.6490487500000004 3.6875
v 0.44194187499999993 1.588388125 4.1875
v 0.44194187499999993 1.588388125 3.6875
v 1.1490487499999995 3.0026018750000003 4.1875
v 1.1490487499999995 3.0026018750000003 3.6875
v 0.08838812499999994 1.941941875 4.1875
v 0.08838812499999994 1.941941875 3.6875
v 1.1490487500000004 -0.0026018749999998647 4.1875
v 1.1490487500000004 -0.0026018749999998647 3.6875
v 0.0441943750000001 1.1022525 4.1875
v 0.0441943750000001 1.1022525 3.6875
v 1.502601875 0.3509512500000005 4.1875
v 1.502601875 0.3509512500000005 3.6875
v 0.3977474999999999 1.455805625 4.1875
v 0.3977474999999999 1.455805625 3.6875
v -0.08838812499999994 1.058058125 4.1875
v -0.08838812499999994 1.058058125 3.6875
v -1.1490487499999995 -0.002601875000000309 4.1875
v -1.1490487499999995 -0.002601875000000309 3.6875
v -0.44194187500000004 1.411611875 4.1875
v -0.44194187500000004 1.411611875 3.6875
v -1.5026018749999996 0.3509512499999996 4.1875
v -1.5026018749999996 0.3509512499999996 3.6875
v -0.39774750000000003 1.544194375 4.1875
v -0.39774750000000003 1.544194375 3.6875
v -1.502601875 2.6490487499999995 4.1875
v -1.502601875 2.6490487499999995 3.6875
v -0.0441943750000001 1.8977475 4.1875
v -0.0441943750000001 1.8977475 3.6875
v -1.1490487500000004 3.002601875 4.1875
v -1.1490487500000004 3.002601875 3.6875
v 1.8749999999999998 2.3125000000000004 4.5
v 1.8749999999999998 2.3125000000000004 2.5
v 1.8750000000000002 0.6875000000000004 4.5
v 1.8750000000000002 0.6875000000000004 2.5
v 1.4999999999999998 2.2109375000000004 4.5
v 1.4999999999999998 2.2109375000000004 2.5
v 1.5000000000000002 0.7890625000000003 4.5
v 1.5000000000000002 0.7890625000000003 2.5
v 0.8124999999999996 3.375 4.5
v 0.8124999999999996 3.375 2.5
v -0.8125000000000004 3.375 4.5
v -0.8125000000000004 3.375 2.5
v 0.7109374999999997 3 4.5
v 0.7109374999999997 3 2.5
v -0.7109375000000003 3 4.5
v -0.7109375000000003 3 2.5
v -1.8750000000000002 2.3124999999999996 4.5
v -1.8750000000000002 2.3124999999999996 2.5
v -1.8749999999999998 0.6874999999999996 4.5
v -1.8749999999999998 0.6874999999999996 2.5
v -1.5000000000000002 2.2109374999999996 4.5
v -1.5000000000000002 2.2109374999999996 2.5
v -1.4999999999999998 0.7890624999999997 4.5
v -1.4999999999999998 0.7890624999999997 2.5
v 0.8125000000000004 -0.3749999999999998 4.5
v 0.8125000000000004 -0.3749999999999998 2.5
v -0.8124999999999996 -0.3750000000000002 4.5
v -0.8124999999999996 -0.3750000000000002 2.5
v 0.7109375000000003 2.220446049250313e-16 4.5
v 0.7109375000000003 2.220446049250313e-16 2.5
v -0.7109374999999997 -2.220446049250313e-16 4.5
v -0.7109374999999997 -2.220446049250313e-16 2.5
v 1.679378605318051 -0.0026019100214131896 4.375
v 1.679378605318051 -0.0026019100214131896 2.625
v 1.370019388548936 0.3067573067477012 4.375
v 1.370019388548936 0.3067573067477012 2.625
v 2.1213203435596433 0.43933982822017903 4.375
v 2.1213203435596433 0.43933982822017903 2.625
v 1.8119611267905282 0.7486990449892935 4.375
v 1.8119611267905282 0.7486990449892935 2.625
v 1.0606601717798214 -0.6213203435596424 4.375
v 1.0606601717798214 -0.6213203435596424 2.625
v 0.751300955010707 -0.3119611267905278 4.375
v 0.751300955010707 -0.3119611267905278 2.625
v 1.5026019100214136 -0.17937860531805017 4.375
v 1.5026019100214136 -0.17937860531805017 2.625
v 1.193242693252299 0.1299806114510642 4.375
v 1.193242693252299 0.1299806114510642 2.625
v 2.2500000775417086 0.7499996795249386 4.375
v 2.2500000775417086 0.7499996795249386 2.625
v 1.8125002957111829 0.7500001214666768 4.375
v 1.8125002957111829 0.7500001214666768 2.625
v 2.250000077541709 1.3749998729305337 4.375
v 2.250000077541709 1.3749998729305337 2.625
v 1.8124998537694443 1.3749998729305335 4.375
v 1.8124998537694443 1.3749998729305335 2.625
v 2.250000077541709 1.6250001270694667 4.375
v 2.250000077541709 1.6250001270694667 2.625
v 1.8124998537694443 1.625000127069467 4.375
v 1.8124998537694443 1.625000127069467 2.625
v 2.2500000775417086 2.250000320475062 4.375
v 2.2500000775417086 2.250000320475062 2.625
v 1.8125002957111824 2.2499998785333237 4.375
v 1.8125002957111824 2.2499998785333237 2.625
v 1.5026019100214132 3.1793786053180506 4.375
v 1.5026019100214132 3.1793786053180506 2.625
v 1.1932426932522986 2.8700193885489362 4.375
v 1.1932426932522986 2.8700193885489362 2.625
v 1.060660171779821 3.6213203435596433 4.375
v 1.060660171779821 3.6213203435596433 2.625
v 0.7513009550107066 3.3119611267905285 4.375
v 0.7513009550107066 3.3119611267905285 2.625
v 2.1213203435596424 2.560660171779822 4.375
v 2.1213203435596424 2.560660171779822 2.625
v 1.8119611267905278 2.251300955010707 4.375
v 1.8119611267905278 2.251300955010707 2.625
v 1.6793786053180502 3.002601910021414 4.375
v 1.6793786053180502 3.002601910021414 2.625
v 1.370019388548936 2.693242693252299 4.375
v 1.370019388548936 2.693242693252299 2.625
v 0.12500012706946678 -0.750000077541709 4.375
v 0.12500012706946678 -0.750000077541709 2.625
v 0.1250001270694669 -0.31249985376944434 4.375
v 0.1250001270694669 -0.31249985376944434 2.625
v 0.7500003204750622 -0.7500000775417086 4.375
v 0.7500003204750622 -0.7500000775417086 2.625
v 0.7499998785333237 -0.31250029571118243 4.375
v 0.7499998785333237 -0.31250029571118243 2.625
v -0.7500003204750614 -0.7500000775417086 4.375
v -0.7500003204750614 -0.7500000775417086 2.625
v -0.7499998785333232 -0.3125002957111829 4.375
v -0.7499998785333232 -0.3125002957111829 2.625
v -0.12500012706946623 -0.750000077541709 4.375
v -0.12500012706946623 -0.750000077541709 2.625
v -0.12500012706946656 -0.31249985376944456 4.375
v -0.12500012706946656 -0.31249985376944456 2.625
v -0.12500012706946678 3.750000077541709 4.375
v -0.12500012706946678 3.750000077541709 2.625
v -0.1250001270694669 3.3124998537694443 4.375
v -0.1250001270694669 3.3124998537694443 2.625
v -0.7500003204750622 3.7500000775417086 4.375
v -0.7500003204750622 3.7500000775417086 2.625
v -0.7499998785333237 3.3125002957111827 4.375
v -0.7499998785333237 3.3125002957111827 2.625
v 0.7500003204750615 3.7500000775417086 4.375
v 0.7500003204750615 3.7500000775417086 2.625
v 0.7499998785333233 3.3125002957111827 4.375
v 0.7499998785333233 3.3125002957111827 2.625
v 0.12500012706946623 3.750000077541709 4.375
v 0.12500012706946623 3.750000077541709 2.625
v 0.12500012706946656 3.3124998537694443 4.375
v 0.12500012706946656 3.3124998537694443 2.625
v -1.6793786053180508 3.002601910021413 4.375
v -1.6793786053180508 3.002601910021413 2.625
v -1.370019388548936 2.693242693252299 4.375
v -1.370019388548936 2.693242693252299 2.625
v -2.1213203435596433 2.560660171779821 4.375
v -2.1213203435596433 2.560660171779821 2.625
v -1.8119611267905282 2.2513009550107066 4.375
v -1.8119611267905282 2.2513009550107066 2.625
v -1.0606601717798216 3.6213203435596424 4.375
v -1.0606601717798216 3.6213203435596424 2.625
v -0.751300955010707 3.3119611267905276 4.375
v -0.751300955010707 3.3119611267905276 2.625
v -1.5026019100214139 3.17937860531805 4.375
v -1.5026019100214139 3.17937860531805 2.625
v -1.193242693252299 2.870019388548936 4.375
v -1.193242693252299 2.870019388548936 2.625
v -2.250000077541709 1.3749998729305333 4.375
v -2.250000077541709 1.3749998729305333 2.625
v -1.8124998537694443 1.374999872930533 4.375
v -1.8124998537694443 1.374999872930533 2.625
v -2.2500000775417086 0.7499996795249378 4.375
v -2.2500000775417086 0.7499996795249378 2.625
v -1.8125002957111824 0.7500001214666763 4.375
v -1.8125002957111824 0.7500001214666763 2.625
v -2.2500000775417086 2.2500003204750616 4.375
v -2.2500000775417086 2.2500003204750616 2.625
v -1.8125002957111829 2.2499998785333233 4.375
v -1.8125002957111829 2.2499998785333233 2.625
v -2.250000077541709 1.6250001270694663 4.375
v -2.250000077541709 1.6250001270694663 2.625
v -1.8124998537694446 1.6250001270694665 4.375
v -1.8124998537694446 1.6250001270694665 2.625
v -1.5026019100214132 -0.17937860531805083 4.375
v -1.5026019100214132 -0.17937860531805083 2.625
v -1.1932426932522988 0.129980611451064 4.375
v -1.1932426932522988 0.129980611451064 2.625
v -1.060660171779821 -0.6213203435596433 4.375
v -1.060660171779821 -0.6213203435596433 2.625
v -0.7513009550107065 -0.31196112679052823 4.375
v -0.7513009550107065 -0.31196112679052823 2.625
v -2.1213203435596424 0.43933982822017836 4.375
v -2.1213203435596424 0.43933982822017836 2.625
v -1.8119611267905278 0.748699044989293 4.375
v -1.8119611267905278 0.748699044989293 2.625
v -1.6793786053180502 -0.0026019100214138557 4.375
v -1.6793786053180502 -0.0026019100214138557 2.625
v -1.3700193885489358 0.30675730674770096 4.375
v -1.3700193885489358 0.30675730674770096 2.625
vt 0.3385416666666667 0.34375
vt 0.3385416666666667 0.41666666666666663
vt 0.171875 0.41666666666666663
vt 0.171875 0.34375
vt 0.3385416666666667 0.34375
vt 0.3385416666666667 0.41666666666666663
vt 0.171875 0.41666666666666663
vt 0.171875 0.34375
vt 0.3385416666666667 0.41666666666666663
vt 0.171875 0.41666666666666663
vt 0.171875 0.34375
vt 0.3385416666666667 0.34375
vt 0.3385416666666667 0.41666666666666663
vt 0.171875 0.41666666666666663
vt 0.171875 0.34375
vt 0.3385416666666667 0.34375
vt 0.75 0.84375
vt 0.75 0.9635416666666666
vt 0.7083333333333334 0.9635416666666666
vt 0.7083333333333334 0.84375
vt 0.75 0.84375
vt 0.75 0.9635416666666666
vt 0.7083333333333334 0.9635416666666666
vt 0.7083333333333334 0.84375
vt 0.75 0.84375
vt 0.75 0.9635416666666666
vt 0.7083333333333334 0.9635416666666666
vt 0.7083333333333334 0.84375
vt 0.75 0.84375
vt 0.75 0.9635416666666666
vt 0.7083333333333334 0.9635416666666666
vt 0.7083333333333334 0.84375
vt 0.75 0.84375
vt 0.75 0.9635416666666666
vt 0.7083333333333334 0.9635416666666666
vt 0.7083333333333334 0.84375
vt 0.75 0.84375
vt 0.75 0.9635416666666666
vt 0.7083333333333334 0.9635416666666666
vt 0.7083333333333334 0.84375
vt 0.75 0.84375
vt 0.75 0.9635416666666666
vt 0.7083333333333334 0.9635416666666666
vt 0.7083333333333334 0.84375
vt 0.75 0.84375
vt 0.75 0.9635416666666666
vt 0.7083333333333334 0.9635416666666666
vt 0.7083333333333334 0.84375
vt 0.75 0.84375
vt 0.75 0.9635416666666666
vt 0.7083333333333334 0.9635416666666666
vt 0.7083333333333334 0.84375
vt 0.75 0.84375
vt 0.75 0.9635416666666666
vt 0.7083333333333334 0.9635416666666666
vt 0.7083333333333334 0.84375
vt 0.75 0.84375
vt 0.75 0.9635416666666666
vt 0.7083333333333334 0.9635416666666666
vt 0.7083333333333334 0.84375
vt 0.75 0.84375
vt 0.75 0.9635416666666666
vt 0.7083333333333334 0.9635416666666666
vt 0.7083333333333334 0.84375
vt 0.75 0.84375
vt 0.75 0.9635416666666666
vt 0.7083333333333334 0.9635416666666666
vt 0.7083333333333334 0.84375
vt 0.75 0.84375
vt 0.75 0.9635416666666666
vt 0.7083333333333334 0.9635416666666666
vt 0.7083333333333334 0.84375
vt 0.75 0.84375
vt 0.75 0.9635416666666666
vt 0.7083333333333334 0.9635416666666666
vt 0.7083333333333334 0.84375
vt 0.75 0.84375
vt 0.75 0.9635416666666666
vt 0.7083333333333334 0.9635416666666666
vt 0.7083333333333334 0.84375
vt 0.75 0.8385416666666666
vt 0.75 0.9635416666666666
vt 0.7083333333333334 0.9635416666666666
vt 0.7083333333333334 0.8385416666666666
vt 0.75 0.8385416666666666
vt 0.75 0.9635416666666666
vt 0.7083333333333334 0.9635416666666666
vt 0.7083333333333334 0.8385416666666666
vt 0.75 0.8385416666666666
vt 0.75 0.9635416666666666
vt 0.7083333333333334 0.9635416666666666
vt 0.7083333333333334 0.8385416666666666
vt 0.75 0.8385416666666666
vt 0.75 0.9635416666666666
vt 0.7083333333333334 0.9635416666666666
vt 0.7083333333333334 0.8385416666666666
vt 0.75 0.8333333333333334
vt 0.75 0.9635416666666666
vt 0.7083333333333334 0.9635416666666666
vt 0.7083333333333334 0.8333333333333334
vt 0.75 0.8333333333333334
vt 0.75 0.9635416666666666
vt 0.7083333333333334 0.9635416666666666
vt 0.7083333333333334 0.8333333333333334
vt 0.75 0.8333333333333334
vt 0.75 0.9635416666666666
vt 0.7083333333333334 0.9635416666666666
vt 0.7083333333333334 0.8333333333333334
vt 0.75 0.8333333333333334
vt 0.75 0.9635416666666666
vt 0.7083333333333334 0.9635416666666666
vt 0.7083333333333334 0.8333333333333334
vt 0.75 0.8385416666666666
vt 0.75 0.9635416666666666
vt 0.7083333333333334 0.9635416666666666
vt 0.7083333333333334 0.8385416666666666
vt 0.75 0.8385416666666666
vt 0.75 0.9635416666666666
vt 0.7083333333333334 0.9635416666666666
vt 0.7083333333333334 0.8385416666666666
vt 0.75 0.8385416666666666
vt 0.75 0.9635416666666666
vt 0.7083333333333334 0.9635416666666666
vt 0.7083333333333334 0.8385416666666666
vt 0.75 0.8385416666666666
vt 0.75 0.9635416666666666
vt 0.7083333333333334 0.9635416666666666
vt 0.7083333333333334 0.8385416666666666
vt 0.75 0.8333333333333334
vt 0.75 0.9635416666666666
vt 0.7083333333333334 0.9635416666666666
vt 0.7083333333333334 0.8333333333333334
vt 0.75 0.8333333333333334
vt 0.75 0.9635416666666666
vt 0.7083333333333334 0.9635416666666666
vt 0.7083333333333334 0.8333333333333334
vt 0.75 0.8333333333333334
vt 0.75 0.9635416666666666
vt 0.7083333333333334 0.9635416666666666
vt 0.7083333333333334 0.8333333333333334
vt 0.75 0.8333333333333334
vt 0.75 0.9635416666666666
vt 0.7083333333333334 0.9635416666666666
vt 0.7083333333333334 0.8333333333333334
vt 0.34375 0.43229166666666663
vt 0.34375 0.296875
vt 0.5104166666666666 0.296875
vt 0.5104166666666666 0.43229166666666663
vt 0.16666666666666666 0.5416666666666667
vt 0.16666666666666666 0.65625
vt 0 0.65625
vt 0 0.5416666666666667
vt 0.5104166666666666 0.43229166666666663
vt 0.34375 0.43229166666666663
vt 0.34375 0.296875
vt 0.5104166666666666 0.296875
vt 0 0.5416666666666667
vt 0.16666666666666666 0.5416666666666667
vt 0.16666666666666666 0.65625
vt 0 0.65625
vt 0.5104166666666666 0.43229166666666663
vt 0.34375 0.43229166666666663
vt 0.34375 0.296875
vt 0.5104166666666666 0.296875
vt 0 0.5416666666666667
vt 0.16666666666666666 0.5416666666666667
vt 0.16666666666666666 0.65625
vt 0 0.65625
vt 0.34375 0.43229166666666663
vt 0.34375 0.296875
vt 0.5104166666666666 0.296875
vt 0.5104166666666666 0.43229166666666663
vt 0.16666666666666666 0.5416666666666667
vt 0.16666666666666666 0.65625
vt 0 0.65625
vt 0 0.5416666666666667
vt 0.34375 0.5833333333333333
vt 0.34375 0.45833333333333337
vt 0.5104166666666666 0.45833333333333337
vt 0.5104166666666666 0.5833333333333333
vt 0.5104166666666666 0.31770833333333337
vt 0.5104166666666666 0.41145833333333337
vt 0.34375 0.41145833333333337
vt 0.34375 0.31770833333333337
vt 0.5104166666666666 0.31770833333333337
vt 0.5104166666666666 0.41145833333333337
vt 0.34375 0.41145833333333337
vt 0.34375 0.31770833333333337
vt 0.34375 0.5833333333333333
vt 0.34375 0.45833333333333337
vt 0.5104166666666666 0.45833333333333337
vt 0.5104166666666666 0.5833333333333333
vt 0.34375 0.41145833333333337
vt 0.34375 0.31770833333333337
vt 0.5104166666666666 0.31770833333333337
vt 0.5104166666666666 0.41145833333333337
vt 0.5104166666666666 0.45833333333333337
vt 0.5104166666666666 0.5833333333333333
vt 0.34375 0.5833333333333333
vt 0.34375 0.45833333333333337
vt 0.5104166666666666 0.31770833333333337
vt 0.5104166666666666 0.41145833333333337
vt 0.34375 0.41145833333333337
vt 0.34375 0.31770833333333337
vt 0.34375 0.5833333333333333
vt 0.34375 0.45833333333333337
vt 0.5104166666666666 0.45833333333333337
vt 0.5104166666666666 0.5833333333333333
vt 0.6979166666666666 0.8125
vt 0.6666666666666666 0.8020833333333334
vt 0.6666666666666666 0.96875
vt 0.6979166666666666 0.9583333333333334
vt 0.6979166666666666 0.9322916666666666
vt 0.6979166666666666 0.765625
vt 0.6666666666666666 0.7760416666666666
vt 0.6666666666666666 0.921875
vt 0.6979166666666666 1
vt 0.6979166666666666 0.8333333333333334
vt 0.6666666666666666 0.84375
vt 0.6666666666666666 0.9895833333333334
vt 0.6666666666666666 0.9427083333333334
vt 0.6979166666666666 0.953125
vt 0.6979166666666666 0.7864583333333334
vt 0.6666666666666666 0.796875
vt 0.6666666666666666 0.9490740625
vt 0.6979166666666666 0.9635416666666666
vt 0.6979166666666666 0.8333333333333334
vt 0.6666666666666666 0.8478009375
vt 0.6666666666666666 0.8761573958333333
vt 0.6979166666666666 0.890625
vt 0.6979166666666666 0.7604166666666666
vt 0.6666666666666666 0.7748842708333333
vt 0.6666666666666666 0.90625
vt 0.6979166666666666 0.8917823958333333
vt 0.6979166666666666 0.7905092708333333
vt 0.6666666666666666 0.7760416666666666
vt 0.6666666666666666 0.9699073958333333
vt 0.6979166666666666 0.984375
vt 0.6979166666666666 0.8541666666666666
vt 0.6666666666666666 0.8686342708333333
vt 0.6666666666666666 0.96875
vt 0.6666666666666666 0.8020833333333334
vt 0.6979166666666666 0.8125
vt 0.6979166666666666 0.9583333333333334
vt 0.6666666666666666 0.7760416666666666
vt 0.6979166666666666 0.765625
vt 0.6979166666666666 0.9322916666666666
vt 0.6666666666666666 0.921875
vt 0.6666666666666666 0.84375
vt 0.6979166666666666 0.8333333333333334
vt 0.6979166666666666 1
vt 0.6666666666666666 0.9895833333333334
vt 0.6979166666666666 0.7864583333333334
vt 0.6979166666666666 0.953125
vt 0.6666666666666666 0.9427083333333334
vt 0.6666666666666666 0.796875
vt 0.6979166666666666 0.8333333333333334
vt 0.6979166666666666 0.9635416666666666
vt 0.6666666666666666 0.9490740625
vt 0.6666666666666666 0.8478009375
vt 0.6979166666666666 0.7604166666666666
vt 0.6979166666666666 0.890625
vt 0.6666666666666666 0.8761573958333333
vt 0.6666666666666666 0.7748842708333333
vt 0.6979166666666666 0.7905092708333333
vt 0.6979166666666666 0.8917823958333333
vt 0.6666666666666666 0.90625
vt 0.6666666666666666 0.7760416666666666
vt 0.6979166666666666 0.8541666666666666
vt 0.6979166666666666 0.984375
vt 0.6666666666666666 0.9699073958333333
vt 0.6666666666666666 0.8686342708333333
vt 0.9375 0.20833333333333337
vt 0.9375 0.24479166666666663
vt 0.8854166666666666 0.24479166666666663
vt 0.8854166666666666 0.20833333333333337
vt 0.9322916666666666 0.20833333333333337
vt 0.9322916666666666 0.24479166666666663
vt 0.8802083333333334 0.24479166666666663
vt 0.8802083333333334 0.20833333333333337
vt 0.84375 0.20833333333333337
vt 0.9895833333333334 0.20833333333333337
vt 0.9895833333333334 0.24479166666666663
vt 0.84375 0.24479166666666663
vt 0.84375 0.25
vt 0.9895833333333334 0.25
vt 0.9895833333333334 0.30208333333333337
vt 0.84375 0.30208333333333337
vt 0.9895833333333334 0.24479166666666663
vt 0.84375 0.24479166666666663
vt 0.84375 0.20833333333333337
vt 0.9895833333333334 0.20833333333333337
vt 0.9375 0.20833333333333337
vt 0.9375 0.24479166666666663
vt 0.8854166666666666 0.24479166666666663
vt 0.8854166666666666 0.20833333333333337
vt 0.9322916666666666 0.20833333333333337
vt 0.9322916666666666 0.24479166666666663
vt 0.8802083333333334 0.24479166666666663
vt 0.8802083333333334 0.20833333333333337
vt 0.84375 0.20833333333333337
vt 0.9895833333333334 0.20833333333333337
vt 0.9895833333333334 0.24479166666666663
vt 0.84375 0.24479166666666663
vt 0.84375 0.25
vt 0.9895833333333334 0.25
vt 0.9895833333333334 0.30208333333333337
vt 0.84375 0.30208333333333337
vt 0.9895833333333334 0.24479166666666663
vt 0.84375 0.24479166666666663
vt 0.84375 0.20833333333333337
vt 0.9895833333333334 0.20833333333333337
vt 0.9375 0.20833333333333337
vt 0.9375 0.24479166666666663
vt 0.8854166666666666 0.24479166666666663
vt 0.8854166666666666 0.20833333333333337
vt 0.9322916666666666 0.20833333333333337
vt 0.9322916666666666 0.24479166666666663
vt 0.8802083333333334 0.24479166666666663
vt 0.8802083333333334 0.20833333333333337
vt 0.84375 0.20833333333333337
vt 0.9895833333333334 0.20833333333333337
vt 0.9895833333333334 0.24479166666666663
vt 0.84375 0.24479166666666663
vt 0.84375 0.25
vt 0.9895833333333334 0.25
vt 0.9895833333333334 0.30208333333333337
vt 0.84375 0.30208333333333337
vt 0.9895833333333334 0.24479166666666663
vt 0.84375 0.24479166666666663
vt 0.84375 0.20833333333333337
vt 0.9895833333333334 0.20833333333333337
vt 0.9375 0.20833333333333337
vt 0.9375 0.24479166666666663
vt 0.8854166666666666 0.24479166666666663
vt 0.8854166666666666 0.20833333333333337
vt 0.9322916666666666 0.20833333333333337
vt 0.9322916666666666 0.24479166666666663
vt 0.8802083333333334 0.24479166666666663
vt 0.8802083333333334 0.20833333333333337
vt 0.84375 0.20833333333333337
vt 0.9895833333333334 0.20833333333333337
vt 0.9895833333333334 0.24479166666666663
vt 0.84375 0.24479166666666663
vt 0.84375 0.25
vt 0.9895833333333334 0.25
vt 0.9895833333333334 0.30208333333333337
vt 0.84375 0.30208333333333337
vt 0.9895833333333334 0.24479166666666663
vt 0.84375 0.24479166666666663
vt 0.84375 0.20833333333333337
vt 0.9895833333333334 0.20833333333333337
vt 0.9375 0.20833333333333337
vt 0.9375 0.24479166666666663
vt 0.8854166666666666 0.24479166666666663
vt 0.8854166666666666 0.20833333333333337
vt 0.9322916666666666 0.20833333333333337
vt 0.9322916666666666 0.24479166666666663
vt 0.8802083333333334 0.24479166666666663
vt 0.8802083333333334 0.20833333333333337
vt 0.84375 0.20833333333333337
vt 0.9895833333333334 0.20833333333333337
vt 0.9895833333333334 0.24479166666666663
vt 0.84375 0.24479166666666663
vt 0.84375 0.25
vt 0.9895833333333334 0.25
vt 0.9895833333333334 0.30208333333333337
vt 0.84375 0.30208333333333337
vt 0.9895833333333334 0.24479166666666663
vt 0.84375 0.24479166666666663
vt 0.84375 0.20833333333333337
vt 0.9895833333333334 0.20833333333333337
vt 0.9375 0.20833333333333337
vt 0.9375 0.24479166666666663
vt 0.8854166666666666 0.24479166666666663
vt 0.8854166666666666 0.20833333333333337
vt 0.9322916666666666 0.20833333333333337
vt 0.9322916666666666 0.24479166666666663
vt 0.8802083333333334 0.24479166666666663
vt 0.8802083333333334 0.20833333333333337
vt 0.84375 0.20833333333333337
vt 0.9895833333333334 0.20833333333333337
vt 0.9895833333333334 0.24479166666666663
vt 0.84375 0.24479166666666663
vt 0.84375 0.25
vt 0.9895833333333334 0.25
vt 0.9895833333333334 0.30208333333333337
vt 0.84375 0.30208333333333337
vt 0.9895833333333334 0.24479166666666663
vt 0.84375 0.24479166666666663
vt 0.84375 0.20833333333333337
vt 0.9895833333333334 0.20833333333333337
vt 0.9375 0.20833333333333337
vt 0.9375 0.24479166666666663
vt 0.8854166666666666 0.24479166666666663
vt 0.8854166666666666 0.20833333333333337
vt 0.9322916666666666 0.20833333333333337
vt 0.9322916666666666 0.24479166666666663
vt 0.8802083333333334 0.24479166666666663
vt 0.8802083333333334 0.20833333333333337
vt 0.84375 0.20833333333333337
vt 0.9895833333333334 0.20833333333333337
vt 0.9895833333333334 0.24479166666666663
vt 0.84375 0.24479166666666663
vt 0.84375 0.25
vt 0.9895833333333334 0.25
vt 0.9895833333333334 0.30208333333333337
vt 0.84375 0.30208333333333337
vt 0.9895833333333334 0.24479166666666663
vt 0.84375 0.24479166666666663
vt 0.84375 0.20833333333333337
vt 0.9895833333333334 0.20833333333333337
vt 0.9375 0.20833333333333337
vt 0.9375 0.24479166666666663
vt 0.8854166666666666 0.24479166666666663
vt 0.8854166666666666 0.20833333333333337
vt 0.9322916666666666 0.20833333333333337
vt 0.9322916666666666 0.24479166666666663
vt 0.8802083333333334 0.24479166666666663
vt 0.8802083333333334 0.20833333333333337
vt 0.84375 0.20833333333333337
vt 0.9895833333333334 0.20833333333333337
vt 0.9895833333333334 0.24479166666666663
vt 0.84375 0.24479166666666663
vt 0.84375 0.25
vt 0.9895833333333334 0.25
vt 0.9895833333333334 0.30208333333333337
vt 0.84375 0.30208333333333337
vt 0.9895833333333334 0.24479166666666663
vt 0.84375 0.24479166666666663
vt 0.84375 0.20833333333333337
vt 0.9895833333333334 0.20833333333333337
vt 0.9375 0.20833333333333337
vt 0.9375 0.24479166666666663
vt 0.8854166666666666 0.24479166666666663
vt 0.8854166666666666 0.20833333333333337
vt 0.9322916666666666 0.20833333333333337
vt 0.9322916666666666 0.24479166666666663
vt 0.8802083333333334 0.24479166666666663
vt 0.8802083333333334 0.20833333333333337
vt 0.84375 0.20833333333333337
vt 0.9895833333333334 0.20833333333333337
vt 0.9895833333333334 0.24479166666666663
vt 0.84375 0.24479166666666663
vt 0.84375 0.25
vt 0.9895833333333334 0.25
vt 0.9895833333333334 0.30208333333333337
vt 0.84375 0.30208333333333337
vt 0.9895833333333334 0.24479166666666663
vt 0.84375 0.24479166666666663
vt 0.84375 0.20833333333333337
vt 0.9895833333333334 0.20833333333333337
vt 0.9375 0.20833333333333337
vt 0.9375 0.24479166666666663
vt 0.8854166666666666 0.24479166666666663
vt 0.8854166666666666 0.20833333333333337
vt 0.9322916666666666 0.20833333333333337
vt 0.9322916666666666 0.24479166666666663
vt 0.8802083333333334 0.24479166666666663
vt 0.8802083333333334 0.20833333333333337
vt 0.84375 0.20833333333333337
vt 0.9895833333333334 0.20833333333333337
vt 0.9895833333333334 0.24479166666666663
vt 0.84375 0.24479166666666663
vt 0.84375 0.25
vt 0.9895833333333334 0.25
vt 0.9895833333333334 0.30208333333333337
vt 0.84375 0.30208333333333337
vt 0.9895833333333334 0.24479166666666663
vt 0.84375 0.24479166666666663
vt 0.84375 0.20833333333333337
vt 0.9895833333333334 0.20833333333333337
vt 0.9375 0.20833333333333337
vt 0.9375 0.24479166666666663
vt 0.8854166666666666 0.24479166666666663
vt 0.8854166666666666 0.20833333333333337
vt 0.9322916666666666 0.20833333333333337
vt 0.9322916666666666 0.24479166666666663
vt 0.8802083333333334 0.24479166666666663
vt 0.8802083333333334 0.20833333333333337
vt 0.84375 0.20833333333333337
vt 0.9895833333333334 0.20833333333333337
vt 0.9895833333333334 0.24479166666666663
vt 0.84375 0.24479166666666663
vt 0.84375 0.25
vt 0.9895833333333334 0.25
vt 0.9895833333333334 0.30208333333333337
vt 0.84375 0.30208333333333337
vt 0.9895833333333334 0.24479166666666663
vt 0.84375 0.24479166666666663
vt 0.84375 0.20833333333333337
vt 0.9895833333333334 0.20833333333333337
vt 0.9375 0.20833333333333337
vt 0.9375 0.24479166666666663
vt 0.8854166666666666 0.24479166666666663
vt 0.8854166666666666 0.20833333333333337
vt 0.9322916666666666 0.20833333333333337
vt 0.9322916666666666 0.24479166666666663
vt 0.8802083333333334 0.24479166666666663
vt 0.8802083333333334 0.20833333333333337
vt 0.84375 0.20833333333333337
vt 0.9895833333333334 0.20833333333333337
vt 0.9895833333333334 0.24479166666666663
vt 0.84375 0.24479166666666663
vt 0.84375 0.25
vt 0.9895833333333334 0.25
vt 0.9895833333333334 0.30208333333333337
vt 0.84375 0.30208333333333337
vt 0.9895833333333334 0.24479166666666663
vt 0.84375 0.24479166666666663
vt 0.84375 0.20833333333333337
vt 0.9895833333333334 0.20833333333333337
vt 0.9375 0.20833333333333337
vt 0.9375 0.24479166666666663
vt 0.8854166666666666 0.24479166666666663
vt 0.8854166666666666 0.20833333333333337
vt 0.9322916666666666 0.20833333333333337
vt 0.9322916666666666 0.24479166666666663
vt 0.8802083333333334 0.24479166666666663
vt 0.8802083333333334 0.20833333333333337
vt 0.84375 0.20833333333333337
vt 0.9895833333333334 0.20833333333333337
vt 0.9895833333333334 0.24479166666666663
vt 0.84375 0.24479166666666663
vt 0.84375 0.25
vt 0.9895833333333334 0.25
vt 0.9895833333333334 0.30208333333333337
vt 0.84375 0.30208333333333337
vt 0.9895833333333334 0.24479166666666663
vt 0.84375 0.24479166666666663
vt 0.84375 0.20833333333333337
vt 0.9895833333333334 0.20833333333333337
vt 0.9375 0.20833333333333337
vt 0.9375 0.24479166666666663
vt 0.8854166666666666 0.24479166666666663
vt 0.8854166666666666 0.20833333333333337
vt 0.9322916666666666 0.20833333333333337
vt 0.9322916666666666 0.24479166666666663
vt 0.8802083333333334 0.24479166666666663
vt 0.8802083333333334 0.20833333333333337
vt 0.84375 0.20833333333333337
vt 0.9895833333333334 0.20833333333333337
vt 0.9895833333333334 0.24479166666666663
vt 0.84375 0.24479166666666663
vt 0.84375 0.25
vt 0.9895833333333334 0.25
vt 0.9895833333333334 0.30208333333333337
vt 0.84375 0.30208333333333337
vt 0.9895833333333334 0.24479166666666663
vt 0.84375 0.24479166666666663
vt 0.84375 0.20833333333333337
vt 0.9895833333333334 0.20833333333333337
vt 0.9375 0.20833333333333337
vt 0.9375 0.24479166666666663
vt 0.8854166666666666 0.24479166666666663
vt 0.8854166666666666 0.20833333333333337
vt 0.9322916666666666 0.20833333333333337
vt 0.9322916666666666 0.24479166666666663
vt 0.8802083333333334 0.24479166666666663
vt 0.8802083333333334 0.20833333333333337
vt 0.84375 0.20833333333333337
vt 0.9895833333333334 0.20833333333333337
vt 0.9895833333333334 0.24479166666666663
vt 0.84375 0.24479166666666663
vt 0.84375 0.25
vt 0.9895833333333334 0.25
vt 0.9895833333333334 0.30208333333333337
vt 0.84375 0.30208333333333337
vt 0.9895833333333334 0.24479166666666663
vt 0.84375 0.24479166666666663
vt 0.84375 0.20833333333333337
vt 0.9895833333333334 0.20833333333333337
vt 0.9375 0.20833333333333337
vt 0.9375 0.24479166666666663
vt 0.8854166666666666 0.24479166666666663
vt 0.8854166666666666 0.20833333333333337
vt 0.9322916666666666 0.20833333333333337
vt 0.9322916666666666 0.24479166666666663
vt 0.8802083333333334 0.24479166666666663
vt 0.8802083333333334 0.20833333333333337
vt 0.84375 0.20833333333333337
vt 0.9895833333333334 0.20833333333333337
vt 0.9895833333333334 0.24479166666666663
vt 0.84375 0.24479166666666663
vt 0.84375 0.25
vt 0.9895833333333334 0.25
vt 0.9895833333333334 0.30208333333333337
vt 0.84375 0.30208333333333337
vt 0.9895833333333334 0.24479166666666663
vt 0.84375 0.24479166666666663
vt 0.84375 0.20833333333333337
vt 0.9895833333333334 0.20833333333333337
vn 2.220446049250313e-16 -1 0
vn -2.220446049250313e-16 1 0
vn 1 2.220446049250313e-16 0
vn -1 -2.220446049250313e-16 0
vn 2.220446049250313e-16 -1 0
vn -2.220446049250313e-16 1 0
vn 0 0 1
vn 0 0 -1
vn -1 -2.220446049250313e-16 0
vn 1 2.220446049250313e-16 0
vn 0 0 1
vn 0 0 -1
vn 2.220446049250313e-16 -1 0
vn -2.220446049250313e-16 1 0
vn 0 0 1
vn 0 0 -1
vn -1 -2.220446049250313e-16 0
vn 1 2.220446049250313e-16 0
vn 0 0 1
vn 0 0 -1
vn 0.7071069895198226 -0.7071065728532111 0
vn -0.7071065728532114 0.7071069895198224 0
vn 0 0 1
vn 0 0 -1
vn -0.7071067811865476 -0.7071067811865476 0
vn 0.7071067811865475 0.7071067811865477 0
vn 0 0 1
vn 0 0 -1
vn 0.7071065728532114 -0.7071069895198224 0
vn -0.7071069895198226 0.7071065728532111 0
vn 0 0 1
vn 0 0 -1
vn -0.7071067811865475 -0.7071067811865477 0
vn 0.7071067811865476 0.7071067811865476 0
vn 0 0 1
vn 0 0 -1
vn 1 2.220446049250313e-16 0
vn -1 -2.220446049250313e-16 0
vn -2.220446049250313e-16 1 0
vn 2.220446049250313e-16 -1 0
vn -1 -2.220446049250313e-16 0
vn 1 2.220446049250313e-16 0
vn 2.220446049250313e-16 -1 0
vn -2.220446049250313e-16 1 0
vn 0.7071067811865477 -0.7071067811865475 0
vn -0.7071067811865477 0.7071067811865475 0
vn 0.7071067811865475 0.7071067811865477 0
vn -0.7071067811865475 -0.7071067811865477 0
vn -0.7071067811865475 -0.7071067811865477 0
vn 0.7071067811865475 0.7071067811865477 0
vn 0.7071067811865477 -0.7071067811865475 0
vn -0.7071067811865477 0.7071067811865475 0
vn 0 0 -1
vn 0 0 -1
vn 0 0 -1
vn 0 0 -1
vn 0 0 -1
vn 0 0 -1
vn 0 0 -1
vn 0 0 -1
vn 0 0 1
vn 0 0 1
vn 0 0 1
vn 0 0 1
vn 0 0 1
vn 0 0 1
vn 0 0 1
vn 0 0 1
vn 0 0 1
vn 0 0 -1
vn 0.707106781186547 0.707106781186548 0
vn 0.7071067811865477 -0.7071067811865475 0
vn -0.7071067811865472 -0.7071067811865479 0
vn 0 0 1
vn 0 0 -1
vn 0.7071067811865477 0.7071067811865474 0
vn 0.7071067811865477 -0.7071067811865475 0
vn -0.7071067811865479 -0.7071067811865471 0
vn 0 0 1
vn 0 0 -1
vn -4.758097379008419e-16 1 0
vn 1 -4.884979109584318e-16 0
vn -0.0000010101530482361623 -0.99999999999949 0
vn 0 0 1
vn 0 0 -1
vn -0.0000010101530486802515 0.99999999999949 0
vn 1 9.325871208084942e-16 0
vn -2.854856610265899e-16 -1 0
vn 0 0 1
vn 0 0 -1
vn -0.7071067811865481 0.7071067811865469 0
vn 0.7071067811865477 0.7071067811865475 0
vn 0.7071067811865475 -0.7071067811865477 0
vn 0 0 1
vn 0 0 -1
vn -0.7071067811865479 0.7071067811865471 0
vn 0.7071067811865475 0.7071067811865477 0
vn 0.7071067811865475 -0.7071067811865477 0
vn 0 0 1
vn 0 0 -1
vn 0.99999999999949 0.0000010101530486802515 0
vn 9.325871208084942e-16 -1 0
vn -1 2.854856610265899e-16 0
vn 0 0 1
vn 0 0 -1
vn 1 7.295748708766528e-16 0
vn -4.884979109584318e-16 -1 0
vn -0.99999999999949 0.0000010101530482361623 0
vn 0 0 1
vn 0 0 -1
vn -0.99999999999949 -0.0000010101530486802515 0
vn -9.325871208084942e-16 1 0
vn 1 -2.854856610265899e-16 0
vn 0 0 1
vn 0 0 -1
vn -1 -7.295748708766528e-16 0
vn 4.884979109584316e-16 1 0
vn 0.99999999999949 -0.0000010101530482361623 0
vn 0 0 1
vn 0 0 -1
vn -0.707106781186547 -0.707106781186548 0
vn -0.7071067811865475 0.7071067811865477 0
vn 0.7071067811865475 0.7071067811865477 0
vn 0 0 1
vn 0 0 -1
vn -0.7071067811865475 -0.7071067811865477 0
vn -0.7071067811865477 0.7071067811865475 0
vn 0.7071067811865477 0.7071067811865475 0
vn 0 0 1
vn 0 0 -1
vn 0.0000010101530486802515 -0.99999999999949 0
vn -1 -9.325871208084942e-16 0
vn 2.854856610265899e-16 1 0
vn 0 0 1
vn 0 0 -1
vn 4.758097379008421e-16 -1 0
vn -1 4.884979109584318e-16 0
vn 0.0000010101530482361623 0.99999999999949 0
vn 0 0 1
vn 0 0 -1
vn 0.707106781186548 -0.707106781186547 0
vn -0.7071067811865477 -0.7071067811865475 0
vn -0.7071067811865477 0.7071067811865475 0
vn 0 0 1
vn 0 0 -1
vn 0.7071067811865477 -0.7071067811865475 0
vn -0.7071067811865475 -0.7071067811865477 0
vn -0.7071067811865475 0.7071067811865477 0
f 910/1785/447 908/1786/447 907/1787/447 909/1788/447
f 913/1789/448 911/1790/448 912/1791/448 914/1792/448
f 907/1793/449 908/1794/449 912/1795/449 911/1796/449
f 910/1797/450 909/1798/450 913/1799/450 914/1800/450
f 918/1801/451 916/1802/451 915/1803/451 917/1804/451
f 921/1805/452 919/1806/452 920/1807/452 922/1808/452
f 917/1809/453 915/1810/453 919/1811/453 921/1812/453
f 922/1813/454 920/1814/454 916/1815/454 918/1816/454
f 926/1817/455 924/1818/455 923/1819/455 925/1820/455
f 929/1821/456 927/1822/456 928/1823/456 930/1824/456
f 925/1825/457 923/1826/457 927/1827/457 929/1828/457
f 930/1829/458 928/1830/458 924/1831/458 926/1832/458
f 934/1833/459 932/1834/459 931/1835/459 933/1836/459
f 937/1837/460 935/1838/460 936/1839/460 938/1840/460
f 933/1841/461 931/1842/461 935/1843/461 937/1844/461
f 938/1845/462 936/1846/462 932/1847/462 934/1848/462
f 942/1849/463 940/1850/463 939/1851/463 941/1852/463
f 945/1853/464 943/1854/464 944/1855/464 946/1856/464
f 941/1857/465 939/1858/465 943/1859/465 945/1860/465
f 946/1861/466 944/1862/466 940/1863/466 942/1864/466
f 950/1865/467 948/1866/467 947/1867/467 949/1868/467
f 953/1869/468 951/1870/468 952/1871/468 954/1872/468
f 949/1873/469 947/1874/469 951/1875/469 953/1876/469
f 954/1877/470 952/1878/470 948/1879/470 950/1880/470
f 958/1881/471 956/1882/471 955/1883/471 957/1884/471
f 961/1885/472 959/1886/472 960/1887/472 962/1888/472
f 957/1889/473 955/1890/473 959/1891/473 961/1892/473
f 962/1893/474 960/1894/474 956/1895/474 958/1896/474
f 966/1897/475 964/1898/475 963/1899/475 965/1900/475
f 969/1901/476 967/1902/476 968/1903/476 970/1904/476
f 965/1905/477 963/1906/477 967/1907/477 969/1908/477
f 970/1909/478 968/1910/478 964/1911/478 966/1912/478
f 974/1913/479 972/1914/479 971/1915/479 973/1916/479
f 977/1917/480 975/1918/480 976/1919/480 978/1920/480
f 973/1921/481 971/1922/481 975/1923/481 977/1924/481
f 978/1925/482 976/1926/482 972/1927/482 974/1928/482
f 982/1929/483 980/1930/483 979/1931/483 981/1932/483
f 985/1933/484 983/1934/484 984/1935/484 986/1936/484
f 987/1937/485 988/1938/485 990/1939/485 989/1940/485
f 992/1941/486 991/1942/486 993/1943/486 994/1944/486
f 995/1945/487 996/1946/487 998/1947/487 997/1948/487
f 1000/1949/488 999/1950/488 1001/1951/488 1002/1952/488
f 1006/1953/489 1004/1954/489 1003/1955/489 1005/1956/489
f 1009/1957/490 1007/1958/490 1008/1959/490 1010/1960/490
f 1004/1961/491 982/1962/491 981/1963/491 1003/1964/491
f 1007/1965/492 985/1966/492 986/1967/492 1008/1968/492
f 1001/1969/493 1009/1970/493 1010/1971/493 1002/1972/493
f 998/1973/494 1006/1974/494 1005/1975/494 997/1976/494
f 992/1977/495 984/1978/495 983/1979/495 991/1980/495
f 987/1981/496 979/1982/496 980/1983/496 988/1984/496
f 993/1985/497 999/1986/497 1000/1987/497 994/1988/497
f 990/1989/498 996/1990/498 995/1991/498 989/1992/498
f 984/1993/499 980/1994/499 982/1995/499 986/1996/499
f 990/1997/500 988/1998/500 992/1999/500 994/2000/500
f 998/2001/501 996/2002/501 1000/2003/501 1002/2004/501
f 1008/2005/502 1004/2006/502 1006/2007/502 1010/2008/502
f 986/2009/503 982/2010/503 1004/2011/503 1008/2012/503
f 1010/2013/504 1006/2014/504 998/2015/504 1002/2016/504
f 980/2017/505 984/2018/505 992/2019/505 988/2020/505
f 1000/2021/506 996/2022/506 990/2023/506 994/2024/506
f 981/2025/507 979/2026/507 983/2027/507 985/2028/507
f 991/2029/508 987/2030/508 989/2031/508 993/2032/508
f 999/2033/509 995/2034/509 997/2035/509 1001/2036/509
f 1005/2037/510 1003/2038/510 1007/2039/510 1009/2040/510
f 1003/2041/511 981/2042/511 985/2043/511 1007/2044/511
f 997/2045/512 1005/2046/512 1009/2047/512 1001/2048/512
f 991/2049/513 983/2050/513 979/2051/513 987/2052/513
f 989/2053/514 995/2054/514 999/2055/514 993/2056/514
f 1013/2057/515 1011/2058/515 1015/2059/515 1017/2060/515
f 1018/2061/516 1016/2062/516 1012/2063/516 1014/2064/516
f 1018/2065/517 1017/2066/517 1015/2067/517 1016/2068/517
f 1016/2069/518 1015/2070/518 1011/2071/518 1012/2072/518
f 1012/2073/519 1011/2074/519 1013/2075/519 1014/2076/519
f 1021/2077/520 1019/2078/520 1023/2079/520 1025/2080/520
f 1026/2081/521 1024/2082/521 1020/2083/521 1022/2084/521
f 1026/2085/522 1025/2086/522 1023/2087/522 1024/2088/522
f 1024/2089/523 1023/2090/523 1019/2091/523 1020/2092/523
f 1020/2093/524 1019/2094/524 1021/2095/524 1022/2096/524
f 1029/2097/525 1027/2098/525 1031/2099/525 1033/2100/525
f 1034/2101/526 1032/2102/526 1028/2103/526 1030/2104/526
f 1034/2105/527 1033/2106/527 1031/2107/527 1032/2108/527
f 1032/2109/528 1031/2110/528 1027/2111/528 1028/2112/528
f 1028/2113/529 1027/2114/529 1029/2115/529 1030/2116/529
f 1037/2117/530 1035/2118/530 1039/2119/530 1041/2120/530
f 1042/2121/531 1040/2122/531 1036/2123/531 1038/2124/531
f 1042/2125/532 1041/2126/532 1039/2127/532 1040/2128/532
f 1040/2129/533 1039/2130/533 1035/2131/533 1036/2132/533
f 1036/2133/534 1035/2134/534 1037/2135/534 1038/2136/534
f 1045/2137/535 1043/2138/535 1047/2139/535 1049/2140/535
f 1050/2141/536 1048/2142/536 1044/2143/536 1046/2144/536
f 1050/2145/537 1049/2146/537 1047/2147/537 1048/2148/537
f 1048/2149/538 1047/2150/538 1043/2151/538 1044/2152/538
f 1044/2153/539 1043/2154/539 1045/2155/539 1046/2156/539
f 1053/2157/540 1051/2158/540 1055/2159/540 1057/2160/540
f 1058/2161/541 1056/2162/541 1052/2163/541 1054/2164/541
f 1058/2165/542 1057/2166/542 1055/2167/542 1056/2168/542
f 1056/2169/543 1055/2170/543 1051/2171/543 1052/2172/543
f 1052/2173/544 1051/2174/544 1053/2175/544 1054/2176/544
f 1061/2177/545 1059/2178/545 1063/2179/545 1065/2180/545
f 1066/2181/546 1064/2182/546 1060/2183/546 1062/2184/546
f 1066/2185/547 1065/2186/547 1063/2187/547 1064/2188/547
f 1064/2189/548 1063/2190/548 1059/2191/548 1060/2192/548
f 1060/2193/549 1059/2194/549 1061/2195/549 1062/2196/549
f 1069/2197/550 1067/2198/550 1071/2199/550 1073/2200/550
f 1074/2201/551 1072/2202/551 1068/2203/551 1070/2204/551
f 1074/2205/552 1073/2206/552 1071/2207/552 1072/2208/552
f 1072/2209/553 1071/2210/553 1067/2211/553 1068/2212/553
f 1068/2213/554 1067/2214/554 1069/2215/554 1070/2216/554
f 1077/2217/555 1075/2218/555 1079/2219/555 1081/2220/555
f 1082/2221/556 1080/2222/556 1076/2223/556 1078/2224/556
f 1082/2225/557 1081/2226/557 1079/2227/557 1080/2228/557
f 1080/2229/558 1079/2230/558 1075/2231/558 1076/2232/558
f 1076/2233/559 1075/2234/559 1077/2235/559 1078/2236/559
f 1085/2237/560 1083/2238/560 1087/2239/560 1089/2240/560
f 1090/2241/561 1088/2242/561 1084/2243/561 1086/2244/561
f 1090/2245/562 1089/2246/562 1087/2247/562 1088/2248/562
f 1088/2249/563 1087/2250/563 1083/2251/563 1084/2252/563
f 1084/2253/564 1083/2254/564 1085/2255/564 1086/2256/564
f 1093/2257/565 1091/2258/565 1095/2259/565 1097/2260/565
f 1098/2261/566 1096/2262/566 1092/2263/566 1094/2264/566
f 1098/2265/567 1097/2266/567 1095/2267/567 1096/2268/567
f 1096/2269/568 1095/2270/568 1091/2271/568 1092/2272/568
f 1092/2273/569 1091/2274/569 1093/2275/569 1094/2276/569
f 1101/2277/570 1099/2278/570 1103/2279/570 1105/2280/570
f 1106/2281/571 1104/2282/571 1100/2283/571 1102/2284/571
f 1106/2285/572 1105/2286/572 1103/2287/572 1104/2288/572
f 1104/2289/573 1103/2290/573 1099/2291/573 1100/2292/573
f 1100/2293/574 1099/2294/574 1101/2295/574 1102/2296/574
f 1109/2297/575 1107/2298/575 1111/2299/575 1113/2300/575
f 1114/2301/576 1112/2302/576 1108/2303/576 1110/2304/576
f 1114/2305/577 1113/2306/577 1111/2307/577 1112/2308/577
f 1112/2309/578 1111/2310/578 1107/2311/578 1108/2312/578
f 1108/2313/579 1107/2314/579 1109/2315/579 1110/2316/579
f 1117/2317/580 1115/2318/580 1119/2319/580 1121/2320/580
f 1122/2321/581 1120/2322/581 1116/2323/581 1118/2324/581
f 1122/2325/582 1121/2326/582 1119/2327/582 1120/2328/582
f 1120/2329/583 1119/2330/583 1115/2331/583 1116/2332/583
f 1116/2333/584 1115/2334/584 1117/2335/584 1118/2336/584
f 1125/2337/585 1123/2338/585 1127/2339/585 1129/2340/585
f 1130/2341/586 1128/2342/586 1124/2343/586 1126/2344/586
f 1130/2345/587 1129/2346/587 1127/2347/587 1128/2348/587
f 1128/2349/588 1127/2350/588 1123/2351/588 1124/2352/588
f 1124/2353/589 1123/2354/589 1125/2355/589 1126/2356/589
f 1133/2357/590 1131/2358/590 1135/2359/590 1137/2360/590
f 1138/2361/591 1136/2362/591 1132/2363/591 1134/2364/591
f 1138/2365/592 1137/2366/592 1135/2367/592 1136/2368/592
f 1136/2369/593 1135/2370/593 1131/2371/593 1132/2372/593
f 1132/2373/594 1131/2374/594 1133/2375/594 1134/2376/594