# Blender 4.2.3 LTS
# www.blender.org
mtllib coredrill_mirrored.mtl
o concrete_base
v -2.000000 -6.000000 -6.000000
v -2.000000 -6.375000 -6.500000
v -2.000000 -7.000000 -6.000000
v -2.000000 -7.000000 -6.500000
v -3.000000 -6.000000 -6.000000
v -3.000000 -6.375000 -6.500000
v -3.000000 -7.000000 -6.000000
v -3.000000 -7.000000 -6.500000
v -1.000000 -6.000000 -6.000000
v -1.000000 -6.375000 -6.500000
v -1.000000 -7.000000 -6.000000
v -1.000000 -7.000000 -6.500000
v -2.000000 -6.000000 -6.000000
v -2.000000 -6.375000 -6.500000
v -2.000000 -7.000000 -6.000000
v -2.000000 -7.000000 -6.500000
v -3.000000 -6.000000 -6.000000
v -3.000000 -6.375000 -6.500000
v -3.000000 -7.000000 -6.000000
v -3.000000 -7.000000 -6.500000
v -4.000000 -6.000000 -6.000000
v -4.000000 -6.375000 -6.500000
v -4.000000 -7.000000 -6.000000
v -4.000000 -7.000000 -6.500000
v -5.000000 -6.000000 -3.500000
v 1.000000 -6.000000 -1.000000
v 1.000000 -6.000000 1.000000
v 1.000000 -7.000000 -0.999998
v 1.000000 -7.000000 1.000000
v 2.000000 -6.000000 -1.000000
v 2.000000 -6.000000 2.000000
v 2.000000 -7.000000 -0.999998
v 2.000000 -7.000000 2.000000
v -1.000000 -6.000000 1.000000
v 1.000000 -6.000000 1.000000
v -1.000000 -7.000000 1.000000
v 1.000000 -7.000000 1.000000
v -1.000000 -6.000000 2.000000
v 2.000000 -6.000000 2.000000
v -1.000000 -7.000000 2.000000
v 2.000000 -7.000000 2.000000
v -1.000000 -6.000000 0.000000
v 0.000000 -6.000000 0.000000
v -1.000000 -7.000000 0.000002
v 0.000000 -7.000000 0.000002
v -1.000000 -6.000000 1.000000
v 1.000000 -6.000000 1.000000
v -1.000000 -7.000000 1.000000
v 1.000000 -7.000000 1.000000
v -4.000000 -6.000000 0.000000
v -4.000000 -6.000000 1.000000
v -4.000000 -7.000000 0.000002
v -4.000000 -7.000000 1.000000
v -2.500000 -6.000000 0.000000
v -2.500000 -6.000000 1.000000
v -2.500000 -7.000000 0.000002
v -2.500000 -7.000000 1.000000
v -2.500000 -6.000000 0.000000
v -2.500000 -6.000000 1.000000
v -2.500000 -7.000000 0.000002
v -2.500000 -7.000000 1.000000
v -1.000000 -6.000000 0.000000
v -1.000000 -6.000000 1.000000
v -1.000000 -7.000000 0.000002
v -1.000000 -7.000000 1.000000
v -4.000000 -6.000000 0.000000
v -5.000000 -6.000000 0.000000
v -4.000000 -7.000000 0.000002
v -5.000000 -7.000000 0.000002
v -4.000000 -6.000000 1.000000
v -6.000000 -6.000000 1.000001
v -4.000000 -7.000000 1.000000
v -6.000000 -7.000000 1.000001
v 0.000000 -6.000000 -4.000000
v 0.000000 -6.000000 -5.000000
v 0.000000 -7.000000 -4.000000
v 0.000000 -7.000000 -5.000000
v 1.000000 -6.000000 -4.000000
v 1.000000 -6.000000 -6.000000
v 1.000000 -7.000000 -4.000000
v 1.000000 -7.000000 -6.000000
v 0.000000 -6.000000 -1.000000
v 1.000000 -6.000000 -1.000000
v 0.000000 -7.000000 -0.999998
v 1.000000 -7.000000 -0.999998
v 0.000000 -6.000000 -2.500000
v 1.000000 -6.000000 -2.500000
v 0.000000 -7.000000 -2.500000
v 1.000000 -7.000000 -2.500000
v 0.000000 -6.000000 -2.500000
v 1.000000 -6.000000 -2.500000
v 0.000000 -7.000000 -2.500000
v 1.000000 -7.000000 -2.500000
v 0.000000 -6.000000 -4.000000
v 1.000000 -6.000000 -4.000000
v 0.000000 -7.000000 -4.000000
v 1.000000 -7.000000 -4.000000
v 0.000000 -6.000000 -1.000000
v 0.000000 -6.000000 0.000000
v 0.000000 -7.000000 -0.999998
v 0.000000 -7.000000 0.000002
v 1.000000 -6.000000 -1.000000
v 1.000000 -6.000000 1.000000
v 1.000000 -7.000000 -0.999998
v 1.000000 -7.000000 1.000000
v -6.000000 -6.000000 -1.000000
v -6.000000 -6.000000 1.000001
v -6.000000 -7.000000 -0.999998
v -6.000000 -7.000000 1.000001
v -7.000000 -6.000000 -0.999999
v -7.000000 -6.000000 2.000000
v -7.000000 -7.000000 -0.999996
v -7.000000 -7.000000 2.000000
v -4.000000 -6.000000 1.000000
v -6.000000 -6.000000 1.000001
v -4.000000 -7.000000 1.000000
v -6.000000 -7.000000 1.000001
v -4.000000 -6.000000 2.000000
v -7.000000 -6.000000 2.000000
v -4.000000 -7.000000 2.000000
v -7.000000 -7.000000 2.000000
v -5.000000 -6.000000 -4.000000
v -5.000000 -6.000000 -5.000000
v -5.000000 -7.000000 -4.000000
v -5.000000 -7.000000 -5.000000
v -6.000000 -6.000000 -4.000000
v -6.000000 -6.000000 -5.999999
v -6.000000 -7.000000 -4.000000
v -6.000000 -7.000000 -5.999999
v -5.000000 -6.000000 -1.000000
v -6.000000 -6.000000 -1.000000
v -5.000000 -7.000000 -0.999998
v -6.000000 -7.000000 -0.999998
v -5.000000 -6.000000 -2.500000
v -6.000000 -6.000000 -2.500000
v -5.000000 -7.000000 -2.500000
v -6.000000 -7.000000 -2.500000
v -5.000000 -6.000000 -2.500000
v -6.000000 -6.000000 -2.500000
v -5.000000 -7.000000 -2.500000
v -6.000000 -7.000000 -2.500000
v -5.000000 -6.000000 -4.000000
v -6.000000 -6.000000 -4.000000
v -5.000000 -7.000000 -4.000000
v -6.000000 -7.000000 -4.000000
v -5.000000 -6.000000 -1.000000
v -5.000000 -6.000000 0.000000
v -5.000000 -7.000000 -0.999998
v -5.000000 -7.000000 0.000002
v -6.000000 -6.000000 -1.000000
v -6.000000 -6.000000 1.000001
v -6.000000 -7.000000 -0.999998
v -6.000000 -7.000000 1.000001
v -3.500000 -6.812500 -0.999998
v -3.750000 -6.812500 -1.250000
v -3.500000 -7.000000 -0.999998
v -3.750000 -7.000000 -1.250000
v -3.500000 -6.000000 0.000000
v -5.000000 -6.000000 0.000000
v -3.500000 -7.000000 0.000002
v -5.000000 -7.000000 0.000002
v -3.500000 -6.812500 -0.999998
v -1.500000 -6.812500 -0.999998
v -3.500000 -7.000000 -0.999998
v -1.500000 -7.000000 -0.999998
v -3.500000 -6.000000 0.000000
v -1.500000 -6.000000 0.000000
v -3.500000 -7.000000 0.000002
v -1.500000 -7.000000 0.000002
v -1.500000 -6.812500 -0.999998
v -1.250000 -6.812500 -1.250000
v -1.500000 -7.000000 -0.999998
v -1.250000 -7.000000 -1.250000
v -1.500000 -6.000000 0.000000
v 0.000000 -6.000000 0.000000
v -1.500000 -7.000000 0.000002
v 0.000000 -7.000000 0.000002
v -4.000000 -6.812500 -1.500000
v -3.750000 -6.812500 -1.250000
v -4.000000 -7.000000 -1.500000
v -3.750000 -7.000000 -1.250000
v -5.000000 -6.000000 -1.500000
v -5.000000 -6.000000 0.000000
v -5.000000 -7.000000 -1.500000
v -5.000000 -7.000000 0.000002
v -4.000000 -6.812500 -1.500000
v -4.000000 -6.812500 -3.500000
v -4.000000 -7.000000 -1.500000
v -4.000000 -7.000000 -3.500000
v -5.000000 -6.000000 -1.500000
v -5.000000 -7.000000 -1.500000
v -5.000000 -7.000000 -3.500000
v -4.000000 -6.812500 -3.500000
v -3.750000 -6.812500 -3.750000
v -4.000000 -7.000000 -3.500000
v -3.750000 -7.000000 -3.750000
v -5.000000 -6.000000 -3.500000
v -5.000000 -6.000000 -5.000000
v -5.000000 -7.000000 -3.500000
v -5.000000 -7.000000 -5.000000
v -3.500000 -6.812500 -4.000000
v -3.750000 -6.812500 -3.750000
v -3.500000 -7.000000 -4.000000
v -3.750000 -7.000000 -3.750000
v -3.500000 -6.000000 -5.000000
v -5.000000 -6.000000 -5.000000
v -3.500000 -7.000000 -5.000000
v -5.000000 -7.000000 -5.000000
v -3.500000 -6.812500 -4.000000
v -1.500000 -6.812500 -4.000000
v -3.500000 -7.000000 -4.000000
v -1.500000 -7.000000 -4.000000
v -3.500000 -6.000000 -5.000000
v -1.500000 -6.000000 -5.000000
v -3.500000 -7.000000 -5.000000
v -1.500000 -7.000000 -5.000000
v -1.500000 -6.812500 -4.000000
v -1.250000 -6.812500 -3.750000
v -1.500000 -7.000000 -4.000000
v -1.250000 -7.000000 -3.750000
v -1.500000 -6.000000 -5.000000
v 0.000000 -6.000000 -5.000000
v -1.500000 -7.000000 -5.000000
v 0.000000 -7.000000 -5.000000
v -1.000000 -6.812500 -1.500000
v -1.250000 -6.812500 -1.250000
v -1.000000 -7.000000 -1.500000
v -1.250000 -7.000000 -1.250000
v 0.000000 -6.000000 -1.500000
v 0.000000 -6.000000 0.000000
v 0.000000 -7.000000 -1.500000
v 0.000000 -7.000000 0.000002
v -1.000000 -6.812500 -1.500000
v -1.000000 -6.812500 -3.500000
v -1.000000 -7.000000 -1.500000
v -1.000000 -7.000000 -3.500000
v 0.000000 -6.000000 -1.500000
v 0.000000 -6.000000 -3.500000
v 0.000000 -7.000000 -1.500000
v 0.000000 -7.000000 -3.500000
v -1.000000 -6.812500 -3.500000
v -1.250000 -6.812500 -3.750000
v -1.000000 -7.000000 -3.500000
v -1.250000 -7.000000 -3.750000
v 0.000000 -6.000000 -3.500000
v 0.000000 -6.000000 -5.000000
v 0.000000 -7.000000 -3.500000
v 0.000000 -7.000000 -5.000000
v -1.000000 -6.000000 -5.000000
v 0.000000 -6.000000 -5.000000
v -1.000000 -7.000000 -5.000000
v 0.000000 -7.000000 -5.000000
v -1.000000 -6.000000 -6.000000
v 1.000000 -6.000000 -6.000000
v -1.000000 -7.000000 -6.000000
v 1.000000 -7.000000 -6.000000
v -4.000000 -6.000000 -5.000000
v -4.000000 -6.000000 -6.000000
v -4.000000 -7.000000 -5.000000
v -4.000000 -7.000000 -6.000000
v -2.500000 -6.000000 -5.000000
v -2.500000 -6.000000 -6.000000
v -2.500000 -7.000000 -5.000000
v -2.500000 -7.000000 -6.000000
v -2.500000 -6.000000 -5.000000
v -2.500000 -6.000000 -6.000000
v -2.500000 -7.000000 -5.000000
v -2.500000 -7.000000 -6.000000
v -1.000000 -6.000000 -5.000000
v -1.000000 -6.000000 -6.000000
v -1.000000 -7.000000 -5.000000
v -1.000000 -7.000000 -6.000000
v -4.000000 -6.000000 -5.000000
v -5.000000 -6.000000 -5.000000
v -4.000000 -7.000000 -5.000000
v -5.000000 -7.000000 -5.000000
v -4.000000 -6.000000 -6.000000
v -6.000000 -6.000000 -5.999999
v -4.000000 -7.000000 -6.000000
v -6.000000 -7.000000 -5.999999
v 1.000000 -6.000000 -4.000000
v 1.000000 -6.000000 -6.000000
v 1.000000 -7.000000 -4.000000
v 1.000000 -7.000000 -6.000000
v 2.000000 -6.000000 -4.000000
v 2.000000 -6.000000 -7.000000
v 2.000000 -7.000000 -4.000000
v 2.000000 -7.000000 -7.000000
v -1.000000 -6.000000 -6.000000
v 1.000000 -6.000000 -6.000000
v -1.000000 -7.000000 -6.000000
v 1.000000 -7.000000 -6.000000
v -1.000000 -6.000000 -7.000000
v 2.000000 -6.000000 -7.000000
v -1.000000 -7.000000 -7.000000
v 2.000000 -7.000000 -7.000000
v -6.000000 -6.000000 -4.000000
v -6.000000 -6.000000 -5.999999
v -6.000000 -7.000000 -4.000000
v -6.000000 -7.000000 -5.999999
v -7.000000 -6.000000 -4.000000
v -7.000000 -6.000000 -7.000000
v -7.000000 -7.000000 -4.000000
v -7.000000 -7.000000 -7.000000
v -4.000000 -6.000000 -6.000000
v -6.000000 -6.000000 -5.999999
v -4.000000 -7.000000 -6.000000
v -6.000000 -7.000000 -5.999999
v -4.000000 -6.000000 -7.000000
v -7.000000 -6.000000 -7.000000
v -4.000000 -7.000000 -7.000000
v -7.000000 -7.000000 -7.000000
v 1.000000 -6.000000 -2.000000
v 1.500000 -6.375000 -2.000000
v 1.000000 -7.000000 -2.000000
v 1.500000 -7.000000 -2.000000
v 1.000000 -6.000000 -3.000000
v 1.500000 -6.375000 -3.000000
v 1.000000 -7.000000 -3.000000
v 1.500000 -7.000000 -3.000000
v 1.000000 -6.000000 -1.000000
v 1.500000 -6.375000 -1.000000
v 1.000000 -7.000000 -0.999998
v 1.500000 -7.000000 -0.999998
v 1.000000 -6.000000 -2.000000
v 1.500000 -6.375000 -2.000000
v 1.000000 -7.000000 -2.000000
v 1.500000 -7.000000 -2.000000
v 1.000000 -6.000000 -3.000000
v 1.500000 -6.375000 -3.000000
v 1.000000 -7.000000 -3.000000
v 1.500000 -7.000000 -3.000000
v 1.000000 -6.000000 -4.000000
v 1.500000 -6.375000 -4.000000
v 1.000000 -7.000000 -4.000000
v 1.500000 -7.000000 -4.000000
v -6.000000 -7.000000 -2.000000
v -6.500000 -7.000000 -2.000000
v -6.000000 -7.000000 -3.000000
v -6.500000 -7.000000 -3.000000
v -6.000000 -6.000000 -2.000000
v -6.500000 -6.375000 -2.000000
v -6.000000 -6.000000 -3.000000
v -6.500000 -6.375000 -3.000000
v -2.250000 -5.250000 2.000000
v -2.750000 -5.250000 2.000000
v -2.250000 -5.750000 2.000000
v -2.750000 -5.750000 2.000000
v -2.250000 -5.250000 1.750000
v -2.750000 -5.250000 1.750000
v -2.250000 -5.750000 1.750000
v -2.750000 -5.750000 1.750000
v -6.000000 -4.000000 -4.999999
v -6.000000 -4.000000 -5.999999
v -6.000000 -6.000000 -4.999999
v -6.000000 -6.000000 -5.999999
v -5.000000 -4.000000 -5.000000
v -5.000000 -4.000000 -6.000000
v -5.000000 -6.000000 -5.000000
v -5.000000 -6.000000 -6.000000
v -5.812500 -4.000000 -5.187499
v -5.812500 -4.000000 -5.812499
v -5.812500 -6.000000 -5.187499
v -5.812500 -6.000000 -5.812499
v -5.187500 -4.000000 -5.187500
v -5.187500 -4.000000 -5.812500
v -5.187500 -6.000000 -5.187500
v -5.187500 -6.000000 -5.812500
v -6.000001 -2.000000 -4.999999
v -6.000001 -2.000000 -5.999999
v -6.000000 -4.000000 -4.999999
v -6.000000 -4.000000 -5.999999
v -5.000001 -2.000000 -5.000000
v -5.000001 -2.000000 -6.000000
v -5.000000 -4.000000 -5.000000
v -5.000000 -4.000000 -6.000000
v -5.812501 -2.000000 -5.187499
v -5.812501 -2.000000 -5.812499
v -5.812500 -4.000000 -5.187499
v -5.812500 -4.000000 -5.812499
v -5.187501 -2.000000 -5.187500
v -5.187501 -2.000000 -5.812500
v -5.187500 -4.000000 -5.187500
v -5.187500 -4.000000 -5.812500
v -6.000000 1.999999 -4.999999
v -6.000000 1.999999 -5.999999
v -6.000000 -0.000000 -4.999999
v -6.000000 -0.000000 -5.999999
v -5.000000 2.000000 -5.000000
v -5.000000 2.000000 -6.000000
v -5.000000 -0.000000 -5.000000
v -5.000000 -0.000000 -6.000000
v -5.812500 1.999999 -5.187499
v -5.812500 1.999999 -5.812499
v -5.812500 -0.000000 -5.187499
v -5.812500 -0.000000 -5.812499
v -5.187500 2.000000 -5.187500
v -5.187500 2.000000 -5.812500
v -5.187500 -0.000000 -5.187500
v -5.187500 -0.000000 -5.812500
v -6.000001 4.000000 -5.000000
v -6.000001 4.000000 -6.000000
v -6.000001 2.000000 -4.999999
v -6.000001 2.000000 -5.999999
v -5.000001 4.000000 -5.000000
v -5.000001 4.000000 -6.000000
v -5.000001 2.000000 -5.000000
v -5.000001 2.000000 -6.000000
v -5.812501 3.993748 -5.187500
v -5.812501 3.993748 -5.812500
v -5.812501 2.000000 -5.187499
v -5.812501 2.000000 -5.812499
v -5.187501 3.993748 -5.187500
v -5.187501 3.993748 -5.812500
v -5.187501 2.000000 -5.187500
v -5.187501 2.000000 -5.812500
v -6.000001 -0.000000 -4.999999
v -6.000001 -0.000000 -5.999999
v -6.000000 -2.000000 -4.999999
v -6.000000 -2.000000 -5.999999
v -5.000001 -0.000000 -5.000000
v -5.000001 -0.000000 -6.000000
v -5.000000 -2.000000 -5.000000
v -5.000000 -2.000000 -6.000000
v -5.812501 -0.000000 -5.187499
v -5.812501 -0.000000 -5.812499
v -5.812500 -2.000000 -5.187499
v -5.812500 -2.000000 -5.812499
v -5.187501 -0.000000 -5.187500
v -5.187501 -0.000000 -5.812500
v -5.187500 -2.000000 -5.187500
v -5.187500 -2.000000 -5.812500
v -6.000001 4.000000 -5.000000
v -6.000001 4.000000 -6.000000
v -6.000001 4.000000 -5.000000
v -6.000001 4.000000 -6.000000
v -5.000001 4.000000 -5.000000
v -5.000001 4.000000 -6.000000
v -5.000001 4.000000 -5.000000
v -5.000001 4.000000 -6.000000
v -6.250001 -2.000000 -5.374999
v -6.250001 -2.000000 -5.624999
v -6.250000 -4.000000 -5.374999
v -6.250000 -4.000000 -5.624999
v -6.000001 -2.000000 -5.374999
v -6.000001 -2.000000 -5.624999
v -6.000000 -4.000000 -5.374999
v -6.000000 -4.000000 -5.624999
v -6.250001 -0.000000 -5.374999
v -6.250001 -0.000000 -5.624999
v -6.250001 -2.000000 -5.374999
v -6.250001 -2.000000 -5.624999
v -6.000001 -0.000000 -5.374999
v -6.000001 -0.000000 -5.624999
v -6.000001 -2.000000 -5.374999
v -6.000001 -2.000000 -5.624999
v -6.250000 -4.000000 -5.374999
v -6.250000 -4.000000 -5.624999
v -6.250000 -6.000000 -5.374999
v -6.250000 -6.000000 -5.624999
v -6.000000 -4.000000 -5.374999
v -6.000000 -4.000000 -5.624999
v -6.000000 -6.000000 -5.374999
v -6.000000 -6.000000 -5.624999
v -6.250001 -2.437500 -5.812499
v -6.250001 -2.562500 -5.812499
v -6.000001 -2.437500 -5.812499
v -6.000001 -2.562500 -5.812499
v -6.250001 -2.406250 -5.624999
v -6.250001 -2.593750 -5.624999
v -6.000001 -2.406250 -5.624999
v -6.000001 -2.593750 -5.624999
v -6.250001 -2.062500 -5.812499
v -6.250001 -2.187500 -5.812499
v -6.000001 -2.062500 -5.812499
v -6.000001 -2.187500 -5.812499
v -6.250001 -2.031250 -5.624999
v -6.250001 -2.218750 -5.624999
v -6.000001 -2.031250 -5.624999
v -6.000001 -2.218750 -5.624999
v -6.250001 -3.187500 -5.812499
v -6.250001 -3.312500 -5.812499
v -6.000001 -3.187500 -5.812499
v -6.000001 -3.312500 -5.812499
v -6.250001 -3.156250 -5.624999
v -6.250001 -3.343750 -5.624999
v -6.000001 -3.156250 -5.624999
v -6.000001 -3.343750 -5.624999
v -6.250001 -2.812500 -5.812499
v -6.250001 -2.937500 -5.812499
v -6.000001 -2.812500 -5.812499
v -6.000001 -2.937500 -5.812499
v -6.250001 -2.781250 -5.624999
v -6.250001 -2.968750 -5.624999
v -6.000001 -2.781250 -5.624999
v -6.000001 -2.968750 -5.624999
v -6.250001 -3.562500 -5.812499
v -6.250001 -3.687500 -5.812499
v -6.000001 -3.562500 -5.812499
v -6.000001 -3.687500 -5.812499
v -6.250001 -3.531250 -5.624999
v -6.250000 -3.718750 -5.624999
v -6.000001 -3.531250 -5.624999
v -6.000000 -3.718750 -5.624999
v -6.250000 -4.312500 -5.812499
v -6.250000 -4.437500 -5.812499
v -6.000000 -4.312500 -5.812499
v -6.000000 -4.437500 -5.812499
v -6.250000 -4.281250 -5.624999
v -6.250000 -4.468750 -5.624999
v -6.000000 -4.281250 -5.624999
v -6.000000 -4.468750 -5.624999
v -6.250000 -3.937500 -5.812499
v -6.250000 -4.062500 -5.812499
v -6.000000 -3.937500 -5.812499
v -6.000000 -4.062500 -5.812499
v -6.250000 -3.906250 -5.624999
v -6.250000 -4.093750 -5.624999
v -6.000000 -3.906250 -5.624999
v -6.000000 -4.093750 -5.624999
v -6.250000 -5.062500 -5.812499
v -6.250000 -5.187500 -5.812499
v -6.000000 -5.062500 -5.812499
v -6.000000 -5.187500 -5.812499
v -6.250000 -5.031250 -5.624999
v -6.250000 -5.218750 -5.624999
v -6.000000 -5.031250 -5.624999
v -6.000000 -5.218750 -5.624999
v -6.250000 -4.687500 -5.812499
v -6.250000 -4.812500 -5.812499
v -6.000000 -4.687500 -5.812499
v -6.000000 -4.812500 -5.812499
v -6.250000 -4.656250 -5.624999
v -6.250000 -4.843750 -5.624999
v -6.000000 -4.656250 -5.624999
v -6.000000 -4.843750 -5.624999
v -6.250000 -5.437500 -5.812499
v -6.250000 -5.562500 -5.812499
v -6.000000 -5.437500 -5.812499
v -6.000000 -5.562500 -5.812499
v -6.250000 -5.406250 -5.624999
v -6.250000 -5.593750 -5.624999
v -6.000000 -5.406250 -5.624999
v -6.000000 -5.593750 -5.624999
v -6.250001 -0.562500 -5.812499
v -6.250001 -0.687500 -5.812499
v -6.000001 -0.562500 -5.812499
v -6.000001 -0.687500 -5.812499
v -6.250001 -0.531250 -5.624999
v -6.250001 -0.718750 -5.624999
v -6.000001 -0.531250 -5.624999
v -6.000001 -0.718750 -5.624999
v -6.250001 -0.187500 -5.812499
v -6.250001 -0.312500 -5.812499
v -6.000001 -0.187500 -5.812499
v -6.000001 -0.312500 -5.812499
v -6.250001 -0.156250 -5.624999
v -6.250001 -0.343750 -5.624999
v -6.000001 -0.156250 -5.624999
v -6.000001 -0.343750 -5.624999
v -6.250001 -1.312500 -5.812499
v -6.250001 -1.437500 -5.812499
v -6.000001 -1.312500 -5.812499
v -6.000001 -1.437500 -5.812499
v -6.250001 -1.281250 -5.624999
v -6.250001 -1.468750 -5.624999
v -6.000001 -1.281250 -5.624999
v -6.000001 -1.468750 -5.624999
v -6.250001 -0.937500 -5.812499
v -6.250001 -1.062500 -5.812499
v -6.000001 -0.937500 -5.812499
v -6.000001 -1.062500 -5.812499
v -6.250001 -0.906250 -5.624999
v -6.250001 -1.093750 -5.624999
v -6.000001 -0.906250 -5.624999
v -6.000001 -1.093750 -5.624999
v -6.250001 -1.687500 -5.812499
v -6.250001 -1.812500 -5.812499
v -6.000001 -1.687500 -5.812499
v -6.000001 -1.812500 -5.812499
v -6.250001 -1.656250 -5.624999
v -6.250001 -1.843750 -5.624999
v -6.000001 -1.656250 -5.624999
v -6.000001 -1.843750 -5.624999
v -6.250001 -0.562500 -5.187499
v -6.250001 -0.687500 -5.187499
v -6.000001 -0.562500 -5.187499
v -6.000001 -0.687500 -5.187499
v -6.250001 -0.531250 -5.374999
v -6.250001 -0.718750 -5.374999
v -6.000001 -0.531250 -5.374999
v -6.000001 -0.718750 -5.374999
v -6.250001 -0.187500 -5.187499
v -6.250001 -0.312500 -5.187499
v -6.000001 -0.187500 -5.187499
v -6.000001 -0.312500 -5.187499
v -6.250001 -0.156250 -5.374999
v -6.250001 -0.343750 -5.374999
v -6.000001 -0.156250 -5.374999
v -6.000001 -0.343750 -5.374999
v -6.250001 -1.312500 -5.187499
v -6.250001 -1.437500 -5.187499
v -6.000001 -1.312500 -5.187499
v -6.000001 -1.437500 -5.187499
v -6.250001 -1.281250 -5.374999
v -6.250001 -1.468750 -5.374999
v -6.000001 -1.281250 -5.374999
v -6.000001 -1.468750 -5.374999
v -6.250001 -0.937500 -5.187499
v -6.250001 -1.062500 -5.187499
v -6.000001 -0.937500 -5.187499
v -6.000001 -1.062500 -5.187499
v -6.250001 -0.906250 -5.374999
v -6.250001 -1.093750 -5.374999
v -6.000001 -0.906250 -5.374999
v -6.000001 -1.093750 -5.374999
v -6.250001 -1.687500 -5.187499
v -6.250001 -1.812500 -5.187499
v -6.000001 -1.687500 -5.187499
v -6.000001 -1.812500 -5.187499
v -6.250001 -1.656250 -5.374999
v -6.250001 -1.843750 -5.374999
v -6.000001 -1.656250 -5.374999
v -6.000001 -1.843750 -5.374999
v -6.250001 -2.437500 -5.187499
v -6.250001 -2.562500 -5.187499
v -6.000001 -2.437500 -5.187499
v -6.000001 -2.562500 -5.187499
v -6.250001 -2.406250 -5.374999
v -6.250001 -2.593750 -5.374999
v -6.000001 -2.406250 -5.374999
v -6.000001 -2.593750 -5.374999
v -6.250001 -2.062500 -5.187499
v -6.250001 -2.187500 -5.187499
v -6.000001 -2.062500 -5.187499
v -6.000001 -2.187500 -5.187499
v -6.250001 -2.031250 -5.374999
v -6.250001 -2.218750 -5.374999
v -6.000001 -2.031250 -5.374999
v -6.000001 -2.218750 -5.374999
v -6.250001 -3.187500 -5.187499
v -6.250001 -3.312500 -5.187499
v -6.000001 -3.187500 -5.187499
v -6.000001 -3.312500 -5.187499
v -6.250001 -3.156250 -5.374999
v -6.250001 -3.343750 -5.374999
v -6.000001 -3.156250 -5.374999
v -6.000001 -3.343750 -5.374999
v -6.250001 -2.812500 -5.187499
v -6.250001 -2.937500 -5.187499
v -6.000001 -2.812500 -5.187499
v -6.000001 -2.937500 -5.187499
v -6.250001 -2.781250 -5.374999
v -6.250001 -2.968750 -5.374999
v -6.000001 -2.781250 -5.374999
v -6.000001 -2.968750 -5.374999
v -6.250000 -3.562500 -5.187499
v -6.250000 -3.687500 -5.187499
v -6.000000 -3.562500 -5.187499
v -6.000000 -3.687500 -5.187499
v -6.250000 -3.531250 -5.374999
v -6.250000 -3.718750 -5.374999
v -6.000000 -3.531250 -5.374999
v -6.000000 -3.718750 -5.374999
v -6.250000 -4.312500 -5.187499
v -6.250000 -4.437500 -5.187499
v -6.000000 -4.312500 -5.187499
v -6.000000 -4.437500 -5.187499
v -6.250000 -4.281250 -5.374999
v -6.250000 -4.468750 -5.374999
v -6.000000 -4.281250 -5.374999
v -6.000000 -4.468750 -5.374999
v -6.250000 -3.937500 -5.187499
v -6.250000 -4.062500 -5.187499
v -6.000000 -3.937500 -5.187499
v -6.000000 -4.062500 -5.187499
v -6.250000 -3.906250 -5.374999
v -6.250000 -4.093750 -5.374999
v -6.000000 -3.906250 -5.374999
v -6.000000 -4.093750 -5.374999
v -6.250000 -5.062500 -5.187499
v -6.250000 -5.187500 -5.187499
v -6.000000 -5.062500 -5.187499
v -6.000000 -5.187500 -5.187499
v -6.250000 -5.031250 -5.374999
v -6.250000 -5.218750 -5.374999
v -6.000000 -5.031250 -5.374999
v -6.000000 -5.218750 -5.374999
v -6.250000 -4.687500 -5.187499
v -6.250000 -4.812500 -5.187499
v -6.000000 -4.687500 -5.187499
v -6.000000 -4.812500 -5.187499
v -6.250000 -4.656250 -5.374999
v -6.250000 -4.843750 -5.374999
v -6.000000 -4.656250 -5.374999
v -6.000000 -4.843750 -5.374999
v -6.250000 -5.437500 -5.187499
v -6.250000 -5.562500 -5.187499
v -6.000000 -5.437500 -5.187499
v -6.000000 -5.562500 -5.187499
v -6.250000 -5.406250 -5.374999
v -6.250000 -5.593750 -5.374999
v -6.000000 -5.406250 -5.374999
v -6.000000 -5.593750 -5.374999
v -5.000000 -2.000000 -5.375000
v -5.000000 -2.000000 -5.625000
v -5.000000 -4.000000 -5.375000
v -5.000000 -4.000000 -5.625000
v -4.750000 -2.000000 -5.375000
v -4.750000 -2.000000 -5.625000
v -4.750000 -4.000000 -5.375000
v -4.750000 -4.000000 -5.625000
v -5.000001 -0.000000 -5.375000
v -5.000001 -0.000000 -5.625000
v -5.000000 -2.000000 -5.375000
v -5.000000 -2.000000 -5.625000
v -4.750001 -0.000000 -5.375000
v -4.750001 -0.000000 -5.625000
v -4.750000 -2.000000 -5.375000
v -4.750000 -2.000000 -5.625000
v -5.000000 -4.000000 -5.375000
v -5.000000 -4.000000 -5.625000
v -5.000000 -6.000000 -5.375000
v -5.000000 -6.000000 -5.625000
v -4.750000 -4.000000 -5.375000
v -4.750000 -4.000000 -5.625000
v -4.750000 -6.000000 -5.375000
v -4.750000 -6.000000 -5.625000
v -5.000000 -2.437500 -5.812500
v -5.000000 -2.562500 -5.812500
v -4.750000 -2.437500 -5.812500
v -4.750000 -2.562500 -5.812500
v -5.000000 -2.406250 -5.625000
v -5.000000 -2.593750 -5.625000
v -4.750000 -2.406250 -5.625000
v -4.750000 -2.593750 -5.625000
v -5.000000 -2.062500 -5.812500
v -5.000000 -2.187500 -5.812500
v -4.750000 -2.062500 -5.812500
v -4.750000 -2.187500 -5.812500
v -5.000000 -2.031250 -5.625000
v -5.000000 -2.218750 -5.625000
v -4.750000 -2.031250 -5.625000
v -4.750000 -2.218750 -5.625000
v -5.000000 -3.187500 -5.812500
v -5.000000 -3.312500 -5.812500
v -4.750000 -3.187500 -5.812500
v -4.750000 -3.312500 -5.812500
v -5.000000 -3.156250 -5.625000
v -5.000000 -3.343750 -5.625000
v -4.750000 -3.156250 -5.625000
v -4.750000 -3.343750 -5.625000
v -5.000000 -2.812500 -5.812500
v -5.000000 -2.937500 -5.812500
v -4.750000 -2.812500 -5.812500
v -4.750000 -2.937500 -5.812500
v -5.000000 -2.781250 -5.625000
v -5.000000 -2.968750 -5.625000
v -4.750000 -2.781250 -5.625000
v -4.750000 -2.968750 -5.625000
v -5.000000 -3.562500 -5.812500
v -5.000000 -3.687500 -5.812500
v -4.750000 -3.562500 -5.812500
v -4.750000 -3.687500 -5.812500
v -5.000000 -3.531250 -5.625000
v -5.000000 -3.718750 -5.625000
v -4.750000 -3.531250 -5.625000
v -4.750000 -3.718750 -5.625000
v -5.000000 -4.312500 -5.812500
v -5.000000 -4.437500 -5.812500
v -4.750000 -4.312500 -5.812500
v -4.750000 -4.437500 -5.812500
v -5.000000 -4.281250 -5.625000
v -5.000000 -4.468750 -5.625000
v -4.750000 -4.281250 -5.625000
v -4.750000 -4.468750 -5.625000
v -5.000000 -3.937500 -5.812500
v -5.000000 -4.062500 -5.812500
v -4.750000 -3.937500 -5.812500
v -4.750000 -4.062500 -5.812500
v -5.000000 -3.906250 -5.625000
v -5.000000 -4.093750 -5.625000
v -4.750000 -3.906250 -5.625000
v -4.750000 -4.093750 -5.625000
v -5.000000 -5.062500 -5.812500
v -5.000000 -5.187500 -5.812500
v -4.750000 -5.062500 -5.812500
v -4.750000 -5.187500 -5.812500
v -5.000000 -5.031250 -5.625000
v -5.000000 -5.218750 -5.625000
v -4.750000 -5.031250 -5.625000
v -4.750000 -5.218750 -5.625000
v -5.000000 -4.687500 -5.812500
v -5.000000 -4.812500 -5.812500
v -4.750000 -4.687500 -5.812500
v -4.750000 -4.812500 -5.812500
v -5.000000 -4.656250 -5.625000
v -5.000000 -4.843750 -5.625000
v -4.750000 -4.656250 -5.625000
v -4.750000 -4.843750 -5.625000
v -5.000000 -5.437500 -5.812500
v -5.000000 -5.562500 -5.812500
v -4.750000 -5.437500 -5.812500
v -4.750000 -5.562500 -5.812500
v -5.000000 -5.406250 -5.625000
v -5.000000 -5.593750 -5.625000
v -4.750000 -5.406250 -5.625000
v -4.750000 -5.593750 -5.625000
v -5.000001 -0.562500 -5.812500
v -5.000000 -0.687500 -5.812500
v -4.750001 -0.562500 -5.812500
v -4.750000 -0.687500 -5.812500
v -5.000000 -0.531250 -5.625000
v -5.000000 -0.718750 -5.625000
v -4.750000 -0.531250 -5.625000
v -4.750000 -0.718750 -5.625000
v -5.000001 -0.187500 -5.812500
v -5.000001 -0.312500 -5.812500
v -4.750001 -0.187500 -5.812500
v -4.750001 -0.312500 -5.812500
v -5.000001 -0.156250 -5.625000
v -5.000001 -0.343750 -5.625000
v -4.750001 -0.156250 -5.625000
v -4.750001 -0.343750 -5.625000
v -5.000000 -1.312500 -5.812500
v -5.000000 -1.437500 -5.812500
v -4.750000 -1.312500 -5.812500
v -4.750000 -1.437500 -5.812500
v -5.000000 -1.281250 -5.625000
v -5.000000 -1.468750 -5.625000
v -4.750000 -1.281250 -5.625000
v -4.750000 -1.468750 -5.625000
v -5.000000 -0.937500 -5.812500
v -5.000000 -1.062500 -5.812500
v -4.750000 -0.937500 -5.812500
v -4.750000 -1.062500 -5.812500
v -5.000000 -0.906250 -5.625000
v -5.000000 -1.093750 -5.625000
v -4.750000 -0.906250 -5.625000
v -4.750000 -1.093750 -5.625000
v -5.000000 -1.687500 -5.812500
v -5.000000 -1.812500 -5.812500
v -4.750000 -1.687500 -5.812500
v -4.750000 -1.812500 -5.812500
v -5.000000 -1.656250 -5.625000
v -5.000000 -1.843750 -5.625000
v -4.750000 -1.656250 -5.625000
v -4.750000 -1.843750 -5.625000
v -5.000000 -0.562500 -5.187500
v -5.000000 -0.687500 -5.187500
v -4.750000 -0.562500 -5.187500
v -4.750000 -0.687500 -5.187500
v -5.000000 -0.531250 -5.375000
v -5.000000 -0.718750 -5.375000
v -4.750000 -0.531250 -5.375000
v -4.750000 -0.718750 -5.375000
v -5.000001 -0.187500 -5.187500
v -5.000000 -0.312500 -5.187500
v -4.750001 -0.187500 -5.187500
v -4.750000 -0.312500 -5.187500
v -5.000001 -0.156250 -5.375000
v -5.000000 -0.343750 -5.375000
v -4.750001 -0.156250 -5.375000
v -4.750000 -0.343750 -5.375000
v -5.000000 -1.312500 -5.187500
v -5.000000 -1.437500 -5.187500
v -4.750000 -1.312500 -5.187500
v -4.750000 -1.437500 -5.187500
v -5.000000 -1.281250 -5.375000
v -5.000000 -1.468750 -5.375000
v -4.750000 -1.281250 -5.375000
v -4.750000 -1.468750 -5.375000
v -5.000000 -0.937500 -5.187500
v -5.000000 -1.062500 -5.187500
v -4.750000 -0.937500 -5.187500
v -4.750000 -1.062500 -5.187500
v -5.000000 -0.906250 -5.375000
v -5.000000 -1.093750 -5.375000
v -4.750000 -0.906250 -5.375000
v -4.750000 -1.093750 -5.375000
v -5.000000 -1.687500 -5.187500
v -5.000000 -1.812500 -5.187500
v -4.750000 -1.687500 -5.187500
v -4.750000 -1.812500 -5.187500
v -5.000000 -1.656250 -5.375000
v -5.000000 -1.843750 -5.375000
v -4.750000 -1.656250 -5.375000
v -4.750000 -1.843750 -5.375000
v -5.000000 -2.437500 -5.187500
v -5.000000 -2.562500 -5.187500
v -4.750000 -2.437500 -5.187500
v -4.750000 -2.562500 -5.187500
v -5.000000 -2.406250 -5.375000
v -5.000000 -2.593750 -5.375000
v -4.750000 -2.406250 -5.375000
v -4.750000 -2.593750 -5.375000
v -5.000000 -2.062500 -5.187500
v -5.000000 -2.187500 -5.187500
v -4.750000 -2.062500 -5.187500
v -4.750000 -2.187500 -5.187500
v -5.000000 -2.031250 -5.375000
v -5.000000 -2.218750 -5.375000
v -4.750000 -2.031250 -5.375000
v -4.750000 -2.218750 -5.375000
v -5.000000 -3.187500 -5.187500
v -5.000000 -3.312500 -5.187500
v -4.750000 -3.187500 -5.187500
v -4.750000 -3.312500 -5.187500
v -5.000000 -3.156250 -5.375000
v -5.000000 -3.343750 -5.375000
v -4.750000 -3.156250 -5.375000
v -4.750000 -3.343750 -5.375000
v -5.000000 -2.812500 -5.187500
v -5.000000 -2.937500 -5.187500
v -4.750000 -2.812500 -5.187500
v -4.750000 -2.937500 -5.187500
v -5.000000 -2.781250 -5.375000
v -5.000000 -2.968750 -5.375000
v -4.750000 -2.781250 -5.375000
v -4.750000 -2.968750 -5.375000
v -5.000000 -3.562500 -5.187500
v -5.000000 -3.687500 -5.187500
v -4.750000 -3.562500 -5.187500
v -4.750000 -3.687500 -5.187500
v -5.000000 -3.531250 -5.375000
v -5.000000 -3.718750 -5.375000
v -4.750000 -3.531250 -5.375000
v -4.750000 -3.718750 -5.375000
v -5.000000 -4.312500 -5.187500
v -5.000000 -4.437500 -5.187500
v -4.750000 -4.312500 -5.187500
v -4.750000 -4.437500 -5.187500
v -5.000000 -4.281250 -5.375000
v -5.000000 -4.468750 -5.375000
v -4.750000 -4.281250 -5.375000
v -4.750000 -4.468750 -5.375000
v -5.000000 -3.937500 -5.187500
v -5.000000 -4.062500 -5.187500
v -4.750000 -3.937500 -5.187500
v -4.750000 -4.062500 -5.187500
v -5.000000 -3.906250 -5.375000
v -5.000000 -4.093750 -5.375000
v -4.750000 -3.906250 -5.375000
v -4.750000 -4.093750 -5.375000
v -5.000000 -5.062500 -5.187500
v -5.000000 -5.187500 -5.187500
v -4.750000 -5.062500 -5.187500
v -4.750000 -5.187500 -5.187500
v -5.000000 -5.031250 -5.375000
v -5.000000 -5.218750 -5.375000
v -4.750000 -5.031250 -5.375000
v -4.750000 -5.218750 -5.375000
v -5.000000 -4.687500 -5.187500
v -5.000000 -4.812500 -5.187500
v -4.750000 -4.687500 -5.187500
v -4.750000 -4.812500 -5.187500
v -5.000000 -4.656250 -5.375000
v -5.000000 -4.843750 -5.375000
v -4.750000 -4.656250 -5.375000
v -4.750000 -4.843750 -5.375000
v -5.000000 -5.437500 -5.187500
v -5.000000 -5.562500 -5.187500
v -4.750000 -5.437500 -5.187500
v -4.750000 -5.562500 -5.187500
v -5.000000 -5.406250 -5.375000
v -5.000000 -5.593750 -5.375000
v -4.750000 -5.406250 -5.375000
v -4.750000 -5.593750 -5.375000
v -1.000000 -4.000000 2.000000
v -2.000000 -4.000000 2.000000
v -1.000000 -7.000000 2.000000
v -2.000000 -7.000000 2.000000
v -1.000000 -4.000000 1.000000
v -2.000000 -4.000000 1.000000
v -1.000000 -7.000000 1.000000
v -2.000000 -7.000000 1.000000
v -2.000000 -4.000000 1.750000
v -3.000000 -4.000000 1.750000
v -2.000000 -7.000000 1.750000
v -3.000000 -7.000000 1.750000
v -2.000000 -4.000000 1.000000
v -3.000000 -4.000000 1.000000
v -2.000000 -7.000000 1.000000
v -3.000000 -7.000000 1.000000
v -3.000000 -4.000000 2.000000
v -4.000000 -4.000000 2.000000
v -3.000000 -7.000000 2.000000
v -4.000000 -7.000000 2.000000
v -3.000000 -4.000000 1.000000
v -4.000000 -4.000000 1.000000
v -3.000000 -7.000000 1.000000
v -4.000000 -7.000000 1.000000
v -2.250000 -6.250000 2.000000
v -2.750000 -6.250000 2.000000
v -2.250000 -6.750000 2.000000
v -2.750000 -6.750000 2.000000
v -2.250000 -6.250000 1.750000
v -2.750000 -6.250000 1.750000
v -2.250000 -6.750000 1.750000
v -2.750000 -6.750000 1.750000
v 0.999999 -2.437500 -5.812500
v 0.999999 -2.562500 -5.812500
v 1.249999 -2.437500 -5.812500
v 1.249999 -2.562500 -5.812500
v 0.999999 -2.406250 -5.625000
v 0.999999 -2.593750 -5.625000
v 1.249999 -2.406250 -5.625000
v 1.249999 -2.593750 -5.625000
v 0.999999 -2.062500 -5.812500
v 0.999999 -2.187500 -5.812500
v 1.249999 -2.062500 -5.812500
v 1.249999 -2.187500 -5.812500
v 0.999999 -2.031250 -5.625000
v 0.999999 -2.218750 -5.625000
v 1.249999 -2.031250 -5.625000
v 1.249999 -2.218750 -5.625000
v 0.999999 -3.187500 -5.812500
v 0.999999 -3.312500 -5.812500
v 1.249999 -3.187500 -5.812500
v 1.249999 -3.312500 -5.812500
v 0.999999 -3.156250 -5.625000
v 0.999999 -3.343750 -5.625000
v 1.249999 -3.156250 -5.625000
v 1.249999 -3.343750 -5.625000
v 0.999999 -2.812500 -5.812500
v 0.999999 -2.937500 -5.812500
v 1.249999 -2.812500 -5.812500
v 1.249999 -2.937500 -5.812500
v 0.999999 -2.781250 -5.625000
v 0.999999 -2.968750 -5.625000
v 1.249999 -2.781250 -5.625000
v 1.249999 -2.968750 -5.625000
v 0.999999 -3.562500 -5.812500
v 0.999999 -3.687500 -5.812500
v 1.249999 -3.562500 -5.812500
v 1.249999 -3.687500 -5.812500
v 0.999999 -3.531250 -5.625000
v 1.000000 -3.718750 -5.625000
v 1.249999 -3.531250 -5.625000
v 1.250000 -3.718750 -5.625000
v 1.000000 -4.312500 -5.812500
v 1.000000 -4.437500 -5.812500
v 1.250000 -4.312500 -5.812500
v 1.250000 -4.437500 -5.812500
v 1.000000 -4.281250 -5.625000
v 1.000000 -4.468750 -5.625000
v 1.250000 -4.281250 -5.625000
v 1.250000 -4.468750 -5.625000
v 1.000000 -3.937500 -5.812500
v 1.000000 -4.062500 -5.812500
v 1.250000 -3.937500 -5.812500
v 1.250000 -4.062500 -5.812500
v 1.000000 -3.906250 -5.625000
v 1.000000 -4.093750 -5.625000
v 1.250000 -3.906250 -5.625000
v 1.250000 -4.093750 -5.625000
v 1.000000 -5.062500 -5.812500
v 1.000000 -5.187500 -5.812500
v 1.250000 -5.062500 -5.812500
v 1.250000 -5.187500 -5.812500
v 1.000000 -5.031250 -5.625000
v 1.000000 -5.218750 -5.625000
v 1.250000 -5.031250 -5.625000
v 1.250000 -5.218750 -5.625000
v 1.000000 -4.687500 -5.812500
v 1.000000 -4.812500 -5.812500
v 1.250000 -4.687500 -5.812500
v 1.250000 -4.812500 -5.812500
v 1.000000 -4.656250 -5.625000
v 1.000000 -4.843750 -5.625000
v 1.250000 -4.656250 -5.625000
v 1.250000 -4.843750 -5.625000
v 1.000000 -5.437500 -5.812500
v 1.000000 -5.562500 -5.812500
v 1.250000 -5.437500 -5.812500
v 1.250000 -5.562500 -5.812500
v 1.000000 -5.406250 -5.625000
v 1.000000 -5.593750 -5.625000
v 1.250000 -5.406250 -5.625000
v 1.250000 -5.593750 -5.625000
v 0.999999 -0.562500 -5.812500
v 0.999999 -0.687500 -5.812500
v 1.249999 -0.562500 -5.812500
v 1.249999 -0.687500 -5.812500
v 0.999999 -0.531250 -5.625000
v 0.999999 -0.718750 -5.625000
v 1.249999 -0.531250 -5.625000
v 1.249999 -0.718750 -5.625000
v 0.999999 -0.187500 -5.812500
v 0.999999 -0.312500 -5.812500
v 1.249999 -0.187500 -5.812500
v 1.249999 -0.312500 -5.812500
v 0.999999 -0.156250 -5.625000
v 0.999999 -0.343750 -5.625000
v 1.249999 -0.156250 -5.625000
v 1.249999 -0.343750 -5.625000
v 0.999999 -1.312500 -5.812500
v 0.999999 -1.437500 -5.812500
v 1.249999 -1.312500 -5.812500
v 1.249999 -1.437500 -5.812500
v 0.999999 -1.281250 -5.625000
v 0.999999 -1.468750 -5.625000
v 1.249999 -1.281250 -5.625000
v 1.249999 -1.468750 -5.625000
v 0.999999 -0.937500 -5.812500
v 0.999999 -1.062500 -5.812500
v 1.249999 -0.937500 -5.812500
v 1.249999 -1.062500 -5.812500
v 0.999999 -0.906250 -5.625000
v 0.999999 -1.093750 -5.625000
v 1.249999 -0.906250 -5.625000
v 1.249999 -1.093750 -5.625000
v 0.999999 -1.687500 -5.812500
v 0.999999 -1.812500 -5.812500
v 1.249999 -1.687500 -5.812500
v 1.249999 -1.812500 -5.812500
v 0.999999 -1.656250 -5.625000
v 0.999999 -1.843750 -5.625000
v 1.249999 -1.656250 -5.625000
v 1.249999 -1.843750 -5.625000
v 0.999999 -0.562500 -5.187500
v 0.999999 -0.687500 -5.187500
v 1.249999 -0.562500 -5.187500
v 1.249999 -0.687500 -5.187500
v 0.999999 -0.531250 -5.375000
v 0.999999 -0.718750 -5.375000
v 1.249999 -0.531250 -5.375000
v 1.249999 -0.718750 -5.375000
v 0.999999 -0.187500 -5.187500
v 0.999999 -0.312500 -5.187500
v 1.249999 -0.187500 -5.187500
v 1.249999 -0.312500 -5.187500
v 0.999999 -0.156250 -5.375000
v 0.999999 -0.343750 -5.375000
v 1.249999 -0.156250 -5.375000
v 1.249999 -0.343750 -5.375000
v 0.999999 -1.312500 -5.187500
v 0.999999 -1.437500 -5.187500
v 1.249999 -1.312500 -5.187500
v 1.249999 -1.437500 -5.187500
v 0.999999 -1.281250 -5.375000
v 0.999999 -1.468750 -5.375000
v 1.249999 -1.281250 -5.375000
v 1.249999 -1.468750 -5.375000
v 0.999999 -0.937500 -5.187500
v 0.999999 -1.062500 -5.187500
v 1.249999 -0.937500 -5.187500
v 1.249999 -1.062500 -5.187500
v 0.999999 -0.906250 -5.375000
v 0.999999 -1.093750 -5.375000
v 1.249999 -0.906250 -5.375000
v 1.249999 -1.093750 -5.375000
v 0.999999 -1.687500 -5.187500
v 0.999999 -1.812500 -5.187500
v 1.249999 -1.687500 -5.187500
v 1.249999 -1.812500 -5.187500
v 0.999999 -1.656250 -5.375000
v 0.999999 -1.843750 -5.375000
v 1.249999 -1.656250 -5.375000
v 1.249999 -1.843750 -5.375000
v 0.999999 -2.437500 -5.187500
v 0.999999 -2.562500 -5.187500
v 1.249999 -2.437500 -5.187500
v 1.249999 -2.562500 -5.187500
v 0.999999 -2.406250 -5.375000
v 0.999999 -2.593750 -5.375000
v 1.249999 -2.406250 -5.375000
v 1.249999 -2.593750 -5.375000
v 0.999999 -2.062500 -5.187500
v 0.999999 -2.187500 -5.187500
v 1.249999 -2.062500 -5.187500
v 1.249999 -2.187500 -5.187500
v 0.999999 -2.031250 -5.375000
v 0.999999 -2.218750 -5.375000
v 1.249999 -2.031250 -5.375000
v 1.249999 -2.218750 -5.375000
v 0.999999 -3.187500 -5.187500
v 0.999999 -3.312500 -5.187500
v 1.249999 -3.187500 -5.187500
v 1.249999 -3.312500 -5.187500
v 0.999999 -3.156250 -5.375000
v 0.999999 -3.343750 -5.375000
v 1.249999 -3.156250 -5.375000
v 1.249999 -3.343750 -5.375000
v 0.999999 -2.812500 -5.187500
v 0.999999 -2.937500 -5.187500
v 1.249999 -2.812500 -5.187500
v 1.249999 -2.937500 -5.187500
v 0.999999 -2.781250 -5.375000
v 0.999999 -2.968750 -5.375000
v 1.249999 -2.781250 -5.375000
v 1.249999 -2.968750 -5.375000
v 1.000000 -3.562500 -5.187500
v 1.000000 -3.687500 -5.187500
v 1.250000 -3.562500 -5.187500
v 1.250000 -3.687500 -5.187500
v 1.000000 -3.531250 -5.375000
v 1.000000 -3.718750 -5.375000
v 1.250000 -3.531250 -5.375000
v 1.250000 -3.718750 -5.375000
v 1.000000 -4.312500 -5.187500
v 1.000000 -4.437500 -5.187500
v 1.250000 -4.312500 -5.187500
v 1.250000 -4.437500 -5.187500
v 1.000000 -4.281250 -5.375000
v 1.000000 -4.468750 -5.375000
v 1.250000 -4.281250 -5.375000
v 1.250000 -4.468750 -5.375000
v 1.000000 -3.937500 -5.187500
v 1.000000 -4.062500 -5.187500
v 1.250000 -3.937500 -5.187500
v 1.250000 -4.062500 -5.187500
v 1.000000 -3.906250 -5.375000
v 1.000000 -4.093750 -5.375000
v 1.250000 -3.906250 -5.375000
v 1.250000 -4.093750 -5.375000
v 1.000000 -5.062500 -5.187500
v 1.000000 -5.187500 -5.187500
v 1.250000 -5.062500 -5.187500
v 1.250000 -5.187500 -5.187500
v 1.000000 -5.031250 -5.375000
v 1.000000 -5.218750 -5.375000
v 1.250000 -5.031250 -5.375000
v 1.250000 -5.218750 -5.375000
v 1.000000 -4.687500 -5.187500
v 1.000000 -4.812500 -5.187500
v 1.250000 -4.687500 -5.187500
v 1.250000 -4.812500 -5.187500
v 1.000000 -4.656250 -5.375000
v 1.000000 -4.843750 -5.375000
v 1.250000 -4.656250 -5.375000
v 1.250000 -4.843750 -5.375000
v 1.000000 -5.437500 -5.187500
v 1.000000 -5.562500 -5.187500
v 1.250000 -5.437500 -5.187500
v 1.250000 -5.562500 -5.187500
v 1.000000 -5.406250 -5.375000
v 1.000000 -5.593750 -5.375000
v 1.250000 -5.406250 -5.375000
v 1.250000 -5.593750 -5.375000
v -2.250000 -4.250000 2.000000
v -2.750000 -4.250000 2.000000
v -2.250000 -4.750000 2.000000
v -2.750000 -4.750000 2.000000
v -2.250000 -4.250000 1.750000
v -2.750000 -4.250000 1.750000
v -2.250000 -4.750000 1.750000
v -2.750000 -4.750000 1.750000
v -1.000000 -4.000000 1.000000
v -4.000000 -4.000000 1.000000
v -1.000000 -6.000000 1.000000
v -4.000000 -6.000000 1.000000
v -1.000000 -4.000000 0.000000
v -4.000000 -4.000000 0.000000
v -1.000000 -6.000000 0.000000
v -4.000000 -6.000000 0.000000
v -0.750000 -5.500000 0.750000
v -1.000000 -5.500000 0.750000
v -0.750000 -6.000000 0.750000
v -1.000000 -6.000000 0.750000
v -0.750000 -5.500000 0.250000
v -1.000000 -5.500000 0.250000
v -0.750000 -6.000000 0.250000
v -1.000000 -6.000000 0.250000
v 0.750000 -5.500000 1.562500
v 0.250000 -5.500000 1.750000
v 0.750000 -6.000000 1.562500
v 0.250000 -6.000000 1.750000
v 0.750000 -5.500000 1.250000
v 0.250000 -5.500000 1.250000
v 0.750000 -6.000000 1.250000
v 0.250000 -6.000000 1.250000
v -0.750000 -5.500000 1.562500
v -0.250000 -5.500000 1.750000
v -0.750000 -6.000000 1.562500
v -0.250000 -6.000000 1.750000
v -0.750000 -5.500000 1.250000
v -0.250000 -5.500000 1.250000
v -0.750000 -6.000000 1.250000
v -0.250000 -6.000000 1.250000
v -0.250000 -5.500000 0.437500
v -0.750000 -5.500000 0.250000
v -0.250000 -6.000000 0.437500
v -0.750000 -6.000000 0.250000
v -0.250000 -5.500000 0.750000
v -0.750000 -5.500000 0.750000
v -0.250000 -6.000000 0.750000
v -0.750000 -6.000000 0.750000
v 0.750000 -5.500000 0.750000
v 0.750000 -5.500000 1.250000
v 0.750000 -6.000000 0.750000
v 0.750000 -6.000000 1.250000
v 0.250000 -5.500000 0.750000
v 0.250000 -5.500000 1.250000
v 0.250000 -6.000000 0.750000
v 0.250000 -6.000000 1.250000
v -0.250000 -5.500000 1.250000
v 0.250000 -5.500000 1.250000
v -0.250000 -6.000000 1.250000
v 0.250000 -6.000000 1.250000
v -0.250000 -5.500000 1.750000
v 0.250000 -5.500000 1.750000
v -0.250000 -6.000000 1.750000
v 0.250000 -6.000000 1.750000
v -0.750000 -5.500000 1.250000
v -0.750000 -5.500000 0.750000
v -0.750000 -6.000000 1.250000
v -0.750000 -6.000000 0.750000
v -0.250000 -5.500000 1.250000
v -0.250000 -5.500000 0.750000
v -0.250000 -6.000000 1.250000
v -0.250000 -6.000000 0.750000
v -6.000000 -6.000000 -3.000000
v -7.000000 -6.000000 -3.000000
v -6.000000 -7.000000 -3.000000
v -7.000000 -7.000000 -3.000000
v -6.000000 -6.000000 -4.000000
v -7.000000 -6.000000 -4.000000
v -6.000000 -7.000000 -4.000000
v -7.000000 -7.000000 -4.000000
v -6.500000 -6.000000 -3.000000
v -6.500000 -7.000000 -3.000000
v -6.500000 -7.000000 -4.000000
v -6.500000 -6.000000 -4.000000
v -6.000000 -6.000000 -1.000000
v -7.000000 -6.000000 -0.999999
v -6.000000 -7.000000 -0.999998
v -7.000000 -7.000000 -0.999996
v -6.000000 -6.000000 -2.000000
v -7.000000 -6.000000 -1.999999
v -6.000000 -7.000000 -2.000000
v -7.000000 -7.000000 -1.999999
v -6.500000 -6.000000 -1.000000
v -6.500000 -7.000000 -0.999998
v -6.500000 -7.000000 -2.000000
v -6.500000 -6.000000 -2.000000
v -2.083390 -3.937500 0.657684
v -2.259583 -3.937500 0.593555
v -2.168895 -3.937500 0.892608
v -2.345088 -3.937500 0.828479
v -2.083390 -4.000000 0.657684
v -2.259583 -4.000000 0.593555
v -2.168895 -4.000000 0.892608
v -2.345088 -4.000000 0.828479
v -1.880424 -3.937500 0.465514
v -2.115347 -3.937500 0.380009
v -1.923176 -3.937500 0.582975
v -2.158099 -3.937500 0.497470
v -1.880424 -4.000000 0.465514
v -2.115347 -4.000000 0.380009
v -1.923176 -4.000000 0.582975
v -2.158099 -4.000000 0.497470
v -1.811113 -3.937500 0.823297
v -1.869843 -3.937500 0.801920
v -1.875242 -3.937500 0.999489
v -1.933972 -3.937500 0.978113
v -1.811113 -4.000000 0.823297
v -1.869843 -4.000000 0.801920
v -1.875242 -4.000000 0.999489
v -1.933972 -4.000000 0.978113
v -1.848467 -3.937500 0.743189
v -1.907198 -3.937500 0.721813
v -1.912596 -3.937500 0.919382
v -1.971327 -3.937500 0.898005
v -1.848467 -4.000000 0.743189
v -1.907198 -4.000000 0.721813
v -1.912596 -4.000000 0.919382
v -1.971327 -4.000000 0.898005
v -1.885822 -3.937500 0.663082
v -1.944553 -3.937500 0.641706
v -1.949951 -3.937500 0.839275
v -2.008681 -3.937500 0.817898
v -1.885822 -4.000000 0.663082
v -1.944553 -4.000000 0.641706
v -1.949951 -4.000000 0.839275
v -2.008681 -4.000000 0.817898
v -1.923176 -3.937500 0.582975
v -1.981907 -3.937500 0.561599
v -1.987305 -3.937500 0.759168
v -2.046036 -3.937500 0.737792
v -1.923176 -4.000000 0.582975
v -1.981907 -4.000000 0.561599
v -1.987305 -4.000000 0.759168
v -2.046036 -4.000000 0.737792
v -2.179476 -3.937500 0.556201
v -2.238207 -3.937500 0.534825
v -2.200852 -3.937500 0.614932
v -2.259583 -3.937500 0.593555
v -2.179476 -4.000000 0.556201
v -2.238207 -4.000000 0.534825
v -2.200852 -4.000000 0.614932
v -2.259583 -4.000000 0.593555
v -2.227626 -3.937500 0.871231
v -2.286357 -3.937500 0.849855
v -2.249002 -3.937500 0.929962
v -2.307733 -3.937500 0.908586
v -2.227626 -4.000000 0.871231
v -2.286357 -4.000000 0.849855
v -2.249002 -4.000000 0.929962
v -2.307733 -4.000000 0.908586
v -1.981907 -3.937500 0.561599
v -2.158099 -3.937500 0.497470
v -2.024660 -3.937500 0.679060
v -2.200852 -3.937500 0.614932
v -1.981907 -4.000000 0.561599
v -2.158099 -4.000000 0.497470
v -2.024660 -4.000000 0.679060
v -2.200852 -4.000000 0.614932
v -1.624340 -3.937500 1.223832
v -1.683071 -3.937500 1.202456
v -1.667093 -3.937500 1.341293
v -1.725823 -3.937500 1.319917
v -1.624340 -4.000000 1.223832
v -1.683071 -4.000000 1.202456
v -1.667093 -4.000000 1.341293
v -1.725823 -4.000000 1.319917
v -1.661695 -3.937500 1.143724
v -1.720425 -3.937500 1.122348
v -1.725823 -3.937500 1.319917
v -1.784554 -3.937500 1.298541
v -1.661695 -4.000000 1.143724
v -1.720425 -4.000000 1.122348
v -1.725823 -4.000000 1.319917
v -1.784554 -4.000000 1.298541
v -1.699049 -3.937500 1.063618
v -1.757780 -3.937500 1.042242
v -1.763178 -3.937500 1.239810
v -1.821909 -3.937500 1.218434
v -1.699049 -4.000000 1.063618
v -1.757780 -4.000000 1.042242
v -1.763178 -4.000000 1.239810
v -1.821909 -4.000000 1.218434
v -1.736404 -3.937500 0.983510
v -1.795135 -3.937500 0.962134
v -1.800533 -3.937500 1.159703
v -1.859263 -3.937500 1.138327
v -1.736404 -4.000000 0.983510
v -1.795135 -4.000000 0.962134
v -1.800533 -4.000000 1.159703
v -1.859263 -4.000000 1.138327
v -1.773758 -3.937500 0.903403
v -1.832489 -3.937500 0.882027
v -1.837887 -3.937500 1.079596
v -1.896618 -3.937500 1.058219
v -1.773758 -4.000000 0.903403
v -1.832489 -4.000000 0.882027
v -1.837887 -4.000000 1.079596
v -1.896618 -4.000000 1.058219
v -1.624124 -3.937500 0.492288
v -1.859048 -3.937500 0.406783
v -1.688253 -3.937500 0.668480
v -1.923176 -3.937500 0.582975
v -1.624124 -4.000000 0.492288
v -1.859048 -4.000000 0.406783
v -1.688253 -4.000000 0.668480
v -1.923176 -4.000000 0.582975
v -1.859048 -3.937500 0.406783
v -1.917778 -3.937500 0.385406
v -1.880424 -3.937500 0.465514
v -1.939155 -3.937500 0.444138
v -1.859048 -4.000000 0.406783
v -1.917778 -4.000000 0.385406
v -1.880424 -4.000000 0.465514
v -1.939155 -4.000000 0.444138
v -1.586770 -3.937500 0.572395
v -1.645501 -3.937500 0.551019
v -1.608146 -3.937500 0.631126
v -1.666877 -3.937500 0.609750
v -1.586770 -4.000000 0.572395
v -1.645501 -4.000000 0.551019
v -1.608146 -4.000000 0.631126
v -1.666877 -4.000000 0.609750
v -6.250000 -5.250000 -3.250000
v -6.562500 -5.250000 -3.250000
v -6.250000 -5.750000 -3.250000
v -6.750000 -5.750000 -3.250000
v -6.250000 -5.250000 -3.750000
v -6.562500 -5.250000 -3.750000
v -6.250000 -5.750000 -3.750000
v -6.750000 -5.750000 -3.750000
v -6.250000 -5.750000 -3.250000
v -6.750000 -5.750000 -3.250000
v -6.250000 -6.000000 -3.250000
v -6.750000 -6.000000 -3.250000
v -6.250000 -5.750000 -3.750000
v -6.750000 -5.750000 -3.750000
v -6.250000 -6.000000 -3.750000
v -6.750000 -6.000000 -3.750000
v -6.250000 -5.250000 -3.250000
v -5.750000 -5.250000 -3.250000
v -6.250000 -5.750000 -3.250000
v -5.750000 -5.750000 -3.250000
v -6.250000 -5.250000 -3.750000
v -5.750000 -5.250000 -3.750000
v -6.250000 -5.750000 -3.750000
v -5.750000 -5.750000 -3.750000
v -5.750000 -5.250000 -3.250000
v -5.437500 -5.250000 -3.250000
v -5.750000 -5.750000 -3.250000
v -5.250000 -5.750000 -3.250000
v -5.750000 -5.250000 -3.750000
v -5.437500 -5.250000 -3.750000
v -5.750000 -5.750000 -3.750000
v -5.250000 -5.750000 -3.750000
v -5.250000 -5.750000 -3.250000
v -5.750000 -5.750000 -3.250000
v -5.250000 -6.000000 -3.250000
v -5.750000 -6.000000 -3.250000
v -5.250000 -5.750000 -3.750000
v -5.750000 -5.750000 -3.750000
v -5.250000 -6.000000 -3.750000
v -5.750000 -6.000000 -3.750000
v -6.250000 -5.250000 -1.250000
v -6.562500 -5.250000 -1.250000
v -6.250000 -5.750000 -1.250000
v -6.750000 -5.750000 -1.249999
v -6.250000 -5.250000 -1.750000
v -6.562500 -5.250000 -1.750000
v -6.250000 -5.750000 -1.750000
v -6.750000 -5.750000 -1.750000
v -6.250000 -5.750000 -1.250000
v -6.750000 -5.750000 -1.249999
v -6.250000 -6.000000 -1.250000
v -6.750000 -6.000000 -1.249999
v -6.250000 -5.750000 -1.750000
v -6.750000 -5.750000 -1.750000
v -6.250000 -6.000000 -1.750000
v -6.750000 -6.000000 -1.750000
v -6.250000 -5.250000 -1.250000
v -5.750000 -5.250000 -1.250000
v -6.250000 -5.750000 -1.250000
v -5.750000 -5.750000 -1.250000
v -6.250000 -5.250000 -1.750000
v -5.750000 -5.250000 -1.750000
v -6.250000 -5.750000 -1.750000
v -5.750000 -5.750000 -1.750000
v -5.750000 -5.250000 -1.250000
v -5.437500 -5.250000 -1.250000
v -5.750000 -5.750000 -1.250000
v -5.250000 -5.750000 -1.250000
v -5.750000 -5.250000 -1.750000
v -5.437500 -5.250000 -1.750000
v -5.750000 -5.750000 -1.750000
v -5.250000 -5.750000 -1.750000
v -5.250000 -5.750000 -1.250000
v -5.750000 -5.750000 -1.250000
v -5.250000 -6.000000 -1.250000
v -5.750000 -6.000000 -1.250000
v -5.250000 -5.750000 -1.750000
v -5.750000 -5.750000 -1.750000
v -5.250000 -6.000000 -1.750000
v -5.750000 -6.000000 -1.750000
v 0.000000 0.000000 1.000000
v 0.000000 0.000000 0.000000
v 0.000000 -2.000000 1.000000
v 0.000000 -2.000000 0.000000
v 1.000000 0.000000 1.000000
v 1.000000 0.000000 0.000000
v 1.000000 -2.000000 1.000000
v 1.000000 -2.000000 0.000000
v 0.187500 0.000000 0.812500
v 0.187500 0.000000 0.187500
v 0.187500 -2.000000 0.812500
v 0.187500 -2.000000 0.187500
v 0.812500 0.000000 0.812500
v 0.812500 0.000000 0.187500
v 0.812500 -2.000000 0.812500
v 0.812500 -2.000000 0.187500
v -6.000000 -4.000000 1.000001
v -6.000000 -4.000000 0.000001
v -6.000000 -6.000000 1.000001
v -6.000000 -6.000000 0.000001
v -5.000000 -4.000000 1.000000
v -5.000000 -4.000000 0.000000
v -5.000000 -6.000000 1.000000
v -5.000000 -6.000000 0.000000
v -5.812500 -4.000000 0.812501
v -5.812500 -4.000000 0.187501
v -5.812500 -6.000000 0.812501
v -5.812500 -6.000000 0.187501
v -5.187500 -4.000000 0.812500
v -5.187500 -4.000000 0.187500
v -5.187500 -6.000000 0.812500
v -5.187500 -6.000000 0.187500
v -6.000000 -2.000000 1.000001
v -6.000000 -2.000000 0.000001
v -6.000000 -4.000000 1.000001
v -6.000000 -4.000000 0.000001
v -5.000000 -2.000000 1.000000
v -5.000000 -2.000000 0.000000
v -5.000000 -4.000000 1.000000
v -5.000000 -4.000000 0.000000
v -5.812500 -2.000000 0.812501
v -5.812500 -2.000000 0.187501
v -5.812500 -4.000000 0.812501
v -5.812500 -4.000000 0.187501
v -5.187500 -2.000000 0.812500
v -5.187500 -2.000000 0.187500
v -5.187500 -4.000000 0.812500
v -5.187500 -4.000000 0.187500
v -6.000000 1.999999 1.000001
v -6.000000 1.999999 0.000001
v -6.000000 0.000000 1.000001
v -6.000000 0.000000 0.000001
v -5.000000 2.000000 1.000000
v -5.000000 2.000000 -0.000000
v -5.000000 0.000000 1.000000
v -5.000000 0.000000 0.000000
v -5.812500 1.999999 0.812501
v -5.812500 1.999999 0.187501
v -5.812500 0.000000 0.812501
v -5.812500 0.000000 0.187501
v -5.187500 2.000000 0.812500
v -5.187500 2.000000 0.187500
v -5.187500 0.000000 0.812500
v -5.187500 0.000000 0.187500
v -6.000001 4.000000 1.000001
v -6.000001 4.000000 0.000001
v -6.000000 2.000000 1.000001
v -6.000000 2.000000 0.000001
v -5.000001 4.000000 1.000000
v -5.000001 4.000000 -0.000000
v -5.000000 2.000000 1.000000
v -5.000000 2.000000 -0.000000
v -5.812501 3.993750 0.812501
v -5.812501 3.993750 0.187501
v -5.812500 2.000000 0.812501
v -5.812500 2.000000 0.187501
v -5.187501 3.993750 0.812500
v -5.187501 3.993750 0.187500
v -5.187500 2.000000 0.812500
v -5.187500 2.000000 0.187500
v -6.000000 0.000000 1.000001
v -6.000000 0.000000 0.000001
v -6.000000 -2.000000 1.000001
v -6.000000 -2.000000 0.000001
v -5.000000 0.000000 1.000000
v -5.000000 0.000000 0.000000
v -5.000000 -2.000000 1.000000
v -5.000000 -2.000000 0.000000
v -5.812500 0.000000 0.812501
v -5.812500 0.000000 0.187501
v -5.812500 -2.000000 0.812501
v -5.812500 -2.000000 0.187501
v -5.187500 0.000000 0.812500
v -5.187500 0.000000 0.187500
v -5.187500 -2.000000 0.812500
v -5.187500 -2.000000 0.187500
v -6.000001 4.000000 1.000001
v -6.000001 4.000000 0.000001
v -6.000001 4.000000 1.000001
v -6.000001 4.000000 0.000001
v -5.000001 4.000000 1.000000
v -5.000001 4.000000 -0.000000
v -5.000001 4.000000 1.000000
v -5.000001 4.000000 -0.000000
v -6.250000 -2.000000 0.625001
v -6.250000 -2.000000 0.375001
v -6.250000 -4.000000 0.625001
v -6.250000 -4.000000 0.375001
v -6.000000 -2.000000 0.625001
v -6.000000 -2.000000 0.375001
v -6.000000 -4.000000 0.625001
v -6.000000 -4.000000 0.375001
v -6.250001 0.000000 0.625001
v -6.250001 0.000000 0.375001
v -6.250000 -2.000000 0.625001
v -6.250000 -2.000000 0.375001
v -6.000001 0.000000 0.625001
v -6.000001 0.000000 0.375001
v -6.000000 -2.000000 0.625001
v -6.000000 -2.000000 0.375001
v -6.250000 -4.000000 0.625001
v -6.250000 -4.000000 0.375001
v -6.250000 -6.000000 0.625001
v -6.250000 -6.000000 0.375001
v -6.000000 -4.000000 0.625001
v -6.000000 -4.000000 0.375001
v -6.000000 -6.000000 0.625001
v -6.000000 -6.000000 0.375001
v -6.250000 -2.437500 0.187501
v -6.250000 -2.562500 0.187501
v -6.000000 -2.437500 0.187501
v -6.000000 -2.562500 0.187501
v -6.250000 -2.406250 0.375001
v -6.250000 -2.593750 0.375001
v -6.000000 -2.406250 0.375001
v -6.000000 -2.593750 0.375001
v -6.250000 -2.062500 0.187501
v -6.250000 -2.187500 0.187501
v -6.000000 -2.062500 0.187501
v -6.000000 -2.187500 0.187501
v -6.250000 -2.031250 0.375001
v -6.250000 -2.218750 0.375001
v -6.000000 -2.031250 0.375001
v -6.000000 -2.218750 0.375001
v -6.250000 -3.187500 0.187501
v -6.250000 -3.312500 0.187501
v -6.000000 -3.187500 0.187501
v -6.000000 -3.312500 0.187501
v -6.250000 -3.156250 0.375001
v -6.250000 -3.343750 0.375001
v -6.000000 -3.156250 0.375001
v -6.000000 -3.343750 0.375001
v -6.250000 -2.812500 0.187501
v -6.250000 -2.937500 0.187501
v -6.000000 -2.812500 0.187501
v -6.000000 -2.937500 0.187501
v -6.250000 -2.781250 0.375001
v -6.250000 -2.968750 0.375001
v -6.000000 -2.781250 0.375001
v -6.000000 -2.968750 0.375001
v -6.250000 -3.562500 0.187501
v -6.250000 -3.687500 0.187501
v -6.000000 -3.562500 0.187501
v -6.000000 -3.687500 0.187501
v -6.250000 -3.531250 0.375001
v -6.250000 -3.718750 0.375001
v -6.000000 -3.531250 0.375001
v -6.000000 -3.718750 0.375001
v -6.250000 -4.312500 0.187501
v -6.250000 -4.437500 0.187501
v -6.000000 -4.312500 0.187501
v -6.000000 -4.437500 0.187501
v -6.250000 -4.281250 0.375001
v -6.250000 -4.468750 0.375001
v -6.000000 -4.281250 0.375001
v -6.000000 -4.468750 0.375001
v -6.250000 -3.937500 0.187501
v -6.250000 -4.062500 0.187501
v -6.000000 -3.937500 0.187501
v -6.000000 -4.062500 0.187501
v -6.250000 -3.906250 0.375001
v -6.250000 -4.093750 0.375001
v -6.000000 -3.906250 0.375001
v -6.000000 -4.093750 0.375001
v -6.250000 -5.062500 0.187501
v -6.250000 -5.187500 0.187501
v -6.000000 -5.062500 0.187501
v -6.000000 -5.187500 0.187501
v -6.250000 -5.031250 0.375001
v -6.250000 -5.218750 0.375001
v -6.000000 -5.031250 0.375001
v -6.000000 -5.218750 0.375001
v -6.250000 -4.687500 0.187501
v -6.250000 -4.812500 0.187501
v -6.000000 -4.687500 0.187501
v -6.000000 -4.812500 0.187501
v -6.250000 -4.656250 0.375001
v -6.250000 -4.843750 0.375001
v -6.000000 -4.656250 0.375001
v -6.000000 -4.843750 0.375001
v -6.250000 -5.437500 0.187501
v -6.250000 -5.562500 0.187501
v -6.000000 -5.437500 0.187501
v -6.000000 -5.562500 0.187501
v -6.250000 -5.406250 0.375001
v -6.250000 -5.593750 0.375001
v -6.000000 -5.406250 0.375001
v -6.000000 -5.593750 0.375001
v -6.250000 -0.562500 0.187501
v -6.250000 -0.687500 0.187501
v -6.000000 -0.562500 0.187501
v -6.000000 -0.687500 0.187501
v -6.250000 -0.531250 0.375001
v -6.250000 -0.718750 0.375001
v -6.000000 -0.531250 0.375001
v -6.000000 -0.718750 0.375001
v -6.250001 -0.187500 0.187501
v -6.250000 -0.312500 0.187501
v -6.000001 -0.187500 0.187501
v -6.000000 -0.312500 0.187501
v -6.250001 -0.156250 0.375001
v -6.250000 -0.343750 0.375001
v -6.000001 -0.156250 0.375001
v -6.000000 -0.343750 0.375001
v -6.250000 -1.312500 0.187501
v -6.250000 -1.437500 0.187501
v -6.000000 -1.312500 0.187501
v -6.000000 -1.437500 0.187501
v -6.250000 -1.281250 0.375001
v -6.250000 -1.468750 0.375001
v -6.000000 -1.281250 0.375001
v -6.000000 -1.468750 0.375001
v -6.250000 -0.937500 0.187501
v -6.250000 -1.062500 0.187501
v -6.000000 -0.937500 0.187501
v -6.000000 -1.062500 0.187501
v -6.250000 -0.906250 0.375001
v -6.250000 -1.093750 0.375001
v -6.000000 -0.906250 0.375001
v -6.000000 -1.093750 0.375001
v -6.250000 -1.687500 0.187501
v -6.250000 -1.812500 0.187501
v -6.000000 -1.687500 0.187501
v -6.000000 -1.812500 0.187501
v -6.250000 -1.656250 0.375001
v -6.250000 -1.843750 0.375001
v -6.000000 -1.656250 0.375001
v -6.000000 -1.843750 0.375001
v -6.250000 -0.562500 0.812501
v -6.250000 -0.687500 0.812501
v -6.000000 -0.562500 0.812501
v -6.000000 -0.687500 0.812501
v -6.250000 -0.531250 0.625001
v -6.250000 -0.718750 0.625001
v -6.000000 -0.531250 0.625001
v -6.000000 -0.718750 0.625001
v -6.250000 -0.187500 0.812501
v -6.250000 -0.312500 0.812501
v -6.000000 -0.187500 0.812501
v -6.000000 -0.312500 0.812501
v -6.250000 -0.156250 0.625001
v -6.250000 -0.343750 0.625001
v -6.000000 -0.156250 0.625001
v -6.000000 -0.343750 0.625001
v -6.250000 -1.312500 0.812501
v -6.250000 -1.437500 0.812501
v -6.000000 -1.312500 0.812501
v -6.000000 -1.437500 0.812501
v -6.250000 -1.281250 0.625001
v -6.250000 -1.468750 0.625001
v -6.000000 -1.281250 0.625001
v -6.000000 -1.468750 0.625001
v -6.250000 -0.937500 0.812501
v -6.250000 -1.062500 0.812501
v -6.000000 -0.937500 0.812501
v -6.000000 -1.062500 0.812501
v -6.250000 -0.906250 0.625001
v -6.250000 -1.093750 0.625001
v -6.000000 -0.906250 0.625001
v -6.000000 -1.093750 0.625001
v -6.250000 -1.687500 0.812501
v -6.250000 -1.812500 0.812501
v -6.000000 -1.687500 0.812501
v -6.000000 -1.812500 0.812501
v -6.250000 -1.656250 0.625001
v -6.250000 -1.843750 0.625001
v -6.000000 -1.656250 0.625001
v -6.000000 -1.843750 0.625001
v -6.250000 -2.437500 0.812501
v -6.250000 -2.562500 0.812501
v -6.000000 -2.437500 0.812501
v -6.000000 -2.562500 0.812501
v -6.250000 -2.406250 0.625001
v -6.250000 -2.593750 0.625001
v -6.000000 -2.406250 0.625001
v -6.000000 -2.593750 0.625001
v -6.250000 -2.062500 0.812501
v -6.250000 -2.187500 0.812501
v -6.000000 -2.062500 0.812501
v -6.000000 -2.187500 0.812501
v -6.250000 -2.031250 0.625001
v -6.250000 -2.218750 0.625001
v -6.000000 -2.031250 0.625001
v -6.000000 -2.218750 0.625001
v -6.250000 -3.187500 0.812501
v -6.250000 -3.312500 0.812501
v -6.000000 -3.187500 0.812501
v -6.000000 -3.312500 0.812501
v -6.250000 -3.156250 0.625001
v -6.250000 -3.343750 0.625001
v -6.000000 -3.156250 0.625001
v -6.000000 -3.343750 0.625001
v -6.250000 -2.812500 0.812501
v -6.250000 -2.937500 0.812501
v -6.000000 -2.812500 0.812501
v -6.000000 -2.937500 0.812501
v -6.250000 -2.781250 0.625001
v -6.250000 -2.968750 0.625001
v -6.000000 -2.781250 0.625001
v -6.000000 -2.968750 0.625001
v -6.250000 -3.562500 0.812501
v -6.250000 -3.687500 0.812501
v -6.000000 -3.562500 0.812501
v -6.000000 -3.687500 0.812501
v -6.250000 -3.531250 0.625001
v -6.250000 -3.718750 0.625001
v -6.000000 -3.531250 0.625001
v -6.000000 -3.718750 0.625001
v -6.250000 -4.312500 0.812501
v -6.250000 -4.437500 0.812501
v -6.000000 -4.312500 0.812501
v -6.000000 -4.437500 0.812501
v -6.250000 -4.281250 0.625001
v -6.250000 -4.468750 0.625001
v -6.000000 -4.281250 0.625001
v -6.000000 -4.468750 0.625001
v -6.250000 -3.937500 0.812501
v -6.250000 -4.062500 0.812501
v -6.000000 -3.937500 0.812501
v -6.000000 -4.062500 0.812501
v -6.250000 -3.906250 0.625001
v -6.250000 -4.093750 0.625001
v -6.000000 -3.906250 0.625001
v -6.000000 -4.093750 0.625001
v -6.250000 -5.062500 0.812501
v -6.250000 -5.187500 0.812501
v -6.000000 -5.062500 0.812501
v -6.000000 -5.187500 0.812501
v -6.250000 -5.031250 0.625001
v -6.250000 -5.218750 0.625001
v -6.000000 -5.031250 0.625001
v -6.000000 -5.218750 0.625001
v -6.250000 -4.687500 0.812501
v -6.250000 -4.812500 0.812501
v -6.000000 -4.687500 0.812501
v -6.000000 -4.812500 0.812501
v -6.250000 -4.656250 0.625001
v -6.250000 -4.843750 0.625001
v -6.000000 -4.656250 0.625001
v -6.000000 -4.843750 0.625001
v -6.250000 -5.437500 0.812501
v -6.250000 -5.562500 0.812501
v -6.000000 -5.437500 0.812501
v -6.000000 -5.562500 0.812501
v -6.250000 -5.406250 0.625001
v -6.250000 -5.593750 0.625001
v -6.000000 -5.406250 0.625001
v -6.000000 -5.593750 0.625001
v -5.000000 -2.000000 0.625000
v -5.000000 -2.000000 0.375000
v -5.000000 -4.000000 0.625000
v -5.000000 -4.000000 0.375000
v -4.750000 -2.000000 0.625000
v -4.750000 -2.000000 0.375000
v -4.750000 -4.000000 0.625000
v -4.750000 -4.000000 0.375000
v -5.000000 0.000000 0.625000
v -5.000000 0.000000 0.375000
v -5.000000 -2.000000 0.625000
v -5.000000 -2.000000 0.375000
v -4.750000 0.000000 0.625000
v -4.750000 0.000000 0.375000
v -4.750000 -2.000000 0.625000
v -4.750000 -2.000000 0.375000
v -5.000000 -4.000000 0.625000
v -5.000000 -4.000000 0.375000
v -5.000000 -6.000000 0.625000
v -5.000000 -6.000000 0.375000
v -4.750000 -4.000000 0.625000
v -4.750000 -4.000000 0.375000
v -4.750000 -6.000000 0.625000
v -4.750000 -6.000000 0.375000
v -5.000000 -2.437500 0.187500
v -5.000000 -2.562500 0.187500
v -4.750000 -2.437500 0.187500
v -4.750000 -2.562500 0.187500
v -5.000000 -2.406250 0.375000
v -5.000000 -2.593750 0.375000
v -4.750000 -2.406250 0.375000
v -4.750000 -2.593750 0.375000
v -5.000000 -2.062500 0.187500
v -5.000000 -2.187500 0.187500
v -4.750000 -2.062500 0.187500
v -4.750000 -2.187500 0.187500
v -5.000000 -2.031250 0.375000
v -5.000000 -2.218750 0.375000
v -4.750000 -2.031250 0.375000
v -4.750000 -2.218750 0.375000
v -5.000000 -3.187500 0.187500
v -5.000000 -3.312500 0.187500
v -4.750000 -3.187500 0.187500
v -4.750000 -3.312500 0.187500
v -5.000000 -3.156250 0.375000
v -5.000000 -3.343750 0.375000
v -4.750000 -3.156250 0.375000
v -4.750000 -3.343750 0.375000
v -5.000000 -2.812500 0.187500
v -5.000000 -2.937500 0.187500
v -4.750000 -2.812500 0.187500
v -4.750000 -2.937500 0.187500
v -5.000000 -2.781250 0.375000
v -5.000000 -2.968750 0.375000
v -4.750000 -2.781250 0.375000
v -4.750000 -2.968750 0.375000
v -5.000000 -3.562500 0.187500
v -5.000000 -3.687500 0.187500
v -4.750000 -3.562500 0.187500
v -4.750000 -3.687500 0.187500
v -5.000000 -3.531250 0.375000
v -5.000000 -3.718750 0.375000
v -4.750000 -3.531250 0.375000
v -4.750000 -3.718750 0.375000
v -5.000000 -4.312500 0.187500
v -5.000000 -4.437500 0.187500
v -4.750000 -4.312500 0.187500
v -4.750000 -4.437500 0.187500
v -5.000000 -4.281250 0.375000
v -5.000000 -4.468750 0.375000
v -4.750000 -4.281250 0.375000
v -4.750000 -4.468750 0.375000
v -5.000000 -3.937500 0.187500
v -5.000000 -4.062500 0.187500
v -4.750000 -3.937500 0.187500
v -4.750000 -4.062500 0.187500
v -5.000000 -3.906250 0.375000
v -5.000000 -4.093750 0.375000
v -4.750000 -3.906250 0.375000
v -4.750000 -4.093750 0.375000
v -5.000000 -5.062500 0.187500
v -5.000000 -5.187500 0.187500
v -4.750000 -5.062500 0.187500
v -4.750000 -5.187500 0.187500
v -5.000000 -5.031250 0.375000
v -5.000000 -5.218750 0.375000
v -4.750000 -5.031250 0.375000
v -4.750000 -5.218750 0.375000
v -5.000000 -4.687500 0.187500
v -5.000000 -4.812500 0.187500
v -4.750000 -4.687500 0.187500
v -4.750000 -4.812500 0.187500
v -5.000000 -4.656250 0.375000
v -5.000000 -4.843750 0.375000
v -4.750000 -4.656250 0.375000
v -4.750000 -4.843750 0.375000
v -5.000000 -5.437500 0.187500
v -5.000000 -5.562500 0.187500
v -4.750000 -5.437500 0.187500
v -4.750000 -5.562500 0.187500
v -5.000000 -5.406250 0.375000
v -5.000000 -5.593750 0.375000
v -4.750000 -5.406250 0.375000
v -4.750000 -5.593750 0.375000
v -5.000000 -0.562500 0.187500
v -5.000000 -0.687500 0.187500
v -4.750000 -0.562500 0.187500
v -4.750000 -0.687500 0.187500
v -5.000000 -0.531250 0.375000
v -5.000000 -0.718750 0.375000
v -4.750000 -0.531250 0.375000
v -4.750000 -0.718750 0.375000
v -5.000000 -0.187500 0.187500
v -5.000000 -0.312500 0.187500
v -4.750000 -0.187500 0.187500
v -4.750000 -0.312500 0.187500
v -5.000000 -0.156250 0.375000
v -5.000000 -0.343750 0.375000
v -4.750000 -0.156250 0.375000
v -4.750000 -0.343750 0.375000
v -5.000000 -1.312500 0.187500
v -5.000000 -1.437500 0.187500
v -4.750000 -1.312500 0.187500
v -4.750000 -1.437500 0.187500
v -5.000000 -1.281250 0.375000
v -5.000000 -1.468750 0.375000
v -4.750000 -1.281250 0.375000
v -4.750000 -1.468750 0.375000
v -5.000000 -0.937500 0.187500
v -5.000000 -1.062500 0.187500
v -4.750000 -0.937500 0.187500
v -4.750000 -1.062500 0.187500
v -5.000000 -0.906250 0.375000
v -5.000000 -1.093750 0.375000
v -4.750000 -0.906250 0.375000
v -4.750000 -1.093750 0.375000
v -5.000000 -1.687500 0.187500
v -5.000000 -1.812500 0.187500
v -4.750000 -1.687500 0.187500
v -4.750000 -1.812500 0.187500
v -5.000000 -1.656250 0.375000
v -5.000000 -1.843750 0.375000
v -4.750000 -1.656250 0.375000
v -4.750000 -1.843750 0.375000
v -5.000000 -0.562500 0.812500
v -5.000000 -0.687500 0.812500
v -4.750000 -0.562500 0.812500
v -4.750000 -0.687500 0.812500
v -5.000000 -0.531250 0.625000
v -5.000000 -0.718750 0.625000
v -4.750000 -0.531250 0.625000
v -4.750000 -0.718750 0.625000
v -5.000000 -0.187500 0.812500
v -5.000000 -0.312500 0.812500
v -4.750000 -0.187500 0.812500
v -4.750000 -0.312500 0.812500
v -5.000000 -0.156250 0.625000
v -5.000000 -0.343750 0.625000
v -4.750000 -0.156250 0.625000
v -4.750000 -0.343750 0.625000
v -5.000000 -1.312500 0.812500
v -5.000000 -1.437500 0.812500
v -4.750000 -1.312500 0.812500
v -4.750000 -1.437500 0.812500
v -5.000000 -1.281250 0.625000
v -5.000000 -1.468750 0.625000
v -4.750000 -1.281250 0.625000
v -4.750000 -1.468750 0.625000
v -5.000000 -0.937500 0.812500
v -5.000000 -1.062500 0.812500
v -4.750000 -0.937500 0.812500
v -4.750000 -1.062500 0.812500
v -5.000000 -0.906250 0.625000
v -5.000000 -1.093750 0.625000
v -4.750000 -0.906250 0.625000
v -4.750000 -1.093750 0.625000
v -5.000000 -1.687500 0.812500
v -5.000000 -1.812500 0.812500
v -4.750000 -1.687500 0.812500
v -4.750000 -1.812500 0.812500
v -5.000000 -1.656250 0.625000
v -5.000000 -1.843750 0.625000
v -4.750000 -1.656250 0.625000
v -4.750000 -1.843750 0.625000
v -5.000000 -2.437500 0.812500
v -5.000000 -2.562500 0.812500
v -4.750000 -2.437500 0.812500
v -4.750000 -2.562500 0.812500
v -5.000000 -2.406250 0.625000
v -5.000000 -2.593750 0.625000
v -4.750000 -2.406250 0.625000
v -4.750000 -2.593750 0.625000
v -5.000000 -2.062500 0.812500
v -5.000000 -2.187500 0.812500
v -4.750000 -2.062500 0.812500
v -4.750000 -2.187500 0.812500
v -5.000000 -2.031250 0.625000
v -5.000000 -2.218750 0.625000
v -4.750000 -2.031250 0.625000
v -4.750000 -2.218750 0.625000
v -5.000000 -3.187500 0.812500
v -5.000000 -3.312500 0.812500
v -4.750000 -3.187500 0.812500
v -4.750000 -3.312500 0.812500
v -5.000000 -3.156250 0.625000
v -5.000000 -3.343750 0.625000
v -4.750000 -3.156250 0.625000
v -4.750000 -3.343750 0.625000
v -5.000000 -2.812500 0.812500
v -5.000000 -2.937500 0.812500
v -4.750000 -2.812500 0.812500
v -4.750000 -2.937500 0.812500
v -5.000000 -2.781250 0.625000
v -5.000000 -2.968750 0.625000
v -4.750000 -2.781250 0.625000
v -4.750000 -2.968750 0.625000
v -5.000000 -3.562500 0.812500
v -5.000000 -3.687500 0.812500
v -4.750000 -3.562500 0.812500
v -4.750000 -3.687500 0.812500
v -5.000000 -3.531250 0.625000
v -5.000000 -3.718750 0.625000
v -4.750000 -3.531250 0.625000
v -4.750000 -3.718750 0.625000
v -5.000000 -4.312500 0.812500
v -5.000000 -4.437500 0.812500
v -4.750000 -4.312500 0.812500
v -4.750000 -4.437500 0.812500
v -5.000000 -4.281250 0.625000
v -5.000000 -4.468750 0.625000
v -4.750000 -4.281250 0.625000
v -4.750000 -4.468750 0.625000
v -5.000000 -3.937500 0.812500
v -5.000000 -4.062500 0.812500
v -4.750000 -3.937500 0.812500
v -4.750000 -4.062500 0.812500
v -5.000000 -3.906250 0.625000
v -5.000000 -4.093750 0.625000
v -4.750000 -3.906250 0.625000
v -4.750000 -4.093750 0.625000
v -5.000000 -5.062500 0.812500
v -5.000000 -5.187500 0.812500
v -4.750000 -5.062500 0.812500
v -4.750000 -5.187500 0.812500
v -5.000000 -5.031250 0.625000
v -5.000000 -5.218750 0.625000
v -4.750000 -5.031250 0.625000
v -4.750000 -5.218750 0.625000
v -5.000000 -4.687500 0.812500
v -5.000000 -4.812500 0.812500
v -4.750000 -4.687500 0.812500
v -4.750000 -4.812500 0.812500
v -5.000000 -4.656250 0.625000
v -5.000000 -4.843750 0.625000
v -4.750000 -4.656250 0.625000
v -4.750000 -4.843750 0.625000
v -5.000000 -5.437500 0.812500
v -5.000000 -5.562500 0.812500
v -4.750000 -5.437500 0.812500
v -4.750000 -5.562500 0.812500
v -5.000000 -5.406250 0.625000
v -5.000000 -5.593750 0.625000
v -4.750000 -5.406250 0.625000
v -4.750000 -5.593750 0.625000
v 0.000000 -4.000000 1.000000
v 0.000000 -4.000000 0.000000
v 0.000000 -6.000000 1.000000
v 0.000000 -6.000000 0.000000
v 1.000000 -4.000000 1.000000
v 1.000000 -4.000000 0.000000
v 1.000000 -6.000000 1.000000
v 1.000000 -6.000000 0.000000
v 0.187500 -4.000000 0.812500
v 0.187500 -4.000000 0.187500
v 0.187500 -6.000000 0.812500
v 0.187500 -6.000000 0.187500
v 0.812500 -4.000000 0.812500
v 0.812500 -4.000000 0.187500
v 0.812500 -6.000000 0.812500
v 0.812500 -6.000000 0.187500
v 0.000000 -2.000000 1.000000
v 0.000000 -2.000000 0.000000
v 0.000000 -4.000000 1.000000
v 0.000000 -4.000000 0.000000
v 1.000000 -2.000000 1.000000
v 1.000000 -2.000000 0.000000
v 1.000000 -4.000000 1.000000
v 1.000000 -4.000000 0.000000
v 0.187500 -2.000000 0.812500
v 0.187500 -2.000000 0.187500
v 0.187500 -4.000000 0.812500
v 0.187500 -4.000000 0.187500
v 0.812500 -2.000000 0.812500
v 0.812500 -2.000000 0.187500
v 0.812500 -4.000000 0.812500
v 0.812500 -4.000000 0.187500
v 0.000000 2.000000 1.000000
v 0.000000 2.000000 -0.000000
v 0.000000 0.000000 1.000000
v 0.000000 0.000000 0.000000
v 1.000000 2.000000 1.000000
v 1.000000 2.000000 -0.000000
v 1.000000 0.000000 1.000000
v 1.000000 0.000000 0.000000
v 0.187500 2.000000 0.812500
v 0.187500 2.000000 0.187500
v 0.187500 0.000000 0.812500
v 0.187500 0.000000 0.187500
v 0.812500 2.000000 0.812500
v 0.812500 2.000000 0.187500
v 0.812500 0.000000 0.812500
v 0.812500 0.000000 0.187500
v -0.000001 4.000000 1.000000
v -0.000001 4.000000 -0.000000
v -0.000001 2.000000 1.000000
v -0.000001 2.000000 -0.000000
v 0.999999 4.000001 1.000000
v 0.999999 4.000001 -0.000000
v 0.999999 2.000001 1.000000
v 0.999999 2.000001 -0.000000
v 0.187499 3.993750 0.812500
v 0.187499 3.993750 0.187500
v 0.187499 2.000000 0.812500
v 0.187499 2.000000 0.187500
v 0.812499 3.993751 0.812500
v 0.812499 3.993751 0.187500
v 0.812499 2.000001 0.812500
v 0.812499 2.000001 0.187500
v 0.999999 -2.000000 -5.375000
v 0.999999 -2.000000 -5.625000
v 1.000000 -4.000000 -5.375000
v 1.000000 -4.000000 -5.625000
v 1.249999 -2.000000 -5.375000
v 1.249999 -2.000000 -5.625000
v 1.250000 -4.000000 -5.375000
v 1.250000 -4.000000 -5.625000
v 0.999999 -0.000000 -5.375000
v 0.999999 -0.000000 -5.625000
v 0.999999 -2.000000 -5.375000
v 0.999999 -2.000000 -5.625000
v 1.249999 -0.000000 -5.375000
v 1.249999 -0.000000 -5.625000
v 1.249999 -2.000000 -5.375000
v 1.249999 -2.000000 -5.625000
v 1.000000 -4.000000 -5.375000
v 1.000000 -4.000000 -5.625000
v 1.000000 -6.000000 -5.375000
v 1.000000 -6.000000 -5.625000
v 1.250000 -4.000000 -5.375000
v 1.250000 -4.000000 -5.625000
v 1.250000 -6.000000 -5.375000
v 1.250000 -6.000000 -5.625000
v -0.000001 4.000000 1.000000
v -0.000001 4.000000 -0.000000
v -0.000001 4.000000 1.000000
v -0.000001 4.000000 -0.000000
v 0.999999 4.000001 1.000000
v 0.999999 4.000001 -0.000000
v 0.999999 4.000001 1.000000
v 0.999999 4.000001 -0.000000
v -0.250000 -1.999999 0.625000
v -0.250000 -1.999999 0.375000
v -0.250000 -4.000000 0.625000
v -0.250000 -4.000000 0.375000
v 0.000000 -1.999999 0.625000
v 0.000000 -1.999999 0.375000
v 0.000000 -4.000000 0.625000
v 0.000000 -4.000000 0.375000
v -0.250001 0.000001 0.625000
v -0.250001 0.000001 0.375000
v -0.250000 -1.999999 0.625000
v -0.250000 -1.999999 0.375000
v -0.000001 0.000001 0.625000
v -0.000001 0.000001 0.375000
v 0.000000 -1.999999 0.625000
v 0.000000 -1.999999 0.375000
v -0.250000 -4.000000 0.625000
v -0.250000 -4.000000 0.375000
v -0.250000 -6.000000 0.625000
v -0.250000 -6.000000 0.375000
v 0.000000 -4.000000 0.625000
v 0.000000 -4.000000 0.375000
v 0.000000 -6.000000 0.625000
v 0.000000 -6.000000 0.375000
v -0.250000 -2.437499 0.187500
v -0.250000 -2.562499 0.187500
v 0.000000 -2.437499 0.187500
v 0.000000 -2.562499 0.187500
v -0.250000 -2.406249 0.375000
v -0.250000 -2.593750 0.375000
v 0.000000 -2.406249 0.375000
v 0.000000 -2.593750 0.375000
v -0.250000 -2.062500 0.187500
v -0.250000 -2.187500 0.187500
v 0.000000 -2.062499 0.187500
v 0.000000 -2.187499 0.187500
v -0.250000 -2.031250 0.375000
v -0.250000 -2.218750 0.375000
v 0.000000 -2.031249 0.375000
v 0.000000 -2.218749 0.375000
v -0.250000 -3.187500 0.187500
v -0.250000 -3.312500 0.187500
v 0.000000 -3.187500 0.187500
v 0.000000 -3.312500 0.187500
v -0.250000 -3.156250 0.375000
v -0.250000 -3.343750 0.375000
v 0.000000 -3.156250 0.375000
v 0.000000 -3.343750 0.375000
v -0.250000 -2.812500 0.187500
v -0.250000 -2.937500 0.187500
v 0.000000 -2.812500 0.187500
v 0.000000 -2.937500 0.187500
v -0.250000 -2.781250 0.375000
v -0.250000 -2.968750 0.375000
v 0.000000 -2.781250 0.375000
v 0.000000 -2.968750 0.375000
v -0.250000 -3.562500 0.187500
v -0.250000 -3.687500 0.187500
v 0.000000 -3.562500 0.187500
v 0.000000 -3.687500 0.187500
v -0.250000 -3.531250 0.375000
v -0.250000 -3.718750 0.375000
v 0.000000 -3.531250 0.375000
v 0.000000 -3.718750 0.375000
v -0.250000 -4.312500 0.187500
v -0.250000 -4.437500 0.187500
v 0.000000 -4.312500 0.187500
v 0.000000 -4.437500 0.187500
v -0.250000 -4.281250 0.375000
v -0.250000 -4.468750 0.375000
v 0.000000 -4.281250 0.375000
v 0.000000 -4.468750 0.375000
v -0.250000 -3.937500 0.187500
v -0.250000 -4.062500 0.187500
v 0.000000 -3.937500 0.187500
v 0.000000 -4.062500 0.187500
v -0.250000 -3.906250 0.375000
v -0.250000 -4.093750 0.375000
v 0.000000 -3.906250 0.375000
v 0.000000 -4.093750 0.375000
v -0.250000 -5.062500 0.187500
v -0.250000 -5.187500 0.187500
v 0.000000 -5.062500 0.187500
v 0.000000 -5.187500 0.187500
v -0.250000 -5.031250 0.375000
v -0.250000 -5.218750 0.375000
v 0.000000 -5.031250 0.375000
v 0.000000 -5.218750 0.375000
v -0.250000 -4.687500 0.187500
v -0.250000 -4.812500 0.187500
v 0.000000 -4.687500 0.187500
v 0.000000 -4.812500 0.187500
v -0.250000 -4.656250 0.375000
v -0.250000 -4.843750 0.375000
v 0.000000 -4.656250 0.375000
v 0.000000 -4.843750 0.375000
v -0.250000 -5.437500 0.187500
v -0.250000 -5.562500 0.187500
v 0.000000 -5.437500 0.187500
v 0.000000 -5.562500 0.187500
v -0.250000 -5.406250 0.375000
v -0.250000 -5.593750 0.375000
v 0.000000 -5.406250 0.375000
v 0.000000 -5.593750 0.375000
v -0.250000 -0.562499 0.187500
v -0.250000 -0.687499 0.187500
v 0.000000 -0.562499 0.187500
v 0.000000 -0.687499 0.187500
v -0.250000 -0.531249 0.375000
v -0.250000 -0.718749 0.375000
v 0.000000 -0.531249 0.375000
v 0.000000 -0.718749 0.375000
v -0.250001 -0.187499 0.187500
v -0.250000 -0.312499 0.187500
v -0.000001 -0.187499 0.187500
v 0.000000 -0.312499 0.187500
v -0.250001 -0.156249 0.375000
v -0.250000 -0.343749 0.375000
v -0.000001 -0.156249 0.375000
v 0.000000 -0.343749 0.375000
v -0.250000 -1.312499 0.187500
v -0.250000 -1.437499 0.187500
v 0.000000 -1.312499 0.187500
v 0.000000 -1.437499 0.187500
v -0.250000 -1.281249 0.375000
v -0.250000 -1.468749 0.375000
v 0.000000 -1.281249 0.375000
v 0.000000 -1.468749 0.375000
v -0.250000 -0.937499 0.187500
v -0.250000 -1.062499 0.187500
v 0.000000 -0.937499 0.187500
v 0.000000 -1.062499 0.187500
v -0.250000 -0.906249 0.375000
v -0.250000 -1.093749 0.375000
v 0.000000 -0.906249 0.375000
v 0.000000 -1.093749 0.375000
v -0.250000 -1.687499 0.187500
v -0.250000 -1.812499 0.187500
v 0.000000 -1.687499 0.187500
v 0.000000 -1.812499 0.187500
v -0.250000 -1.656249 0.375000
v -0.250000 -1.843749 0.375000
v 0.000000 -1.656249 0.375000
v 0.000000 -1.843749 0.375000
v -0.250000 -0.562499 0.812500
v -0.250000 -0.687499 0.812500
v 0.000000 -0.562499 0.812500
v 0.000000 -0.687499 0.812500
v -0.250000 -0.531249 0.625000
v -0.250000 -0.718749 0.625000
v 0.000000 -0.531249 0.625000
v 0.000000 -0.718749 0.625000
v -0.250000 -0.187499 0.812500
v -0.250000 -0.312499 0.812500
v 0.000000 -0.187499 0.812500
v 0.000000 -0.312499 0.812500
v -0.250000 -0.156249 0.625000
v -0.250000 -0.343749 0.625000
v 0.000000 -0.156249 0.625000
v 0.000000 -0.343749 0.625000
v -0.250000 -1.312499 0.812500
v -0.250000 -1.437499 0.812500
v 0.000000 -1.312499 0.812500
v 0.000000 -1.437499 0.812500
v -0.250000 -1.281249 0.625000
v -0.250000 -1.468749 0.625000
v 0.000000 -1.281249 0.625000
v 0.000000 -1.468749 0.625000
v -0.250000 -0.937499 0.812500
v -0.250000 -1.062499 0.812500
v 0.000000 -0.937499 0.812500
v 0.000000 -1.062499 0.812500
v -0.250000 -0.906249 0.625000
v -0.250000 -1.093749 0.625000
v 0.000000 -0.906249 0.625000
v 0.000000 -1.093749 0.625000
v -0.250000 -1.687499 0.812500
v -0.250000 -1.812499 0.812500
v 0.000000 -1.687499 0.812500
v 0.000000 -1.812499 0.812500
v -0.250000 -1.656249 0.625000
v -0.250000 -1.843749 0.625000
v 0.000000 -1.656249 0.625000
v 0.000000 -1.843749 0.625000
v -0.250000 -2.437499 0.812500
v -0.250000 -2.562499 0.812500
v 0.000000 -2.437499 0.812500
v 0.000000 -2.562499 0.812500
v -0.250000 -2.406249 0.625000
v -0.250000 -2.593750 0.625000
v 0.000000 -2.406249 0.625000
v 0.000000 -2.593750 0.625000
v -0.250000 -2.062500 0.812500
v -0.250000 -2.187500 0.812500
v 0.000000 -2.062499 0.812500
v 0.000000 -2.187499 0.812500
v -0.250000 -2.031250 0.625000
v -0.250000 -2.218750 0.625000
v 0.000000 -2.031249 0.625000
v 0.000000 -2.218749 0.625000
v -0.250000 -3.187500 0.812500
v -0.250000 -3.312500 0.812500
v 0.000000 -3.187500 0.812500
v 0.000000 -3.312500 0.812500
v -0.250000 -3.156250 0.625000
v -0.250000 -3.343750 0.625000
v 0.000000 -3.156250 0.625000
v 0.000000 -3.343750 0.625000
v -0.250000 -2.812500 0.812500
v -0.250000 -2.937500 0.812500
v 0.000000 -2.812500 0.812500
v 0.000000 -2.937500 0.812500
v -0.250000 -2.781250 0.625000
v -0.250000 -2.968750 0.625000
v 0.000000 -2.781250 0.625000
v 0.000000 -2.968750 0.625000
v -0.250000 -3.562500 0.812500
v -0.250000 -3.687500 0.812500
v 0.000000 -3.562500 0.812500
v 0.000000 -3.687500 0.812500
v -0.250000 -3.531250 0.625000
v -0.250000 -3.718750 0.625000
v 0.000000 -3.531250 0.625000
v 0.000000 -3.718750 0.625000
v -0.250000 -4.312500 0.812500
v -0.250000 -4.437500 0.812500
v 0.000000 -4.312500 0.812500
v 0.000000 -4.437500 0.812500
v -0.250000 -4.281250 0.625000
v -0.250000 -4.468750 0.625000
v 0.000000 -4.281250 0.625000
v 0.000000 -4.468750 0.625000
v -0.250000 -3.937500 0.812500
v -0.250000 -4.062500 0.812500
v 0.000000 -3.937500 0.812500
v 0.000000 -4.062500 0.812500
v -0.250000 -3.906250 0.625000
v -0.250000 -4.093750 0.625000
v 0.000000 -3.906250 0.625000
v 0.000000 -4.093750 0.625000
v -0.250000 -5.062500 0.812500
v -0.250000 -5.187500 0.812500
v 0.000000 -5.062500 0.812500
v 0.000000 -5.187500 0.812500
v -0.250000 -5.031250 0.625000
v -0.250000 -5.218750 0.625000
v 0.000000 -5.031250 0.625000
v 0.000000 -5.218750 0.625000
v -0.250000 -4.687500 0.812500
v -0.250000 -4.812500 0.812500
v 0.000000 -4.687500 0.812500
v 0.000000 -4.812500 0.812500
v -0.250000 -4.656250 0.625000
v -0.250000 -4.843750 0.625000
v 0.000000 -4.656250 0.625000
v 0.000000 -4.843750 0.625000
v -0.250000 -5.437500 0.812500
v -0.250000 -5.562500 0.812500
v 0.000000 -5.437500 0.812500
v 0.000000 -5.562500 0.812500
v -0.250000 -5.406250 0.625000
v -0.250000 -5.593750 0.625000
v 0.000000 -5.406250 0.625000
v 0.000000 -5.593750 0.625000
v 1.000000 -2.000000 0.625000
v 1.000000 -2.000000 0.375000
v 1.000000 -4.000000 0.625000
v 1.000000 -4.000000 0.375000
v 1.250000 -2.000000 0.625000
v 1.250000 -2.000000 0.375000
v 1.250000 -4.000000 0.625000
v 1.250000 -4.000000 0.375000
v 0.999999 0.000000 0.625000
v 0.999999 0.000000 0.375000
v 1.000000 -2.000000 0.625000
v 1.000000 -2.000000 0.375000
v 1.249999 0.000000 0.625000
v 1.249999 0.000000 0.375000
v 1.250000 -2.000000 0.625000
v 1.250000 -2.000000 0.375000
v 1.000000 -4.000000 0.625000
v 1.000000 -4.000000 0.375000
v 1.000000 -6.000000 0.625000
v 1.000000 -6.000000 0.375000
v 1.250000 -4.000000 0.625000
v 1.250000 -4.000000 0.375000
v 1.250000 -6.000000 0.625000
v 1.250000 -6.000000 0.375000
v 1.000000 -2.437500 0.187500
v 1.000000 -2.562500 0.187500
v 1.250000 -2.437500 0.187500
v 1.250000 -2.562500 0.187500
v 1.000000 -2.406250 0.375000
v 1.000000 -2.593750 0.375000
v 1.250000 -2.406250 0.375000
v 1.250000 -2.593750 0.375000
v 1.000000 -2.062500 0.187500
v 1.000000 -2.187500 0.187500
v 1.250000 -2.062500 0.187500
v 1.250000 -2.187500 0.187500
v 1.000000 -2.031250 0.375000
v 1.000000 -2.218750 0.375000
v 1.250000 -2.031250 0.375000
v 1.250000 -2.218750 0.375000
v 1.000000 -3.187500 0.187500
v 1.000000 -3.312500 0.187500
v 1.250000 -3.187500 0.187500
v 1.250000 -3.312500 0.187500
v 1.000000 -3.156250 0.375000
v 1.000000 -3.343750 0.375000
v 1.250000 -3.156250 0.375000
v 1.250000 -3.343750 0.375000
v 1.000000 -2.812500 0.187500
v 1.000000 -2.937500 0.187500
v 1.250000 -2.812500 0.187500
v 1.250000 -2.937500 0.187500
v 1.000000 -2.781250 0.375000
v 1.000000 -2.968750 0.375000
v 1.250000 -2.781250 0.375000
v 1.250000 -2.968750 0.375000
v 1.000000 -3.562500 0.187500
v 1.000000 -3.687500 0.187500
v 1.250000 -3.562500 0.187500
v 1.250000 -3.687500 0.187500
v 1.000000 -3.531250 0.375000
v 1.000000 -3.718750 0.375000
v 1.250000 -3.531250 0.375000
v 1.250000 -3.718750 0.375000
v 1.000000 -4.312500 0.187500
v 1.000000 -4.437500 0.187500
v 1.250000 -4.312500 0.187500
v 1.250000 -4.437500 0.187500
v 1.000000 -4.281250 0.375000
v 1.000000 -4.468750 0.375000
v 1.250000 -4.281250 0.375000
v 1.250000 -4.468750 0.375000
v 1.000000 -3.937500 0.187500
v 1.000000 -4.062500 0.187500
v 1.250000 -3.937500 0.187500
v 1.250000 -4.062500 0.187500
v 1.000000 -3.906250 0.375000
v 1.000000 -4.093750 0.375000
v 1.250000 -3.906250 0.375000
v 1.250000 -4.093750 0.375000
v 1.000000 -5.062500 0.187500
v 1.000000 -5.187500 0.187500
v 1.250000 -5.062500 0.187500
v 1.250000 -5.187500 0.187500
v 1.000000 -5.031250 0.375000
v 1.000000 -5.218750 0.375000
v 1.250000 -5.031250 0.375000
v 1.250000 -5.218750 0.375000
v 1.000000 -4.687500 0.187500
v 1.000000 -4.812500 0.187500
v 1.250000 -4.687500 0.187500
v 1.250000 -4.812500 0.187500
v 1.000000 -4.656250 0.375000
v 1.000000 -4.843750 0.375000
v 1.250000 -4.656250 0.375000
v 1.250000 -4.843750 0.375000
v 1.000000 -5.437500 0.187500
v 1.000000 -5.562500 0.187500
v 1.250000 -5.437500 0.187500
v 1.250000 -5.562500 0.187500
v 1.000000 -5.406250 0.375000
v 1.000000 -5.593750 0.375000
v 1.250000 -5.406250 0.375000
v 1.250000 -5.593750 0.375000
v 1.000000 -0.562500 0.187500
v 1.000000 -0.687500 0.187500
v 1.250000 -0.562500 0.187500
v 1.250000 -0.687500 0.187500
v 1.000000 -0.531250 0.375000
v 1.000000 -0.718750 0.375000
v 1.250000 -0.531250 0.375000
v 1.250000 -0.718750 0.375000
v 0.999999 -0.187500 0.187500
v 1.000000 -0.312500 0.187500
v 1.249999 -0.187500 0.187500
v 1.250000 -0.312500 0.187500
v 0.999999 -0.156250 0.375000
v 1.000000 -0.343750 0.375000
v 1.249999 -0.156250 0.375000
v 1.250000 -0.343750 0.375000
v 1.000000 -1.312500 0.187500
v 1.000000 -1.437500 0.187500
v 1.250000 -1.312500 0.187500
v 1.250000 -1.437500 0.187500
v 1.000000 -1.281250 0.375000
v 1.000000 -1.468750 0.375000
v 1.250000 -1.281250 0.375000
v 1.250000 -1.468750 0.375000
v 1.000000 -0.937500 0.187500
v 1.000000 -1.062500 0.187500
v 1.250000 -0.937500 0.187500
v 1.250000 -1.062500 0.187500
v 1.000000 -0.906250 0.375000
v 1.000000 -1.093750 0.375000
v 1.250000 -0.906250 0.375000
v 1.250000 -1.093750 0.375000
v 1.000000 -1.687500 0.187500
v 1.000000 -1.812500 0.187500
v 1.250000 -1.687500 0.187500
v 1.250000 -1.812500 0.187500
v 1.000000 -1.656250 0.375000
v 1.000000 -1.843750 0.375000
v 1.250000 -1.656250 0.375000
v 1.250000 -1.843750 0.375000
v 1.000000 -0.562500 0.812500
v 1.000000 -0.687500 0.812500
v 1.250000 -0.562500 0.812500
v 1.250000 -0.687500 0.812500
v 1.000000 -0.531250 0.625000
v 1.000000 -0.718750 0.625000
v 1.250000 -0.531250 0.625000
v 1.250000 -0.718750 0.625000
v 1.000000 -0.187500 0.812500
v 1.000000 -0.312500 0.812500
v 1.250000 -0.187500 0.812500
v 1.250000 -0.312500 0.812500
v 1.000000 -0.156250 0.625000
v 1.000000 -0.343750 0.625000
v 1.250000 -0.156250 0.625000
v 1.250000 -0.343750 0.625000
v 1.000000 -1.312500 0.812500
v 1.000000 -1.437500 0.812500
v 1.250000 -1.312500 0.812500
v 1.250000 -1.437500 0.812500
v 1.000000 -1.281250 0.625000
v 1.000000 -1.468750 0.625000
v 1.250000 -1.281250 0.625000
v 1.250000 -1.468750 0.625000
v 1.000000 -0.937500 0.812500
v 1.000000 -1.062500 0.812500
v 1.250000 -0.937500 0.812500
v 1.250000 -1.062500 0.812500
v 1.000000 -0.906250 0.625000
v 1.000000 -1.093750 0.625000
v 1.250000 -0.906250 0.625000
v 1.250000 -1.093750 0.625000
v 1.000000 -1.687500 0.812500
v 1.000000 -1.812500 0.812500
v 1.250000 -1.687500 0.812500
v 1.250000 -1.812500 0.812500
v 1.000000 -1.656250 0.625000
v 1.000000 -1.843750 0.625000
v 1.250000 -1.656250 0.625000
v 1.250000 -1.843750 0.625000
v 1.000000 -2.437500 0.812500
v 1.000000 -2.562500 0.812500
v 1.250000 -2.437500 0.812500
v 1.250000 -2.562500 0.812500
v 1.000000 -2.406250 0.625000
v 1.000000 -2.593750 0.625000
v 1.250000 -2.406250 0.625000
v 1.250000 -2.593750 0.625000
v 1.000000 -2.062500 0.812500
v 1.000000 -2.187500 0.812500
v 1.250000 -2.062500 0.812500
v 1.250000 -2.187500 0.812500
v 1.000000 -2.031250 0.625000
v 1.000000 -2.218750 0.625000
v 1.250000 -2.031250 0.625000
v 1.250000 -2.218750 0.625000
v 1.000000 -3.187500 0.812500
v 1.000000 -3.312500 0.812500
v 1.250000 -3.187500 0.812500
v 1.250000 -3.312500 0.812500
v 1.000000 -3.156250 0.625000
v 1.000000 -3.343750 0.625000
v 1.250000 -3.156250 0.625000
v 1.250000 -3.343750 0.625000
v 1.000000 -2.812500 0.812500
v 1.000000 -2.937500 0.812500
v 1.250000 -2.812500 0.812500
v 1.250000 -2.937500 0.812500
v 1.000000 -2.781250 0.625000
v 1.000000 -2.968750 0.625000
v 1.250000 -2.781250 0.625000
v 1.250000 -2.968750 0.625000
v 1.000000 -3.562500 0.812500
v 1.000000 -3.687500 0.812500
v 1.250000 -3.562500 0.812500
v 1.250000 -3.687500 0.812500
v 1.000000 -3.531250 0.625000
v 1.000000 -3.718750 0.625000
v 1.250000 -3.531250 0.625000
v 1.250000 -3.718750 0.625000
v 1.000000 -4.312500 0.812500
v 1.000000 -4.437500 0.812500
v 1.250000 -4.312500 0.812500
v 1.250000 -4.437500 0.812500
v 1.000000 -4.281250 0.625000
v 1.000000 -4.468750 0.625000
v 1.250000 -4.281250 0.625000
v 1.250000 -4.468750 0.625000
v 1.000000 -3.937500 0.812500
v 1.000000 -4.062500 0.812500
v 1.250000 -3.937500 0.812500
v 1.250000 -4.062500 0.812500
v 1.000000 -3.906250 0.625000
v 1.000000 -4.093750 0.625000
v 1.250000 -3.906250 0.625000
v 1.250000 -4.093750 0.625000
v 1.000000 -5.062500 0.812500
v 1.000000 -5.187500 0.812500
v 1.250000 -5.062500 0.812500
v 1.250000 -5.187500 0.812500
v 1.000000 -5.031250 0.625000
v 1.000000 -5.218750 0.625000
v 1.250000 -5.031250 0.625000
v 1.250000 -5.218750 0.625000
v 1.000000 -4.687500 0.812500
v 1.000000 -4.812500 0.812500
v 1.250000 -4.687500 0.812500
v 1.250000 -4.812500 0.812500
v 1.000000 -4.656250 0.625000
v 1.000000 -4.843750 0.625000
v 1.250000 -4.656250 0.625000
v 1.250000 -4.843750 0.625000
v 1.000000 -5.437500 0.812500
v 1.000000 -5.562500 0.812500
v 1.250000 -5.437500 0.812500
v 1.250000 -5.562500 0.812500
v 1.000000 -5.406250 0.625000
v 1.000000 -5.593750 0.625000
v 1.250000 -5.406250 0.625000
v 1.250000 -5.593750 0.625000
v 0.000000 -4.000000 -5.000000
v 0.000000 -4.000000 -6.000000
v 0.000000 -6.000000 -5.000000
v 0.000000 -6.000000 -6.000000
v 1.000000 -4.000000 -5.000000
v 1.000000 -4.000000 -6.000000
v 1.000000 -6.000000 -5.000000
v 1.000000 -6.000000 -6.000000
v 0.187500 -4.000000 -5.187500
v 0.187500 -4.000000 -5.812500
v 0.187500 -6.000000 -5.187500
v 0.187500 -6.000000 -5.812500
v 0.812500 -4.000000 -5.187500
v 0.812500 -4.000000 -5.812500
v 0.812500 -6.000000 -5.187500
v 0.812500 -6.000000 -5.812500
v -0.000001 -2.000000 -5.000000
v -0.000001 -2.000000 -6.000000
v 0.000000 -4.000000 -5.000000
v 0.000000 -4.000000 -6.000000
v 0.999999 -2.000000 -5.000000
v 0.999999 -2.000000 -6.000000
v 1.000000 -4.000000 -5.000000
v 1.000000 -4.000000 -6.000000
v 0.187499 -2.000000 -5.187500
v 0.187499 -2.000000 -5.812500
v 0.187500 -4.000000 -5.187500
v 0.187500 -4.000000 -5.812500
v 0.812499 -2.000000 -5.187500
v 0.812499 -2.000000 -5.812500
v 0.812500 -4.000000 -5.187500
v 0.812500 -4.000000 -5.812500
v 0.000000 2.000000 -5.000000
v 0.000000 2.000000 -6.000000
v 0.000000 -0.000000 -5.000000
v 0.000000 -0.000000 -6.000000
v 1.000000 2.000000 -5.000000
v 1.000000 2.000000 -6.000000
v 1.000000 -0.000000 -5.000000
v 1.000000 -0.000000 -6.000000
v 0.187500 2.000000 -5.187500
v 0.187500 2.000000 -5.812500
v 0.187500 -0.000000 -5.187500
v 0.187500 -0.000000 -5.812500
v 0.812500 2.000000 -5.187500
v 0.812500 2.000000 -5.812500
v 0.812500 -0.000000 -5.187500
v 0.812500 -0.000000 -5.812500
v -0.000001 4.000000 -5.000000
v -0.000001 4.000000 -6.000000
v -0.000001 2.000000 -5.000000
v -0.000001 2.000000 -6.000000
v 0.999999 4.000000 -5.000000
v 0.999999 4.000000 -6.000000
v 0.999999 2.000000 -5.000000
v 0.999999 2.000000 -6.000000
v 0.187499 3.993748 -5.187500
v 0.187499 3.993748 -5.812500
v 0.187499 2.000000 -5.187500
v 0.187499 2.000000 -5.812500
v 0.812499 3.993750 -5.187500
v 0.812499 3.993750 -5.812500
v 0.812499 2.000000 -5.187500
v 0.812499 2.000000 -5.812500
v -0.000001 -0.000000 -5.000000
v -0.000001 -0.000000 -6.000000
v 0.000000 -2.000000 -5.000000
v 0.000000 -2.000000 -6.000000
v 0.999999 -0.000000 -5.000000
v 0.999999 -0.000000 -6.000000
v 1.000000 -2.000000 -5.000000
v 1.000000 -2.000000 -6.000000
v 0.187499 -0.000000 -5.187500
v 0.187499 -0.000000 -5.812500
v 0.187500 -2.000000 -5.187500
v 0.187500 -2.000000 -5.812500
v 0.812499 -0.000000 -5.187500
v 0.812499 -0.000000 -5.812500
v 0.812500 -2.000000 -5.187500
v 0.812500 -2.000000 -5.812500
v -0.000001 4.000000 -5.000000
v -0.000001 4.000000 -6.000000
v -0.000001 4.000000 -5.000000
v -0.000001 4.000000 -6.000000
v 0.999999 4.000000 -5.000000
v 0.999999 4.000000 -6.000000
v 0.999999 4.000000 -5.000000
v 0.999999 4.000000 -6.000000
v -0.250001 -1.999999 -5.375000
v -0.250001 -2.000000 -5.625000
v -0.250000 -4.000000 -5.375000
v -0.250000 -4.000000 -5.625000
v -0.000001 -1.999999 -5.375000
v -0.000001 -2.000000 -5.625000
v 0.000000 -4.000000 -5.375000
v 0.000000 -4.000000 -5.625000
v -0.250001 0.000001 -5.375000
v -0.250001 0.000001 -5.625000
v -0.250001 -1.999999 -5.375000
v -0.250001 -2.000000 -5.625000
v -0.000001 0.000001 -5.375000
v -0.000001 0.000001 -5.625000
v -0.000001 -1.999999 -5.375000
v -0.000001 -2.000000 -5.625000
v -0.250000 -4.000000 -5.375000
v -0.250000 -4.000000 -5.625000
v -0.250000 -6.000000 -5.375000
v -0.250000 -6.000000 -5.625000
v 0.000000 -4.000000 -5.375000
v 0.000000 -4.000000 -5.625000
v 0.000000 -6.000000 -5.375000
v 0.000000 -6.000000 -5.625000
v -0.250001 -2.437500 -5.812500
v -0.250001 -2.562500 -5.812500
v -0.000001 -2.437500 -5.812500
v -0.000001 -2.562500 -5.812500
v -0.250001 -2.406250 -5.625000
v -0.250001 -2.593750 -5.625000
v -0.000001 -2.406250 -5.625000
v -0.000001 -2.593750 -5.625000
v -0.250001 -2.062500 -5.812500
v -0.250001 -2.187500 -5.812500
v -0.000001 -2.062500 -5.812500
v -0.000001 -2.187500 -5.812500
v -0.250001 -2.031250 -5.625000
v -0.250001 -2.218750 -5.625000
v -0.000001 -2.031250 -5.625000
v -0.000001 -2.218750 -5.625000
v -0.250001 -3.187500 -5.812500
v -0.250001 -3.312500 -5.812500
v -0.000001 -3.187500 -5.812500
v -0.000001 -3.312500 -5.812500
v -0.250001 -3.156250 -5.625000
v -0.250001 -3.343750 -5.625000
v -0.000001 -3.156250 -5.625000
v -0.000001 -3.343750 -5.625000
v -0.250001 -2.812500 -5.812500
v -0.250001 -2.937500 -5.812500
v -0.000001 -2.812500 -5.812500
v -0.000001 -2.937500 -5.812500
v -0.250001 -2.781250 -5.625000
v -0.250001 -2.968750 -5.625000
v -0.000001 -2.781250 -5.625000
v -0.000001 -2.968750 -5.625000
v -0.250001 -3.562500 -5.812500
v -0.250001 -3.687500 -5.812500
v -0.000001 -3.562500 -5.812500
v -0.000001 -3.687500 -5.812500
v -0.250001 -3.531250 -5.625000
v -0.250000 -3.718750 -5.625000
v -0.000001 -3.531250 -5.625000
v 0.000000 -3.718750 -5.625000
v -0.250000 -4.312500 -5.812500
v -0.250000 -4.437500 -5.812500
v 0.000000 -4.312500 -5.812500
v 0.000000 -4.437500 -5.812500
v -0.250000 -4.281250 -5.625000
v -0.250000 -4.468750 -5.625000
v 0.000000 -4.281250 -5.625000
v 0.000000 -4.468750 -5.625000
v -0.250000 -3.937500 -5.812500
v -0.250000 -4.062500 -5.812500
v 0.000000 -3.937500 -5.812500
v 0.000000 -4.062500 -5.812500
v -0.250000 -3.906250 -5.625000
v -0.250000 -4.093750 -5.625000
v 0.000000 -3.906250 -5.625000
v 0.000000 -4.093750 -5.625000
v -0.250000 -5.062500 -5.812500
v -0.250000 -5.187500 -5.812500
v 0.000000 -5.062500 -5.812500
v 0.000000 -5.187500 -5.812500
v -0.250000 -5.031250 -5.625000
v -0.250000 -5.218750 -5.625000
v 0.000000 -5.031250 -5.625000
v 0.000000 -5.218750 -5.625000
v -0.250000 -4.687500 -5.812500
v -0.250000 -4.812500 -5.812500
v 0.000000 -4.687500 -5.812500
v 0.000000 -4.812500 -5.812500
v -0.250000 -4.656250 -5.625000
v -0.250000 -4.843750 -5.625000
v 0.000000 -4.656250 -5.625000
v 0.000000 -4.843750 -5.625000
v -0.250000 -5.437500 -5.812500
v -0.250000 -5.562500 -5.812500
v 0.000000 -5.437500 -5.812500
v 0.000000 -5.562500 -5.812500
v -0.250000 -5.406250 -5.625000
v -0.250000 -5.593750 -5.625000
v 0.000000 -5.406250 -5.625000
v 0.000000 -5.593750 -5.625000
v -0.250001 -0.562499 -5.812500
v -0.250001 -0.687499 -5.812500
v -0.000001 -0.562499 -5.812500
v -0.000001 -0.687499 -5.812500
v -0.250001 -0.531249 -5.625000
v -0.250001 -0.718749 -5.625000
v -0.000001 -0.531249 -5.625000
v -0.000001 -0.718749 -5.625000
v -0.250001 -0.187499 -5.812500
v -0.250001 -0.312499 -5.812500
v -0.000001 -0.187499 -5.812500
v -0.000001 -0.312499 -5.812500
v -0.250001 -0.156249 -5.625000
v -0.250001 -0.343749 -5.625000
v -0.000001 -0.156249 -5.625000
v -0.000001 -0.343749 -5.625000
v -0.250001 -1.312500 -5.812500
v -0.250001 -1.437500 -5.812500
v -0.000001 -1.312500 -5.812500
v -0.000001 -1.437500 -5.812500
v -0.250001 -1.281250 -5.625000
v -0.250001 -1.468750 -5.625000
v -0.000001 -1.281250 -5.625000
v -0.000001 -1.468750 -5.625000
v -0.250001 -0.937499 -5.812500
v -0.250001 -1.062500 -5.812500
v -0.000001 -0.937499 -5.812500
v -0.000001 -1.062500 -5.812500
v -0.250001 -0.906249 -5.625000
v -0.250001 -1.093750 -5.625000
v -0.000001 -0.906249 -5.625000
v -0.000001 -1.093750 -5.625000
v -0.250001 -1.687500 -5.812500
v -0.250001 -1.812500 -5.812500
v -0.000001 -1.687500 -5.812500
v -0.000001 -1.812500 -5.812500
v -0.250001 -1.656250 -5.625000
v -0.250001 -1.843750 -5.625000
v -0.000001 -1.656250 -5.625000
v -0.000001 -1.843750 -5.625000
v -0.250001 -0.562499 -5.187500
v -0.250001 -0.687499 -5.187500
v -0.000001 -0.562499 -5.187500
v -0.000001 -0.687499 -5.187500
v -0.250001 -0.531249 -5.375000
v -0.250001 -0.718749 -5.375000
v -0.000001 -0.531249 -5.375000
v -0.000001 -0.718749 -5.375000
v -0.250001 -0.187499 -5.187500
v -0.250001 -0.312499 -5.187500
v -0.000001 -0.187499 -5.187500
v -0.000001 -0.312499 -5.187500
v -0.250001 -0.156249 -5.375000
v -0.250001 -0.343749 -5.375000
v -0.000001 -0.156249 -5.375000
v -0.000001 -0.343749 -5.375000
v -0.250001 -1.312499 -5.187500
v -0.250001 -1.437499 -5.187500
v -0.000001 -1.312499 -5.187500
v -0.000001 -1.437499 -5.187500
v -0.250001 -1.281249 -5.375000
v -0.250001 -1.468749 -5.375000
v -0.000001 -1.281249 -5.375000
v -0.000001 -1.468749 -5.375000
v -0.250001 -0.937499 -5.187500
v -0.250001 -1.062499 -5.187500
v -0.000001 -0.937499 -5.187500
v -0.000001 -1.062499 -5.187500
v -0.250001 -0.906249 -5.375000
v -0.250001 -1.093749 -5.375000
v -0.000001 -0.906249 -5.375000
v -0.000001 -1.093749 -5.375000
v -0.250001 -1.687499 -5.187500
v -0.250001 -1.812499 -5.187500
v -0.000001 -1.687499 -5.187500
v -0.000001 -1.812499 -5.187500
v -0.250001 -1.656249 -5.375000
v -0.250001 -1.843749 -5.375000
v -0.000001 -1.656249 -5.375000
v -0.000001 -1.843749 -5.375000
v -0.250001 -2.437500 -5.187500
v -0.250001 -2.562500 -5.187500
v -0.000001 -2.437500 -5.187500
v -0.000001 -2.562500 -5.187500
v -0.250001 -2.406250 -5.375000
v -0.250001 -2.593750 -5.375000
v -0.000001 -2.406250 -5.375000
v -0.000001 -2.593750 -5.375000
v -0.250001 -2.062500 -5.187500
v -0.250001 -2.187500 -5.187500
v -0.000001 -2.062500 -5.187500
v -0.000001 -2.187500 -5.187500
v -0.250001 -2.031250 -5.375000
v -0.250001 -2.218750 -5.375000
v -0.000001 -2.031250 -5.375000
v -0.000001 -2.218750 -5.375000
v -0.250001 -3.187500 -5.187500
v -0.250001 -3.312500 -5.187500
v -0.000001 -3.187500 -5.187500
v -0.000001 -3.312500 -5.187500
v -0.250001 -3.156250 -5.375000
v -0.250001 -3.343750 -5.375000
v -0.000001 -3.156250 -5.375000
v -0.000001 -3.343750 -5.375000
v -0.250001 -2.812500 -5.187500
v -0.250001 -2.937500 -5.187500
v -0.000001 -2.812500 -5.187500
v -0.000001 -2.937500 -5.187500
v -0.250001 -2.781250 -5.375000
v -0.250001 -2.968750 -5.375000
v -0.000001 -2.781250 -5.375000
v -0.000001 -2.968750 -5.375000
v -0.250000 -3.562500 -5.187500
v -0.250000 -3.687500 -5.187500
v 0.000000 -3.562500 -5.187500
v 0.000000 -3.687500 -5.187500
v -0.250000 -3.531250 -5.375000
v -0.250000 -3.718750 -5.375000
v 0.000000 -3.531250 -5.375000
v 0.000000 -3.718750 -5.375000
v -0.250000 -4.312500 -5.187500
v -0.250000 -4.437500 -5.187500
v 0.000000 -4.312500 -5.187500
v 0.000000 -4.437500 -5.187500
v -0.250000 -4.281250 -5.375000
v -0.250000 -4.468750 -5.375000
v 0.000000 -4.281250 -5.375000
v 0.000000 -4.468750 -5.375000
v -0.250000 -3.937500 -5.187500
v -0.250000 -4.062500 -5.187500
v 0.000000 -3.937500 -5.187500
v 0.000000 -4.062500 -5.187500
v -0.250000 -3.906250 -5.375000
v -0.250000 -4.093750 -5.375000
v 0.000000 -3.906250 -5.375000
v 0.000000 -4.093750 -5.375000
v -0.250000 -5.062500 -5.187500
v -0.250000 -5.187500 -5.187500
v 0.000000 -5.062500 -5.187500
v 0.000000 -5.187500 -5.187500
v -0.250000 -5.031250 -5.375000
v -0.250000 -5.218750 -5.375000
v 0.000000 -5.031250 -5.375000
v 0.000000 -5.218750 -5.375000
v -0.250000 -4.687500 -5.187500
v -0.250000 -4.812500 -5.187500
v 0.000000 -4.687500 -5.187500
v 0.000000 -4.812500 -5.187500
v -0.250000 -4.656250 -5.375000
v -0.250000 -4.843750 -5.375000
v 0.000000 -4.656250 -5.375000
v 0.000000 -4.843750 -5.375000
v -0.250000 -5.437500 -5.187500
v -0.250000 -5.562500 -5.187500
v 0.000000 -5.437500 -5.187500
v 0.000000 -5.562500 -5.187500
v -0.250000 -5.406250 -5.375000
v -0.250000 -5.593750 -5.375000
v 0.000000 -5.406250 -5.375000
v 0.000000 -5.593750 -5.375000
vn -0.0000 0.8000 -0.6000
vn -0.0000 -1.0000 -0.0000
vn -0.0000 -0.0000 -1.0000
vn -1.0000 -0.0000 -0.0000
vn 1.0000 -0.0000 0.0012
vn 1.0000 0.0012 -0.0000
vn 1.0000 -0.0000 -0.0012
vn 1.0000 -0.0012 -0.0000
vn -0.0000 1.0000 -0.0000
vn -0.7074 -0.0000 0.7068
vn -0.7071 0.0005 0.7071
vn -0.7068 -0.0000 0.7074
vn -0.7071 -0.0005 0.7071
vn -0.0000 -0.0000 1.0000
vn 0.7071 -0.0005 -0.7071
vn 0.7074 -0.0000 -0.7068
vn 0.7071 0.0005 -0.7071
vn 0.7068 -0.0000 -0.7074
vn 0.7071 -0.0000 -0.7071
vn 0.7073 -0.0000 -0.7069
vn 1.0000 -0.0000 -0.0000
vn -0.7068 -0.0000 -0.7074
vn -0.7071 -0.0000 -0.7071
vn -0.7073 -0.0000 -0.7069
vn -0.7071 -0.0005 -0.7071
vn -0.7071 0.0005 -0.7071
vn -0.7074 -0.0000 -0.7068
vn -0.7071 -0.0000 0.7071
vn -0.7073 -0.0000 0.7069
vn 0.0008 -1.0000 0.0008
vn 0.0012 -1.0000 -0.0000
vn -0.0000 -1.0000 -0.0012
vn -0.0012 -1.0000 -0.0000
vn 0.7071 -0.0011 0.7071
vn 0.7064 -0.0000 0.7079
vn 0.7071 -0.0009 0.7071
vn 0.7078 -0.0000 0.7065
vn -0.0000 1.0000 0.0012
vn -0.0008 1.0000 -0.0008
vn -0.0000 1.0000 -0.0012
vn 0.0012 1.0000 -0.0000
vn -0.0000 -1.0000 0.0012
vn -0.0008 -1.0000 -0.0008
vn -0.7064 -0.0000 -0.7079
vn -0.7071 -0.0009 -0.7071
vn -0.7078 -0.0000 -0.7065
vn -0.7071 -0.0011 -0.7071
vn 0.7078 -0.0000 -0.7065
vn 0.7071 0.0011 -0.7071
vn 0.7064 -0.0000 -0.7079
vn 0.7071 0.0009 -0.7071
vn 0.7073 -0.0000 0.7069
vn 0.7068 -0.0000 0.7074
vn 0.7071 -0.0000 0.7071
vn -0.0493 0.2781 -0.9593
vn 0.0573 0.8511 -0.5219
vn -0.1844 -0.5672 -0.8026
vn 0.0157 0.7992 -0.6009
vn -0.0000 0.7761 -0.6306
vn 0.1847 -0.5672 -0.8026
vn -0.0573 0.8511 -0.5219
vn 0.0494 0.2781 -0.9593
vn -0.0157 0.7992 -0.6009
vn 0.8026 -0.5672 0.1847
vn 0.5219 0.8511 -0.0573
vn 0.9593 0.2781 0.0494
vn 0.6009 0.7992 -0.0157
vn 0.6299 0.7767 0.0002
vn 0.6306 0.7761 -0.0009
vn 0.6313 0.7756 0.0002
vn 0.9593 0.2781 -0.0493
vn 0.5219 0.8511 0.0573
vn 0.8026 -0.5672 -0.1844
vn 0.6009 0.7992 0.0157
vn -0.1847 -0.5672 0.8026
vn 0.0573 0.8511 0.5219
vn -0.0494 0.2781 0.9593
vn 0.0157 0.7992 0.6009
vn -0.0002 0.7767 0.6299
vn 0.0009 0.7761 0.6306
vn -0.0002 0.7756 0.6313
vn 0.0493 0.2781 0.9593
vn -0.0573 0.8511 0.5219
vn 0.1844 -0.5672 0.8026
vn -0.0157 0.7992 0.6009
vn -0.9593 0.2781 0.0493
vn -0.5219 0.8511 -0.0573
vn -0.8026 -0.5672 0.1844
vn -0.6009 0.7992 -0.0157
vn -0.6306 0.7761 0.0009
vn -0.6313 0.7756 -0.0002
vn -0.6299 0.7767 -0.0002
vn -0.8026 -0.5672 -0.1847
vn -0.5219 0.8511 0.0573
vn -0.9593 0.2781 -0.0494
vn -0.6009 0.7992 0.0157
vn 0.7071 0.0005 0.7071
vn 0.7074 -0.0000 0.7068
vn 0.7071 -0.0005 0.7071
vn -0.7071 0.0009 0.7071
vn -0.7078 -0.0000 0.7065
vn -0.7071 0.0011 0.7071
vn -0.7064 -0.0000 0.7079
vn 0.7079 -0.0000 -0.7064
vn 0.7071 -0.0009 -0.7071
vn 0.7065 -0.0000 -0.7078
vn 0.7071 -0.0011 -0.7071
vn -0.7071 -0.0011 0.7071
vn -0.7079 -0.0000 0.7064
vn -0.7071 -0.0009 0.7071
vn -0.7065 -0.0000 0.7078
vn 0.6000 0.8000 -0.0000
vn -0.6000 0.8000 -0.0000
vn 0.3512 -0.0000 0.9363
vn 0.3511 -0.0000 0.9363
vn -0.3511 -0.0000 0.9363
vn -0.3512 -0.0000 0.9363
vn 0.3511 -0.0000 -0.9363
vn 0.3512 -0.0000 -0.9363
vn 0.3420 -0.0000 -0.9397
vn 0.3421 -0.0000 -0.9397
vn -0.3420 -0.0000 0.9397
vn -0.3421 -0.0000 0.9397
vn 0.9397 -0.0000 0.3420
vn 0.9397 -0.0000 0.3421
vn -0.9399 -0.0000 -0.3414
vn -0.9398 -0.0000 -0.3417
vn -0.9395 -0.0000 -0.3426
vn -0.9396 -0.0000 -0.3423
vn -0.3414 -0.0000 0.9399
vn -0.3417 -0.0000 0.9398
vn -0.9397 -0.0000 -0.3420
vn -0.9397 -0.0000 -0.3421
vn 0.9395 -0.0001 0.3426
vn 0.9397 0.0006 0.3420
vn 0.9399 -0.0001 0.3414
vn -0.0004 1.0000 0.0011
vn -0.0011 1.0000 -0.0004
vn 0.0004 1.0000 -0.0011
vn 0.0011 1.0000 0.0004
vn -0.0004 -1.0000 0.0011
vn 0.0011 -1.0000 0.0004
vn 0.0004 -1.0000 -0.0011
vn -0.0011 -1.0000 -0.0004
vn -0.9401 -0.0001 -0.3410
vn -0.9397 0.0011 -0.3420
vn -0.9393 -0.0001 -0.3430
vn -0.3420 0.0006 0.9397
vn 0.3429 -0.0001 -0.9394
vn 0.3420 0.0006 -0.9397
vn 0.3412 -0.0001 -0.9400
vn -0.9401 0.0001 -0.3410
vn -0.9397 -0.0011 -0.3420
vn -0.9393 0.0001 -0.3430
vn -0.9399 -0.0001 -0.3414
vn -0.9397 0.0006 -0.3420
vn -0.9395 -0.0001 -0.3426
vn -0.9397 0.0003 -0.3420
vn -0.9394 -0.0001 -0.3429
vn -0.0000 -0.0000 -0.0000
vn -0.0000 0.9864 -0.1644
vn -0.0000 -0.9864 -0.1644
vn -1.0000 -0.0000 0.0001
vn 1.0000 -0.0000 -0.0001
vn -0.0000 0.9864 0.1644
vn -0.0000 -0.9864 0.1644
vn -1.0000 -0.0001 -0.0000
vn 1.0000 0.0001 -0.0000
vn -0.0000 0.9866 -0.1632
vn -0.0011 0.9864 -0.1644
vn -0.0000 0.9862 -0.1654
vn -0.0000 -0.9862 -0.1654
vn 0.0011 -0.9864 -0.1644
vn -0.0000 -0.9866 -0.1632
vn -0.0000 -0.9863 -0.1650
vn -0.0006 -0.9864 -0.1644
vn -0.0000 -0.9865 -0.1638
vn -0.0001 0.9864 -0.1644
vn 0.0001 -0.9864 -0.1644
vn 0.0006 -0.9864 0.1644
vn -0.0000 -0.9865 0.1638
vn -0.0000 -0.9863 0.1650
vn -0.0001 0.9864 0.1644
vn 0.0001 -0.9864 0.1644
vn -0.9363 0.3511 -0.0000
vn -0.9363 0.3512 -0.0000
vn 0.9363 0.3511 -0.0000
vn 0.9363 0.3512 -0.0000
vt 0.539062 0.960938
vt 0.476562 0.960938
vt 0.476562 1.000000
vt 0.539062 1.000000
vt 0.484375 0.843750
vt 0.546875 0.843750
vt 0.546875 0.812500
vt 0.484375 0.812500
vt 0.484375 0.851562
vt 0.546875 0.851562
vt 0.421875 1.000000
vt 0.609375 1.000000
vt 0.609375 0.937500
vt 0.421875 0.937500
vt 0.609375 0.812500
vt 0.671875 0.812500
vt 0.671875 1.000000
vt 0.671875 0.937500
vt 0.609375 0.875000
vt 0.609375 0.750000
vt 0.546875 0.750000
vt 0.484375 1.000000
vt 0.484375 0.937500
vt 0.566406 0.906250
vt 0.566406 0.968750
vt 0.503906 0.968750
vt 0.503906 0.906250
vt 0.570312 0.878906
vt 0.570312 0.941406
vt 0.445312 0.941406
vt 0.445312 0.878906
vt 0.511719 0.953125
vt 0.511719 0.890625
vt 0.574219 0.828125
vt 0.574219 0.953125
vt 0.476562 0.898438
vt 0.476562 0.835938
vt 0.539062 0.835938
vt 0.523438 0.886719
vt 0.523438 0.949219
vt 0.460938 0.949219
vt 0.460938 0.886719
vt 0.523438 0.875000
vt 0.523438 0.937500
vt 0.437500 0.937500
vt 0.437500 0.875000
vt 0.457031 0.945312
vt 0.519531 0.945312
vt 0.519531 0.882812
vt 0.457031 0.882812
vt 0.429688 0.917969
vt 0.492188 0.917969
vt 0.492188 0.855469
vt 0.429688 0.855469
vt 0.496094 0.964844
vt 0.589844 0.964844
vt 0.589844 0.902344
vt 0.496094 0.902344
vt 0.460938 0.921875
vt 0.554688 0.921875
vt 0.554688 0.859375
vt 0.460938 0.859375
vt 0.484375 0.910156
vt 0.578125 0.910156
vt 0.578125 0.847656
vt 0.484375 0.847656
vt 0.464844 0.960938
vt 0.558594 0.960938
vt 0.558594 0.898438
vt 0.464844 0.898438
vt 0.500000 0.824219
vt 0.523438 0.824219
vt 0.523438 0.812500
vt 0.500000 0.812500
vt 0.550781 1.000000
vt 0.472656 0.910156
vt 0.457031 0.921875
vt 0.464844 1.000000
vt 0.562500 0.894531
vt 0.609375 0.957031
vt 0.500000 0.957031
vt 0.578125 0.812500
vt 0.578125 0.824219
vt 0.453125 0.824219
vt 0.453125 0.812500
vt 0.453125 0.917969
vt 0.578125 0.917969
vt 0.578125 1.000000
vt 0.453125 1.000000
vt 0.609375 0.976562
vt 0.609375 0.851562
vt 0.546875 0.976562
vt 0.097656 0.875000
vt 0.097656 0.906250
vt 0.066406 0.906250
vt 0.066406 0.875000
vt 0.128906 0.875000
vt 0.128906 0.906250
vt 0.113281 0.906250
vt 0.113281 0.875000
vt 0.066406 1.000000
vt 0.128906 1.000000
vt 0.128906 0.937500
vt 0.066406 0.937500
vt 0.351562 0.812500
vt 0.351562 1.000000
vt 0.289062 1.000000
vt 0.289062 0.812500
vt 0.132812 0.750000
vt 0.195312 0.750000
vt 0.195312 0.812500
vt 0.132812 0.812500
vt 0.285156 0.812500
vt 0.285156 1.000000
vt 0.222656 1.000000
vt 0.222656 0.812500
vt 0.062500 0.812500
vt 0.062500 1.000000
vt 0.000000 1.000000
vt 0.000000 0.812500
vt 0.195312 0.765625
vt 0.257812 0.765625
vt 0.257812 0.812500
vt 0.046875 0.812500
vt 0.046875 1.000000
vt 0.417969 0.812500
vt 0.417969 1.000000
vt 0.355469 1.000000
vt 0.355469 0.812500
vt 0.257812 0.750000
vt 0.320312 0.750000
vt 0.320312 0.812500
vt 0.187500 0.621094
vt 0.187500 0.746094
vt 0.000000 0.746094
vt 0.000000 0.621094
vt 0.386719 0.621094
vt 0.386719 0.808594
vt 0.324219 0.808594
vt 0.324219 0.621094
vt 0.320312 0.621094
vt 0.320312 0.746094
vt 0.257812 0.746094
vt 0.257812 0.621094
vt 0.253906 0.621094
vt 0.253906 0.746094
vt 0.191406 0.746094
vt 0.191406 0.621094
vt 0.132812 0.906250
vt 0.164062 0.906250
vt 0.164062 0.921875
vt 0.132812 0.921875
vt 0.164062 0.968750
vt 0.164062 1.000000
vt 0.132812 1.000000
vt 0.132812 0.968750
vt 0.164062 0.929688
vt 0.195312 0.929688
vt 0.195312 0.898438
vt 0.164062 0.898438
vt 0.152344 0.968750
vt 0.164062 0.937500
vt 0.132812 0.937500
vt 0.195312 0.902344
vt 0.164062 0.902344
vt 0.164062 0.882812
vt 0.195312 0.882812
vt 0.132812 0.917969
vt 0.164062 0.917969
vt 0.164062 0.886719
vt 0.132812 0.886719
vt 0.132812 0.929688
vt 0.132812 0.898438
vt 0.164062 0.750000
vt 0.164062 0.812500
vt 0.386719 0.652344
vt 0.324219 0.652344
vt 0.066406 0.968750
vt 0.128906 0.968750
vt 0.128906 0.750000
vt 0.128906 0.812500
vt 0.066406 0.812500
vt 0.066406 0.750000
vt 0.289062 0.750000
vt 0.324219 0.777344
vt 0.386719 0.777344
vt 0.062500 0.750000
vt 0.000000 0.750000
vt 0.175781 0.578125
vt 0.175781 0.593750
vt 0.164062 0.593750
vt 0.164062 0.578125
vt 0.167969 0.582031
vt 0.167969 0.593750
vt 0.164062 0.582031
vt 0.167969 0.578125
vt 0.171875 0.593750
vt 0.171875 0.578125
vt 0.171875 0.601562
vt 0.171875 0.609375
vt 0.156250 0.609375
vt 0.156250 0.601562
vt 0.160156 0.601562
vt 0.160156 0.609375
vt 0.167969 0.609375
vt 0.167969 0.601562
vt 0.132812 0.562500
vt 0.132812 0.574219
vt 0.128906 0.574219
vt 0.128906 0.562500
vt 0.132812 0.570312
vt 0.128906 0.570312
vt 0.132812 0.566406
vt 0.128906 0.566406
vt 0.136719 0.566406
vt 0.136719 0.578125
vt 0.132812 0.578125
vt 0.136719 0.574219
vt 0.136719 0.570312
vt 0.171875 0.597656
vt 0.167969 0.597656
vt 0.160156 0.593750
vt 0.164062 0.601562
vt 0.125000 0.570312
vt 0.125000 0.562500
vt 0.125000 0.566406
vt 0.156250 0.613281
vt 0.140625 0.613281
vt 0.140625 0.601562
vt 0.140625 0.609375
vt 0.156250 0.605469
vt 0.140625 0.605469
vt 0.160156 0.613281
vt 0.136719 0.609375
vt 0.136719 0.605469
vt 0.707031 0.558594
vt 0.707031 0.683594
vt 0.644531 0.683594
vt 0.644531 0.558594
vt 0.707031 0.746094
vt 0.644531 0.746094
vt 0.757812 0.558594
vt 0.757812 0.683594
vt 0.718750 0.683594
vt 0.718750 0.558594
vt 0.757812 0.722656
vt 0.718750 0.722656
vt 0.582031 0.746094
vt 0.746094 0.558594
vt 0.746094 0.683594
vt 0.730469 0.683594
vt 0.730469 0.558594
vt 0.312500 0.269531
vt 0.312500 0.285156
vt 0.296875 0.285156
vt 0.296875 0.269531
vt 0.281250 0.281250
vt 0.273438 0.281250
vt 0.273438 0.265625
vt 0.281250 0.265625
vt 0.269531 0.312500
vt 0.277344 0.312500
vt 0.277344 0.296875
vt 0.269531 0.296875
vt 0.285156 0.281250
vt 0.273438 0.273438
vt 0.285156 0.269531
vt 0.285156 0.285156
vt 0.273438 0.285156
vt 0.273438 0.269531
vt 0.597656 0.394531
vt 0.585938 0.425781
vt 0.566406 0.425781
vt 0.566406 0.394531
vt 0.628906 0.335938
vt 0.628906 0.355469
vt 0.597656 0.355469
vt 0.597656 0.335938
vt 0.628906 0.332031
vt 0.628906 0.363281
vt 0.597656 0.363281
vt 0.597656 0.332031
vt 0.628906 0.367188
vt 0.628906 0.402344
vt 0.597656 0.402344
vt 0.597656 0.367188
vt 0.628906 0.378906
vt 0.628906 0.394531
vt 0.597656 0.378906
vt 0.597656 0.425781
vt 0.597656 0.457031
vt 0.566406 0.457031
vt 0.597656 0.347656
vt 0.566406 0.378906
vt 0.566406 0.347656
s 0
usemtl default
f 6/1/1 2/2/1 1/3/1 5/4/1
f 7/5/2 3/6/2 4/7/2 8/8/2
f 2/9/3 6/10/3 8/7/3 4/8/3
f 14/1/1 10/2/1 9/3/1 13/4/1
f 15/5/2 11/6/2 12/7/2 16/8/2
f 10/9/3 14/10/3 16/7/3 12/8/3
f 22/1/1 18/2/1 17/3/1 21/4/1
f 23/5/2 19/6/2 20/7/2 24/8/2
f 18/9/3 22/10/3 24/7/3 20/8/3
f 26/11/4 27/12/4 29/13/4 28/14/4
f 31/12/5 30/15/6 32/16/7 33/17/8
f 31/12/9 27/18/9 26/16/9 30/15/9
f 32/17/2 28/12/2 29/19/2 33/16/2
f 30/20/3 26/21/3 28/7/3 32/15/3
f 27/11/10 31/22/11 33/23/12 29/14/13
f 37/13/3 35/12/3 34/11/3 36/14/3
f 40/16/14 38/15/14 39/12/14 41/17/14
f 34/16/9 35/18/9 39/12/9 38/15/9
f 37/19/2 36/12/2 40/17/2 41/16/2
f 36/7/4 34/21/4 38/20/4 40/15/4
f 41/23/15 39/22/16 35/11/17 37/14/18
f 45/24/3 43/25/3 42/26/3 44/27/3
f 48/28/14 46/29/14 47/30/14 49/31/14
f 42/32/9 43/33/9 47/34/9 46/35/9
f 45/36/2 44/37/2 48/38/2 49/1/2
f 44/39/4 42/40/4 46/41/4 48/42/4
f 49/43/19 47/44/19 43/45/20 45/46/18
f 50/47/4 51/48/4 53/49/4 52/50/4
f 55/51/21 54/52/21 56/53/21 57/54/21
f 55/55/9 51/56/9 50/57/9 54/58/9
f 56/59/2 52/60/2 53/61/2 57/62/2
f 54/63/3 50/64/3 52/65/3 56/66/3
f 51/67/14 55/68/14 57/69/14 53/70/14
f 58/47/4 59/48/4 61/49/4 60/50/4
f 63/51/21 62/52/21 64/53/21 65/54/21
f 63/55/9 59/56/9 58/57/9 62/58/9
f 64/59/2 60/60/2 61/61/2 65/62/2
f 62/63/3 58/64/3 60/65/3 64/66/3
f 59/67/14 63/68/14 65/69/14 61/70/14
f 66/26/3 67/25/3 69/24/3 68/27/3
f 71/30/14 70/29/14 72/28/14 73/31/14
f 71/34/9 67/33/9 66/32/9 70/35/9
f 72/38/2 68/37/2 69/36/2 73/1/2
f 70/41/21 66/40/21 68/39/21 72/42/21
f 67/45/22 71/44/23 73/43/23 69/46/24
f 77/24/4 75/25/4 74/26/4 76/27/4
f 80/28/21 78/29/21 79/30/21 81/31/21
f 74/32/9 75/33/9 79/34/9 78/35/9
f 77/36/2 76/37/2 80/38/2 81/1/2
f 76/39/14 74/40/14 78/41/14 80/42/14
f 81/43/25 79/44/22 75/45/26 77/46/27
f 82/47/14 83/48/14 85/49/14 84/50/14
f 87/51/3 86/52/3 88/53/3 89/54/3
f 87/55/9 83/56/9 82/57/9 86/58/9
f 88/59/2 84/60/2 85/61/2 89/62/2
f 86/63/4 82/64/4 84/65/4 88/66/4
f 83/67/21 87/68/21 89/69/21 85/70/21
f 90/47/14 91/48/14 93/49/14 92/50/14
f 95/51/3 94/52/3 96/53/3 97/54/3
f 95/55/9 91/56/9 90/57/9 94/58/9
f 96/59/2 92/60/2 93/61/2 97/62/2
f 94/63/4 90/64/4 92/65/4 96/66/4
f 91/67/21 95/68/21 97/69/21 93/70/21
f 98/26/4 99/25/4 101/24/4 100/27/4
f 103/30/21 102/29/21 104/28/21 105/31/21
f 103/34/9 99/33/9 98/32/9 102/35/9
f 104/38/2 100/37/2 101/36/2 105/1/2
f 102/41/3 98/40/3 100/39/3 104/42/3
f 99/45/28 103/44/29 105/43/12 101/46/28
f 109/13/21 107/12/21 106/11/21 108/14/21
f 112/16/4 110/15/4 111/12/4 113/17/4
f 106/16/9 107/18/9 111/12/9 110/15/9
f 109/19/30 108/12/31 112/17/32 113/16/33
f 108/7/3 106/21/3 110/20/3 112/15/3
f 113/23/34 111/22/35 107/11/36 109/14/37
f 114/11/3 115/12/3 117/13/3 116/14/3
f 119/12/14 118/15/14 120/16/14 121/17/14
f 119/12/38 115/18/39 114/16/40 118/15/41
f 120/17/42 116/12/31 117/19/32 121/16/43
f 118/20/21 114/21/21 116/7/21 120/15/21
f 115/11/44 119/22/45 121/23/46 117/14/47
f 122/26/21 123/25/21 125/24/21 124/27/21
f 127/30/4 126/29/4 128/28/4 129/31/4
f 127/34/9 123/33/9 122/32/9 126/35/9
f 128/38/2 124/37/2 125/36/2 129/1/2
f 126/41/14 122/40/14 124/39/14 128/42/14
f 123/45/48 127/44/49 129/43/50 125/46/51
f 133/49/14 131/48/14 130/47/14 132/50/14
f 136/53/3 134/52/3 135/51/3 137/54/3
f 130/57/9 131/56/9 135/55/9 134/58/9
f 133/61/2 132/60/2 136/59/2 137/62/2
f 132/65/21 130/64/21 134/63/21 136/66/21
f 137/69/4 135/68/4 131/67/4 133/70/4
f 141/49/14 139/48/14 138/47/14 140/50/14
f 144/53/3 142/52/3 143/51/3 145/54/3
f 138/57/9 139/56/9 143/55/9 142/58/9
f 141/61/2 140/60/2 144/59/2 145/62/2
f 140/65/21 138/64/21 142/63/21 144/66/21
f 145/69/4 143/68/4 139/67/4 141/70/4
f 149/24/21 147/25/21 146/26/21 148/27/21
f 152/28/4 150/29/4 151/30/4 153/31/4
f 146/32/9 147/33/9 151/34/9 150/35/9
f 149/36/2 148/37/2 152/38/2 153/1/2
f 148/39/3 146/40/3 150/41/3 152/42/3
f 153/43/52 151/44/53 147/45/54 149/46/54
f 154/71/19 155/72/19 157/73/19 156/74/19
f 159/75/55 155/76/56 154/77/57 158/78/58
f 160/79/2 156/13/2 157/80/2 161/81/2
f 165/82/3 163/83/3 162/84/3 164/85/3
f 162/86/59 163/87/59 167/88/59 166/89/59
f 165/90/2 164/91/2 168/10/2 169/92/2
f 173/73/23 171/72/23 170/71/23 172/74/23
f 170/77/60 171/76/61 175/75/62 174/78/63
f 173/80/2 172/13/2 176/79/2 177/81/2
f 181/73/19 179/72/19 178/71/19 180/74/19
f 178/77/64 179/76/65 183/75/66 182/78/67
f 181/80/2 180/13/2 184/79/2 185/81/2
f 186/84/21 187/83/21 189/82/21 188/85/21
f 25/88/68 187/87/69 186/86/70 190/89/69
f 191/10/2 188/91/2 189/90/2 192/92/2
f 193/71/54 194/72/54 196/73/54 195/74/54
f 198/75/71 194/76/72 193/77/73 197/78/74
f 199/79/2 195/13/2 196/80/2 200/81/2
f 204/73/54 202/72/54 201/71/54 203/74/54
f 201/77/75 202/76/76 206/75/77 205/78/78
f 204/80/2 203/13/2 207/79/2 208/81/2
f 209/84/14 210/83/14 212/82/14 211/85/14
f 214/88/79 210/87/80 209/86/81 213/89/80
f 215/10/2 211/91/2 212/90/2 216/92/2
f 217/71/28 218/72/28 220/73/28 219/74/28
f 222/75/82 218/76/83 217/77/84 221/78/85
f 223/79/2 219/13/2 220/80/2 224/81/2
f 225/71/23 226/72/23 228/73/23 227/74/23
f 230/75/86 226/76/87 225/77/88 229/78/89
f 231/79/2 227/13/2 228/80/2 232/81/2
f 236/82/4 234/83/4 233/84/4 235/85/4
f 233/86/90 234/87/91 238/88/90 237/89/92
f 236/90/2 235/91/2 239/10/2 240/92/2
f 244/73/28 242/72/28 241/71/28 243/74/28
f 241/77/93 242/76/94 246/75/95 245/78/96
f 244/80/2 243/13/2 247/79/2 248/81/2
f 249/26/14 250/25/14 252/24/14 251/27/14
f 254/30/3 253/29/3 255/28/3 256/31/3
f 254/34/9 250/33/9 249/32/9 253/35/9
f 255/38/2 251/37/2 252/36/2 256/1/2
f 253/41/4 249/40/4 251/39/4 255/42/4
f 250/45/53 254/44/97 256/43/98 252/46/99
f 260/49/4 258/48/4 257/47/4 259/50/4
f 263/53/21 261/52/21 262/51/21 264/54/21
f 257/57/9 258/56/9 262/55/9 261/58/9
f 260/61/2 259/60/2 263/59/2 264/62/2
f 259/65/14 257/64/14 261/63/14 263/66/14
f 264/69/3 262/68/3 258/67/3 260/70/3
f 268/49/4 266/48/4 265/47/4 267/50/4
f 271/53/21 269/52/21 270/51/21 272/54/21
f 265/57/9 266/56/9 270/55/9 269/58/9
f 268/61/2 267/60/2 271/59/2 272/62/2
f 267/65/14 265/64/14 269/63/14 271/66/14
f 272/69/3 270/68/3 266/67/3 268/70/3
f 276/24/14 274/25/14 273/26/14 275/27/14
f 279/28/3 277/29/3 278/30/3 280/31/3
f 273/32/9 274/33/9 278/34/9 277/35/9
f 276/36/2 275/37/2 279/38/2 280/1/2
f 275/39/21 273/40/21 277/41/21 279/42/21
f 280/43/100 278/44/101 274/45/102 276/46/103
f 284/13/4 282/12/4 281/11/4 283/14/4
f 287/16/21 285/15/21 286/12/21 288/17/21
f 281/16/9 282/18/9 286/12/9 285/15/9
f 284/19/2 283/12/2 287/17/2 288/16/2
f 283/7/14 281/21/14 285/20/14 287/15/14
f 288/23/25 286/22/22 282/11/26 284/14/27
f 289/11/14 290/12/14 292/13/14 291/14/14
f 294/12/3 293/15/3 295/16/3 296/17/3
f 294/12/9 290/18/9 289/16/9 293/15/9
f 295/17/2 291/12/2 292/19/2 296/16/2
f 293/20/4 289/21/4 291/7/4 295/15/4
f 290/11/53 294/22/97 296/23/98 292/14/99
f 297/11/21 298/12/21 300/13/21 299/14/21
f 302/12/4 301/15/4 303/16/4 304/17/4
f 302/12/9 298/18/9 297/16/9 301/15/9
f 303/17/2 299/12/2 300/19/2 304/16/2
f 301/20/14 297/21/14 299/7/14 303/15/14
f 298/11/104 302/22/105 304/23/106 300/14/107
f 308/13/14 306/12/14 305/11/14 307/14/14
f 311/16/3 309/15/3 310/12/3 312/17/3
f 305/16/9 306/18/9 310/12/9 309/15/9
f 308/19/2 307/12/2 311/17/2 312/16/2
f 307/7/21 305/21/21 309/20/21 311/15/21
f 312/23/108 310/22/109 306/11/110 308/14/111
f 318/1/112 314/2/112 313/3/112 317/4/112
f 319/5/2 315/6/2 316/7/2 320/8/2
f 314/9/21 318/10/21 320/7/21 316/8/21
f 326/1/112 322/2/112 321/3/112 325/4/112
f 327/5/2 323/6/2 324/7/2 328/8/2
f 322/9/5 326/10/6 328/7/7 324/8/8
f 334/1/112 330/2/112 329/3/112 333/4/112
f 335/5/2 331/6/2 332/7/2 336/8/2
f 330/9/21 334/10/21 336/7/21 332/8/21
f 338/7/2 337/6/2 339/5/2 340/8/2
f 341/3/113 342/2/113 344/1/113 343/4/113
f 340/7/4 344/10/4 342/9/4 338/8/4
f 348/93/14 346/94/14 345/95/14 347/96/14
f 351/93/3 349/94/3 350/95/3 352/96/3
f 345/97/9 346/98/9 350/99/9 349/100/9
f 348/97/2 347/98/2 351/99/2 352/100/2
f 347/97/21 345/98/21 349/99/21 351/100/21
f 352/100/4 350/99/4 346/94/4 348/93/4
f 439/101/9 435/102/9 436/103/9 440/104/9
f 972/105/14 970/106/14 969/107/14 971/108/14
f 969/109/9 970/110/9 974/111/9 973/112/9
f 972/110/2 971/109/2 975/112/2 976/111/2
f 971/113/21 969/114/21 973/115/21 975/116/21
f 976/113/4 974/114/4 970/115/4 972/116/4
f 980/113/14 978/114/14 977/115/14 979/116/14
f 983/117/3 981/118/3 982/119/3 984/120/3
f 977/121/9 978/122/9 982/123/9 981/111/9
f 980/122/2 979/121/2 983/111/2 984/123/2
f 979/124/21 977/125/21 981/119/21 983/120/21
f 988/126/14 986/127/14 985/128/14 987/129/14
f 985/130/9 986/131/9 990/132/9 989/123/9
f 988/131/2 987/130/2 991/123/2 992/132/2
f 987/113/21 985/114/21 989/115/21 991/116/21
f 992/113/4 990/114/4 986/115/4 988/116/4
f 996/93/14 994/94/14 993/95/14 995/96/14
f 999/93/3 997/94/3 998/95/3 1000/96/3
f 993/97/9 994/98/9 998/99/9 997/100/9
f 996/97/2 995/98/2 999/99/2 1000/100/2
f 995/97/21 993/98/21 997/99/21 999/100/21
f 1000/100/4 998/99/4 994/94/4 996/93/4
f 1244/93/14 1242/94/14 1241/95/14 1243/96/14
f 1247/93/3 1245/94/3 1246/95/3 1248/96/3
f 1241/97/9 1242/98/9 1246/99/9 1245/100/9
f 1244/97/2 1243/98/2 1247/99/2 1248/100/2
f 1243/97/21 1241/98/21 1245/99/21 1247/100/21
f 1248/100/4 1246/99/4 1242/94/4 1244/93/4
f 1255/133/3 1253/134/3 1254/135/3 1256/136/3
f 1249/137/9 1250/138/9 1254/139/9 1253/140/9
f 1251/141/21 1249/142/21 1253/143/21 1255/144/21
f 1256/145/4 1254/146/4 1250/147/4 1252/148/4
f 1260/149/14 1258/150/14 1257/151/14 1259/152/14
f 1263/152/3 1261/151/3 1262/150/3 1264/149/3
f 1257/151/9 1258/150/9 1262/149/9 1261/152/9
f 1260/150/2 1259/151/2 1263/152/2 1264/149/2
f 1259/153/21 1257/154/21 1261/155/21 1263/156/21
f 1264/153/4 1262/154/4 1258/155/4 1260/156/4
f 1268/157/114 1266/158/115 1265/159/115 1267/160/115
f 1271/160/3 1269/159/3 1270/158/3 1272/157/3
f 1265/161/9 1266/162/9 1270/163/9 1269/156/9
f 1268/159/2 1267/158/2 1271/157/2 1272/160/2
f 1267/164/21 1265/165/21 1269/166/21 1271/167/21
f 1272/153/4 1270/154/4 1266/155/4 1268/156/4
f 1273/159/116 1274/158/117 1276/157/116 1275/160/116
f 1278/158/3 1277/159/3 1279/160/3 1280/157/3
f 1278/163/9 1274/162/9 1273/161/9 1277/156/9
f 1279/157/2 1275/158/2 1276/159/2 1280/160/2
f 1277/166/4 1273/165/4 1275/164/4 1279/167/4
f 1274/155/21 1278/154/21 1280/153/21 1276/156/21
f 1281/159/118 1282/158/119 1284/157/118 1283/160/118
f 1286/158/14 1285/159/14 1287/160/14 1288/157/14
f 1286/163/9 1282/162/9 1281/161/9 1285/156/9
f 1287/157/2 1283/158/2 1284/159/2 1288/160/2
f 1285/166/21 1281/165/21 1283/164/21 1287/167/21
f 1282/155/4 1286/154/4 1288/153/4 1284/156/4
f 1292/168/21 1290/169/21 1289/170/21 1291/171/21
f 1295/171/4 1293/170/4 1294/169/4 1296/168/4
f 1289/170/9 1290/169/9 1294/168/9 1293/171/9
f 1292/170/2 1291/169/2 1295/168/2 1296/171/2
f 1291/153/3 1289/154/3 1293/155/3 1295/156/3
f 1296/153/14 1294/154/14 1290/155/14 1292/156/14
f 1300/172/3 1298/157/3 1297/160/3 1299/173/3
f 1303/173/14 1301/160/14 1302/157/14 1304/172/14
f 1297/160/9 1298/157/9 1302/172/9 1301/173/9
f 1300/160/2 1299/157/2 1303/172/2 1304/173/2
f 1299/153/4 1297/154/4 1301/155/4 1303/156/4
f 1304/153/21 1302/154/21 1298/155/21 1300/156/21
f 1308/172/4 1306/157/4 1305/160/4 1307/173/4
f 1311/173/21 1309/160/21 1310/157/21 1312/172/21
f 1305/160/9 1306/157/9 1310/172/9 1309/173/9
f 1308/160/2 1307/157/2 1311/172/2 1312/173/2
f 1307/153/14 1305/154/14 1309/155/14 1311/156/14
f 1312/153/3 1310/154/3 1306/155/3 1308/156/3
f 1315/109/14 1322/174/14 1321/175/14 1313/112/14
f 1313/137/9 1321/176/9 1324/177/9 1317/140/9
f 1319/101/2 1323/178/2 1322/179/2 1315/102/2
f 1320/180/4 1318/181/4 1314/182/4 1316/183/4
f 1314/132/14 1321/108/14 1322/184/14 1316/131/14
f 1316/103/2 1322/179/2 1323/178/2 1320/104/2
f 1318/139/9 1324/185/9 1321/186/9 1314/138/9
f 1329/132/3 1336/108/3 1335/184/3 1331/131/3
f 1325/137/9 1333/176/9 1336/177/9 1329/140/9
f 1331/101/2 1335/178/2 1334/179/2 1327/102/2
f 1332/187/4 1330/117/4 1326/120/4 1328/188/4
f 1328/103/2 1334/179/2 1335/178/2 1332/104/2
f 1332/109/3 1335/174/3 1336/175/3 1330/112/3
f 1330/139/9 1336/185/9 1333/186/9 1326/138/9
f 1340/189/9 1338/190/9 1337/191/9 1339/192/9
f 1343/189/2 1341/190/2 1342/191/2 1344/192/2
f 1337/193/120 1338/194/121 1342/191/120 1341/195/121
f 1340/193/122 1339/194/123 1343/191/122 1344/195/122
f 1339/196/124 1337/194/125 1341/191/124 1343/192/124
f 1344/189/126 1342/190/127 1338/197/128 1340/198/129
f 1348/199/9 1346/200/9 1345/201/9 1347/202/9
f 1351/199/2 1349/200/2 1350/201/2 1352/202/2
f 1345/189/120 1346/190/121 1350/197/120 1349/198/121
f 1348/189/122 1347/190/123 1351/197/130 1352/198/131
f 1347/203/124 1345/204/125 1349/201/124 1351/202/124
f 1352/199/132 1350/200/132 1346/205/132 1348/206/133
f 1356/207/9 1354/208/9 1353/209/9 1355/210/9
f 1359/207/2 1357/208/2 1358/209/2 1360/210/2
f 1353/211/120 1354/208/121 1358/209/120 1357/212/121
f 1356/207/122 1355/213/123 1359/214/122 1360/210/122
f 1355/207/134 1353/208/135 1357/209/136 1359/210/135
f 1360/207/132 1358/208/132 1354/209/132 1356/210/133
f 1364/215/9 1362/216/9 1361/217/9 1363/213/9
f 1367/215/2 1365/216/2 1366/217/2 1368/213/2
f 1361/218/120 1362/216/121 1366/217/120 1365/208/121
f 1364/215/122 1363/219/123 1367/211/122 1368/213/122
f 1363/215/124 1361/216/125 1365/217/124 1367/213/124
f 1368/215/132 1366/216/132 1362/217/132 1364/213/132
f 1372/207/137 1370/208/138 1369/209/139 1371/210/140
f 1375/207/141 1373/208/142 1374/209/143 1376/210/144
f 1369/211/120 1370/208/121 1374/209/120 1373/212/120
f 1372/207/122 1371/213/123 1375/214/122 1376/210/123
f 1371/207/124 1369/208/125 1373/209/124 1375/210/124
f 1376/207/145 1374/208/146 1370/209/147 1372/210/146
f 1380/215/137 1378/216/138 1377/217/139 1379/213/140
f 1383/215/141 1381/216/142 1382/217/143 1384/213/144
f 1377/218/120 1378/216/121 1382/217/120 1381/208/121
f 1380/215/122 1379/219/123 1383/211/122 1384/213/123
f 1379/215/124 1377/216/125 1381/217/124 1383/213/125
f 1384/215/132 1382/216/133 1378/217/132 1380/213/133
f 1388/220/9 1386/199/9 1385/206/9 1387/221/9
f 1391/220/2 1389/199/2 1390/206/2 1392/221/2
f 1385/220/120 1386/199/120 1390/206/120 1389/221/120
f 1388/220/122 1387/199/123 1391/206/122 1392/221/122
f 1387/220/124 1385/199/125 1389/206/124 1391/221/125
f 1392/220/132 1390/199/132 1386/206/132 1388/221/133
f 1396/220/9 1394/199/9 1393/206/9 1395/221/9
f 1399/220/2 1397/199/2 1398/206/2 1400/221/2
f 1393/220/120 1394/199/121 1398/206/120 1397/221/120
f 1396/220/122 1395/199/122 1399/206/122 1400/221/122
f 1395/220/124 1393/199/125 1397/206/124 1399/221/124
f 1400/220/132 1398/199/133 1394/206/132 1396/221/133
f 1404/197/9 1402/199/9 1401/203/9 1403/222/9
f 1407/197/2 1405/199/2 1406/203/2 1408/222/2
f 1401/193/120 1402/194/121 1406/191/120 1405/195/121
f 1404/193/123 1403/194/148 1407/191/131 1408/195/148
f 1403/191/124 1401/223/125 1405/203/124 1407/222/125
f 1408/197/132 1406/199/132 1402/206/132 1404/194/133
f 1412/210/9 1410/212/9 1409/224/9 1411/225/9
f 1415/210/2 1413/212/2 1414/224/2 1416/225/2
f 1409/214/120 1410/212/121 1414/224/120 1413/226/120
f 1412/210/122 1411/214/123 1415/226/122 1416/225/122
f 1411/210/124 1409/212/125 1413/224/124 1415/225/124
f 1416/210/132 1414/212/132 1410/224/132 1412/225/133
f 1420/207/9 1418/208/9 1417/209/9 1419/210/9
f 1423/207/2 1421/208/2 1422/209/2 1424/210/2
f 1417/211/120 1418/208/121 1422/209/120 1421/212/120
f 1420/207/122 1419/213/123 1423/214/122 1424/210/123
f 1419/207/124 1417/208/125 1421/209/124 1423/210/125
f 1424/207/132 1422/208/133 1418/209/132 1420/210/133
f 1428/215/9 1426/216/9 1425/217/9 1427/213/9
f 1431/215/2 1429/216/2 1430/217/2 1432/213/2
f 1425/218/149 1426/216/150 1430/217/151 1429/208/150
f 1428/215/122 1427/219/123 1431/211/122 1432/213/122
f 1427/215/124 1425/216/125 1429/217/124 1431/213/124
f 1432/215/152 1430/216/153 1426/217/154 1428/213/153
f 1436/207/9 1434/208/9 1433/209/9 1435/210/9
f 1439/207/2 1437/208/2 1438/209/2 1440/210/2
f 1433/211/120 1434/208/121 1438/209/120 1437/212/121
f 1436/207/122 1435/213/123 1439/214/122 1440/210/122
f 1435/207/124 1433/208/125 1437/209/124 1439/210/125
f 1440/207/132 1438/208/133 1434/209/132 1436/210/133
f 1444/215/9 1442/216/9 1441/217/9 1443/213/9
f 1447/215/2 1445/216/2 1446/217/2 1448/213/2
f 1441/218/120 1442/216/121 1446/217/120 1445/208/121
f 1444/215/122 1443/219/123 1447/211/122 1448/213/123
f 1443/215/124 1441/216/125 1445/217/124 1447/213/124
f 1448/215/155 1446/216/156 1442/217/157 1444/213/156
f 1452/202/9 1450/227/9 1449/228/9 1451/229/9
f 1455/202/2 1453/227/2 1454/228/2 1456/229/2
f 1449/227/120 1450/228/121 1454/230/120 1453/201/120
f 1452/231/122 1451/232/122 1455/229/122 1456/202/122
f 1451/220/134 1449/200/135 1453/205/136 1455/221/135
f 1456/220/155 1454/200/156 1450/205/157 1452/221/156
f 1460/204/9 1458/233/9 1457/227/9 1459/201/9
f 1463/204/2 1461/233/2 1462/227/2 1464/201/2
f 1457/204/120 1458/233/121 1462/227/120 1461/201/121
f 1460/204/122 1459/233/123 1463/227/122 1464/201/123
f 1459/204/124 1457/233/125 1461/227/124 1463/201/125
f 1464/204/132 1462/233/132 1458/227/132 1460/201/133
f 1468/232/9 1466/230/9 1465/234/9 1467/235/9
f 1471/232/2 1469/230/2 1470/234/2 1472/235/2
f 1465/232/120 1466/230/121 1470/234/120 1469/235/120
f 1468/232/122 1467/230/123 1471/234/122 1472/235/123
f 1467/232/124 1465/230/125 1469/234/124 1471/235/124
f 1472/232/155 1470/230/158 1466/234/159 1468/235/158
f 1655/101/9 1651/102/9 1652/103/9 1656/104/9
f 2279/101/9 2275/102/9 2276/103/9 2280/104/9
f 2895/101/9 2891/102/9 2892/103/9 2896/104/9
f 356/236/4 354/237/4 353/238/4 355/239/4
f 359/236/21 357/237/21 358/238/21 360/239/21
f 353/237/9 354/240/9 358/241/9 357/238/9
f 356/237/2 355/240/2 359/241/2 360/238/2
f 355/236/14 353/237/14 357/238/14 359/239/14
f 360/236/3 358/237/3 354/238/3 356/239/3
f 364/242/4 362/243/4 361/244/4 363/245/4
f 367/242/21 365/243/21 366/244/21 368/245/21
f 361/243/9 362/246/9 366/247/9 365/244/9
f 364/243/2 363/246/2 367/247/2 368/244/2
f 363/242/14 361/243/14 365/244/14 367/245/14
f 368/242/3 366/243/3 362/244/3 364/245/3
f 372/236/4 370/237/4 369/238/4 371/239/4
f 375/236/21 373/237/21 374/238/21 376/239/21
f 369/237/9 370/240/9 374/241/9 373/238/9
f 372/237/2 371/240/2 375/241/2 376/238/2
f 371/236/14 369/237/14 373/238/14 375/239/14
f 376/236/3 374/237/3 370/238/3 372/239/3
f 380/242/4 378/243/4 377/244/4 379/245/4
f 383/242/21 381/243/21 382/244/21 384/245/21
f 377/243/9 378/246/9 382/247/9 381/244/9
f 380/243/2 379/246/2 383/247/2 384/244/2
f 379/242/14 377/243/14 381/244/14 383/245/14
f 384/242/3 382/243/3 378/244/3 380/245/3
f 388/236/4 386/237/4 385/238/4 387/239/4
f 391/236/21 389/237/21 390/238/21 392/239/21
f 385/237/9 386/240/9 390/241/9 389/238/9
f 388/237/2 387/240/2 391/241/2 392/238/2
f 387/236/14 385/237/14 389/238/14 391/239/14
f 392/236/3 390/237/3 386/238/3 388/239/3
f 396/242/4 394/243/4 393/244/4 395/245/4
f 399/242/21 397/243/21 398/244/21 400/245/21
f 393/243/9 394/246/9 398/247/9 397/244/9
f 396/243/2 395/246/2 399/247/2 400/244/2
f 395/242/14 393/243/14 397/244/14 399/245/14
f 400/242/3 398/243/3 394/244/3 396/245/3
f 404/236/4 402/237/4 401/238/4 403/239/4
f 407/236/21 405/237/21 406/238/21 408/239/21
f 404/237/2 403/240/2 407/241/2 408/238/2
f 403/236/14 401/237/14 405/238/14 407/239/14
f 408/236/3 406/237/3 402/238/3 404/239/3
f 412/242/4 410/243/4 409/244/4 411/245/4
f 415/242/21 413/243/21 414/244/21 416/245/21
f 409/243/9 410/246/9 414/247/9 413/244/9
f 412/243/2 411/246/2 415/247/2 416/244/2
f 411/242/14 409/243/14 413/244/14 415/245/14
f 416/242/3 414/243/3 410/244/3 412/245/3
f 420/236/4 418/237/4 417/238/4 419/239/4
f 423/236/21 421/237/21 422/238/21 424/239/21
f 417/237/9 418/240/9 422/241/9 421/238/9
f 420/237/2 419/240/2 423/241/2 424/238/2
f 419/236/14 417/237/14 421/238/14 423/239/14
f 424/236/3 422/237/3 418/238/3 420/239/3
f 428/242/4 426/243/4 425/244/4 427/245/4
f 431/242/21 429/243/21 430/244/21 432/245/21
f 425/243/9 426/246/9 430/247/9 429/244/9
f 428/243/2 427/246/2 431/247/2 432/244/2
f 427/242/14 425/243/14 429/244/14 431/245/14
f 432/242/3 430/243/3 426/244/3 428/245/3
f 433/248/160 434/241/160 436/241/160 435/248/160
f 438/248/160 437/241/160 439/241/160 440/248/160
f 437/248/14 433/241/14 435/241/14 439/248/14
f 434/248/14 438/241/14 440/241/14 436/248/14
f 444/249/4 442/250/4 441/251/4 443/252/4
f 447/249/21 445/250/21 446/251/21 448/252/21
f 443/249/14 441/250/14 445/251/14 447/252/14
f 448/249/3 446/250/3 442/251/3 444/252/3
f 452/249/4 450/250/4 449/251/4 451/252/4
f 455/249/21 453/250/21 454/251/21 456/252/21
f 449/253/9 450/254/9 454/255/9 453/256/9
f 451/249/14 449/250/14 453/251/14 455/252/14
f 456/249/3 454/250/3 450/251/3 452/252/3
f 460/249/4 458/250/4 457/251/4 459/252/4
f 463/249/21 461/250/21 462/251/21 464/252/21
f 460/253/2 459/254/2 463/255/2 464/256/2
f 459/249/14 457/250/14 461/251/14 463/252/14
f 464/249/3 462/250/3 458/251/3 460/252/3
f 465/257/3 466/258/3 468/259/3 467/260/3
f 470/261/14 469/262/14 471/263/14 472/264/14
f 470/265/4 466/258/4 465/266/4 469/267/4
f 471/265/21 467/258/21 468/266/21 472/267/21
f 469/268/161 465/269/161 467/270/161 471/267/161
f 466/269/162 470/268/162 472/267/162 468/270/162
f 473/257/3 474/258/3 476/259/3 475/260/3
f 478/261/14 477/262/14 479/263/14 480/264/14
f 478/265/4 474/258/4 473/266/4 477/267/4
f 479/265/21 475/258/21 476/266/21 480/267/21
f 477/268/161 473/269/161 475/270/161 479/267/161
f 474/269/162 478/268/162 480/267/162 476/270/162
f 481/257/3 482/258/3 484/259/3 483/260/3
f 486/261/14 485/262/14 487/263/14 488/264/14
f 486/265/4 482/258/4 481/266/4 485/267/4
f 487/265/21 483/258/21 484/266/21 488/267/21
f 485/268/161 481/269/161 483/270/161 487/267/161
f 482/269/162 486/268/162 488/267/162 484/270/162
f 489/257/3 490/258/3 492/259/3 491/260/3
f 494/261/14 493/262/14 495/263/14 496/264/14
f 494/265/4 490/258/4 489/266/4 493/267/4
f 495/265/21 491/258/21 492/266/21 496/267/21
f 493/268/161 489/269/161 491/270/161 495/267/161
f 490/269/162 494/268/162 496/267/162 492/270/162
f 497/257/3 498/258/3 500/259/3 499/260/3
f 502/261/14 501/262/14 503/263/14 504/264/14
f 502/265/4 498/258/163 497/266/4 501/267/4
f 503/265/21 499/258/21 500/266/21 504/267/164
f 501/268/161 497/269/161 499/270/161 503/267/161
f 498/269/162 502/268/162 504/267/162 500/270/162
f 505/257/3 506/258/3 508/259/3 507/260/3
f 510/261/14 509/262/14 511/263/14 512/264/14
f 510/265/4 506/258/4 505/266/4 509/267/4
f 511/265/21 507/258/21 508/266/21 512/267/21
f 509/268/161 505/269/161 507/270/161 511/267/161
f 506/269/162 510/268/162 512/267/162 508/270/162
f 513/257/3 514/258/3 516/259/3 515/260/3
f 518/261/14 517/262/14 519/263/14 520/264/14
f 518/265/4 514/258/4 513/266/4 517/267/4
f 519/265/21 515/258/21 516/266/21 520/267/21
f 517/268/161 513/269/161 515/270/161 519/267/161
f 514/269/162 518/268/162 520/267/162 516/270/162
f 521/257/3 522/258/3 524/259/3 523/260/3
f 526/261/14 525/262/14 527/263/14 528/264/14
f 526/265/4 522/258/4 521/266/4 525/267/4
f 527/265/21 523/258/21 524/266/21 528/267/21
f 525/268/161 521/269/161 523/270/161 527/267/161
f 522/269/162 526/268/162 528/267/162 524/270/162
f 529/257/3 530/258/3 532/259/3 531/260/3
f 534/261/14 533/262/14 535/263/14 536/264/14
f 534/265/4 530/258/4 529/266/4 533/267/4
f 535/265/21 531/258/21 532/266/21 536/267/21
f 533/268/161 529/269/161 531/270/161 535/267/161
f 530/269/162 534/268/162 536/267/162 532/270/162
f 537/257/3 538/258/3 540/259/3 539/260/3
f 542/261/14 541/262/14 543/263/14 544/264/14
f 542/265/4 538/258/4 537/266/4 541/267/4
f 543/265/21 539/258/21 540/266/21 544/267/21
f 541/268/161 537/269/161 539/270/161 543/267/161
f 538/269/162 542/268/162 544/267/162 540/270/162
f 545/257/3 546/258/3 548/259/3 547/260/3
f 550/261/14 549/262/14 551/263/14 552/264/14
f 550/265/4 546/258/4 545/266/4 549/267/4
f 551/265/21 547/258/21 548/266/21 552/267/21
f 549/268/161 545/269/161 547/270/161 551/267/161
f 546/269/162 550/268/162 552/267/162 548/270/162
f 553/257/3 554/258/3 556/259/3 555/260/3
f 558/261/14 557/262/14 559/263/14 560/264/14
f 558/265/4 554/258/4 553/266/4 557/267/4
f 559/265/21 555/258/21 556/266/21 560/267/21
f 557/268/161 553/269/161 555/270/161 559/267/161
f 554/269/162 558/268/162 560/267/162 556/270/162
f 561/257/3 562/258/3 564/259/3 563/260/3
f 566/261/14 565/262/14 567/263/14 568/264/14
f 566/265/4 562/258/4 561/266/4 565/267/4
f 567/265/21 563/258/21 564/266/21 568/267/21
f 565/268/161 561/269/161 563/270/161 567/267/161
f 562/269/162 566/268/162 568/267/162 564/270/162
f 569/257/3 570/258/3 572/259/3 571/260/3
f 574/261/14 573/262/14 575/263/14 576/264/14
f 574/265/4 570/258/4 569/266/4 573/267/4
f 575/265/21 571/258/21 572/266/21 576/267/21
f 573/268/161 569/269/161 571/270/161 575/267/161
f 570/269/162 574/268/162 576/267/162 572/270/162
f 577/257/3 578/258/3 580/259/3 579/260/3
f 582/261/14 581/262/14 583/263/14 584/264/14
f 582/265/4 578/258/4 577/266/4 581/267/4
f 583/265/21 579/258/21 580/266/21 584/267/21
f 581/268/161 577/269/161 579/270/161 583/267/161
f 578/269/162 582/268/162 584/267/162 580/270/162
f 588/259/14 586/258/14 585/257/14 587/260/14
f 591/263/3 589/262/3 590/261/3 592/264/3
f 585/266/4 586/258/4 590/265/4 589/267/4
f 588/266/21 587/258/21 591/265/21 592/267/21
f 587/270/165 585/269/165 589/268/165 591/267/165
f 592/267/166 590/268/166 586/269/166 588/270/166
f 596/259/14 594/258/14 593/257/14 595/260/14
f 599/263/3 597/262/3 598/261/3 600/264/3
f 593/266/4 594/258/4 598/265/4 597/267/4
f 596/266/21 595/258/21 599/265/21 600/267/21
f 595/270/165 593/269/165 597/268/165 599/267/165
f 600/267/166 598/268/166 594/269/166 596/270/166
f 604/259/14 602/258/14 601/257/14 603/260/14
f 607/263/3 605/262/3 606/261/3 608/264/3
f 601/266/4 602/258/4 606/265/4 605/267/4
f 604/266/21 603/258/21 607/265/21 608/267/21
f 603/270/165 601/269/165 605/268/165 607/267/165
f 608/267/166 606/268/166 602/269/166 604/270/166
f 612/259/14 610/258/14 609/257/14 611/260/14
f 615/263/3 613/262/3 614/261/3 616/264/3
f 609/266/4 610/258/4 614/265/4 613/267/4
f 612/266/21 611/258/21 615/265/21 616/267/21
f 611/270/165 609/269/165 613/268/165 615/267/165
f 616/267/166 614/268/166 610/269/166 612/270/166
f 620/259/14 618/258/14 617/257/14 619/260/14
f 623/263/3 621/262/3 622/261/3 624/264/3
f 617/266/4 618/258/4 622/265/4 621/267/4
f 620/266/21 619/258/21 623/265/21 624/267/21
f 619/270/165 617/269/165 621/268/165 623/267/165
f 624/267/166 622/268/166 618/269/166 620/270/166
f 628/259/14 626/258/14 625/257/14 627/260/14
f 631/263/3 629/262/3 630/261/3 632/264/3
f 625/266/4 626/258/4 630/265/4 629/267/4
f 628/266/21 627/258/21 631/265/21 632/267/21
f 627/270/165 625/269/165 629/268/165 631/267/165
f 632/267/166 630/268/166 626/269/166 628/270/166
f 636/259/14 634/258/14 633/257/14 635/260/14
f 639/263/3 637/262/3 638/261/3 640/264/3
f 633/266/4 634/258/4 638/265/4 637/267/4
f 636/266/21 635/258/21 639/265/21 640/267/21
f 635/270/165 633/269/165 637/268/165 639/267/165
f 640/267/166 638/268/166 634/269/166 636/270/166
f 644/259/14 642/258/14 641/257/14 643/260/14
f 647/263/3 645/262/3 646/261/3 648/264/3
f 641/266/4 642/258/4 646/265/4 645/267/4
f 644/266/21 643/258/21 647/265/21 648/267/21
f 643/270/165 641/269/165 645/268/165 647/267/165
f 648/267/166 646/268/166 642/269/166 644/270/166
f 652/259/14 650/258/14 649/257/14 651/260/14
f 655/263/3 653/262/3 654/261/3 656/264/3
f 649/266/4 650/258/4 654/265/4 653/267/4
f 652/266/21 651/258/21 655/265/21 656/267/21
f 651/270/165 649/269/165 653/268/165 655/267/165
f 656/267/166 654/268/166 650/269/166 652/270/166
f 660/259/14 658/258/14 657/257/14 659/260/14
f 663/263/3 661/262/3 662/261/3 664/264/3
f 657/266/4 658/258/4 662/265/4 661/267/4
f 660/266/21 659/258/21 663/265/21 664/267/21
f 659/270/165 657/269/165 661/268/165 663/267/165
f 664/267/166 662/268/166 658/269/166 660/270/166
f 668/259/14 666/258/14 665/257/14 667/260/14
f 671/263/3 669/262/3 670/261/3 672/264/3
f 665/266/4 666/258/4 670/265/4 669/267/4
f 668/266/21 667/258/21 671/265/21 672/267/21
f 667/270/165 665/269/165 669/268/165 671/267/165
f 672/267/166 670/268/166 666/269/166 668/270/166
f 676/259/14 674/258/14 673/257/14 675/260/14
f 679/263/3 677/262/3 678/261/3 680/264/3
f 673/266/4 674/258/4 678/265/4 677/267/4
f 676/266/21 675/258/21 679/265/21 680/267/21
f 675/270/165 673/269/165 677/268/165 679/267/165
f 680/267/166 678/268/166 674/269/166 676/270/166
f 684/259/14 682/258/14 681/257/14 683/260/14
f 687/263/3 685/262/3 686/261/3 688/264/3
f 681/266/4 682/258/4 686/265/4 685/267/4
f 684/266/21 683/258/21 687/265/21 688/267/21
f 683/270/165 681/269/165 685/268/165 687/267/165
f 688/267/166 686/268/166 682/269/166 684/270/166
f 692/259/14 690/258/14 689/257/14 691/260/14
f 695/263/3 693/262/3 694/261/3 696/264/3
f 689/266/4 690/258/4 694/265/4 693/267/4
f 692/266/21 691/258/21 695/265/21 696/267/21
f 691/270/165 689/269/165 693/268/165 695/267/165
f 696/267/166 694/268/166 690/269/166 692/270/166
f 700/259/14 698/258/14 697/257/14 699/260/14
f 703/263/3 701/262/3 702/261/3 704/264/3
f 697/266/4 698/258/4 702/265/4 701/267/4
f 700/266/21 699/258/21 703/265/21 704/267/21
f 699/270/165 697/269/165 701/268/165 703/267/165
f 704/267/166 702/268/166 698/269/166 700/270/166
f 708/249/4 706/250/4 705/251/4 707/252/4
f 711/249/21 709/250/21 710/251/21 712/252/21
f 707/249/14 705/250/14 709/251/14 711/252/14
f 712/249/3 710/250/3 706/251/3 708/252/3
f 716/249/4 714/250/4 713/251/4 715/252/4
f 719/249/21 717/250/21 718/251/21 720/252/21
f 713/253/9 714/254/9 718/255/9 717/256/9
f 715/249/14 713/250/14 717/251/14 719/252/14
f 720/249/3 718/250/3 714/251/3 716/252/3
f 724/249/4 722/250/4 721/251/4 723/252/4
f 727/249/21 725/250/21 726/251/21 728/252/21
f 724/253/2 723/254/2 727/255/2 728/256/2
f 723/249/14 721/250/14 725/251/14 727/252/14
f 728/249/3 726/250/3 722/251/3 724/252/3
f 729/257/3 730/258/3 732/259/3 731/260/3
f 734/261/14 733/262/14 735/263/14 736/264/14
f 734/265/4 730/258/4 729/266/4 733/267/4
f 735/265/21 731/258/21 732/266/21 736/267/21
f 733/268/161 729/269/161 731/270/161 735/267/161
f 730/269/162 734/268/162 736/267/162 732/270/162
f 737/257/3 738/258/3 740/259/3 739/260/3
f 742/261/14 741/262/14 743/263/14 744/264/14
f 742/265/4 738/258/4 737/266/4 741/267/4
f 743/265/21 739/258/21 740/266/21 744/267/21
f 741/268/161 737/269/161 739/270/161 743/267/161
f 738/269/162 742/268/162 744/267/162 740/270/162
f 745/257/3 746/258/3 748/259/3 747/260/3
f 750/261/14 749/262/14 751/263/14 752/264/14
f 750/265/4 746/258/4 745/266/4 749/267/4
f 751/265/21 747/258/21 748/266/21 752/267/21
f 749/268/161 745/269/161 747/270/161 751/267/161
f 746/269/162 750/268/162 752/267/162 748/270/162
f 753/257/3 754/258/3 756/259/3 755/260/3
f 758/261/14 757/262/14 759/263/14 760/264/14
f 758/265/4 754/258/4 753/266/4 757/267/4
f 759/265/21 755/258/21 756/266/21 760/267/21
f 757/268/161 753/269/161 755/270/161 759/267/161
f 754/269/162 758/268/162 760/267/162 756/270/162
f 761/257/3 762/258/3 764/259/3 763/260/3
f 766/261/14 765/262/14 767/263/14 768/264/14
f 766/265/4 762/258/4 761/266/4 765/267/4
f 767/265/21 763/258/21 764/266/21 768/267/21
f 765/268/161 761/269/161 763/270/161 767/267/161
f 762/269/162 766/268/162 768/267/162 764/270/162
f 769/257/3 770/258/3 772/259/3 771/260/3
f 774/261/14 773/262/14 775/263/14 776/264/14
f 774/265/4 770/258/4 769/266/4 773/267/4
f 775/265/21 771/258/21 772/266/21 776/267/21
f 773/268/161 769/269/161 771/270/161 775/267/161
f 770/269/162 774/268/162 776/267/162 772/270/162
f 777/257/3 778/258/3 780/259/3 779/260/3
f 782/261/14 781/262/14 783/263/14 784/264/14
f 782/265/4 778/258/4 777/266/4 781/267/4
f 783/265/21 779/258/21 780/266/21 784/267/21
f 781/268/161 777/269/161 779/270/161 783/267/161
f 778/269/162 782/268/162 784/267/162 780/270/162
f 785/257/3 786/258/3 788/259/3 787/260/3
f 790/261/14 789/262/14 791/263/14 792/264/14
f 790/265/4 786/258/4 785/266/4 789/267/4
f 791/265/21 787/258/21 788/266/21 792/267/21
f 789/268/161 785/269/161 787/270/161 791/267/161
f 786/269/162 790/268/162 792/267/162 788/270/162
f 793/257/3 794/258/3 796/259/3 795/260/3
f 798/261/14 797/262/14 799/263/14 800/264/14
f 798/265/4 794/258/4 793/266/4 797/267/4
f 799/265/21 795/258/21 796/266/21 800/267/21
f 797/268/161 793/269/161 795/270/161 799/267/161
f 794/269/162 798/268/162 800/267/162 796/270/162
f 801/257/3 802/258/3 804/259/3 803/260/3
f 806/261/14 805/262/14 807/263/14 808/264/14
f 806/265/4 802/258/4 801/266/4 805/267/4
f 807/265/21 803/258/21 804/266/21 808/267/21
f 805/268/161 801/269/161 803/270/161 807/267/161
f 802/269/162 806/268/162 808/267/162 804/270/162
f 809/257/3 810/258/3 812/259/3 811/260/3
f 814/261/14 813/262/14 815/263/14 816/264/14
f 814/265/4 810/258/4 809/266/167 813/267/4
f 815/265/21 811/258/21 812/266/168 816/267/21
f 813/268/161 809/269/161 811/270/161 815/267/161
f 810/269/162 814/268/162 816/267/162 812/270/162
f 817/257/3 818/258/3 820/259/3 819/260/3
f 822/261/14 821/262/14 823/263/14 824/264/14
f 822/265/4 818/258/4 817/266/4 821/267/4
f 823/265/21 819/258/21 820/266/21 824/267/21
f 821/268/161 817/269/161 819/270/161 823/267/161
f 818/269/162 822/268/162 824/267/162 820/270/162
f 825/257/3 826/258/3 828/259/3 827/260/3
f 830/261/14 829/262/14 831/263/14 832/264/14
f 830/265/4 826/258/4 825/266/4 829/267/4
f 831/265/21 827/258/21 828/266/21 832/267/21
f 829/268/161 825/269/161 827/270/161 831/267/161
f 826/269/162 830/268/162 832/267/162 828/270/162
f 833/257/3 834/258/3 836/259/3 835/260/3
f 838/261/14 837/262/14 839/263/14 840/264/14
f 838/265/4 834/258/4 833/266/4 837/267/4
f 839/265/21 835/258/21 836/266/21 840/267/21
f 837/268/161 833/269/161 835/270/161 839/267/161
f 834/269/162 838/268/162 840/267/162 836/270/162
f 841/257/3 842/258/3 844/259/3 843/260/3
f 846/261/14 845/262/14 847/263/14 848/264/14
f 846/265/4 842/258/4 841/266/4 845/267/4
f 847/265/21 843/258/21 844/266/21 848/267/21
f 845/268/161 841/269/161 843/270/161 847/267/161
f 842/269/162 846/268/162 848/267/162 844/270/162
f 852/259/14 850/258/14 849/257/14 851/260/14
f 855/263/3 853/262/3 854/261/3 856/264/3
f 849/266/4 850/258/4 854/265/4 853/267/4
f 852/266/21 851/258/21 855/265/21 856/267/21
f 851/270/165 849/269/165 853/268/165 855/267/165
f 856/267/166 854/268/166 850/269/166 852/270/166
f 860/259/14 858/258/14 857/257/14 859/260/14
f 863/263/3 861/262/3 862/261/3 864/264/3
f 857/266/4 858/258/4 862/265/4 861/267/167
f 860/266/21 859/258/21 863/265/21 864/267/168
f 859/270/165 857/269/165 861/268/165 863/267/165
f 864/267/166 862/268/166 858/269/166 860/270/166
f 868/259/14 866/258/14 865/257/14 867/260/14
f 871/263/3 869/262/3 870/261/3 872/264/3
f 865/266/4 866/258/4 870/265/4 869/267/4
f 868/266/21 867/258/21 871/265/21 872/267/21
f 867/270/165 865/269/165 869/268/165 871/267/165
f 872/267/166 870/268/166 866/269/166 868/270/166
f 876/259/14 874/258/14 873/257/14 875/260/14
f 879/263/3 877/262/3 878/261/3 880/264/3
f 873/266/4 874/258/4 878/265/4 877/267/4
f 876/266/21 875/258/21 879/265/21 880/267/21
f 875/270/165 873/269/165 877/268/165 879/267/165
f 880/267/166 878/268/166 874/269/166 876/270/166
f 884/259/14 882/258/14 881/257/14 883/260/14
f 887/263/3 885/262/3 886/261/3 888/264/3
f 881/266/4 882/258/4 886/265/4 885/267/4
f 884/266/21 883/258/21 887/265/21 888/267/21
f 883/270/165 881/269/165 885/268/165 887/267/165
f 888/267/166 886/268/166 882/269/166 884/270/166
f 892/259/14 890/258/14 889/257/14 891/260/14
f 895/263/3 893/262/3 894/261/3 896/264/3
f 889/266/4 890/258/4 894/265/4 893/267/4
f 892/266/21 891/258/21 895/265/21 896/267/21
f 891/270/165 889/269/165 893/268/165 895/267/165
f 896/267/166 894/268/166 890/269/166 892/270/166
f 900/259/14 898/258/14 897/257/14 899/260/14
f 903/263/3 901/262/3 902/261/3 904/264/3
f 897/266/4 898/258/4 902/265/4 901/267/4
f 900/266/21 899/258/21 903/265/21 904/267/21
f 899/270/165 897/269/165 901/268/165 903/267/165
f 904/267/166 902/268/166 898/269/166 900/270/166
f 908/259/14 906/258/14 905/257/14 907/260/14
f 911/263/3 909/262/3 910/261/3 912/264/3
f 905/266/4 906/258/4 910/265/4 909/267/4
f 908/266/21 907/258/21 911/265/21 912/267/21
f 907/270/165 905/269/165 909/268/165 911/267/165
f 912/267/166 910/268/166 906/269/166 908/270/166
f 916/259/14 914/258/14 913/257/14 915/260/14
f 919/263/3 917/262/3 918/261/3 920/264/3
f 913/266/4 914/258/4 918/265/4 917/267/4
f 916/266/21 915/258/21 919/265/21 920/267/21
f 915/270/165 913/269/165 917/268/165 919/267/165
f 920/267/166 918/268/166 914/269/166 916/270/166
f 924/259/14 922/258/14 921/257/14 923/260/14
f 927/263/3 925/262/3 926/261/3 928/264/3
f 921/266/4 922/258/4 926/265/4 925/267/4
f 924/266/21 923/258/21 927/265/21 928/267/21
f 923/270/165 921/269/165 925/268/165 927/267/165
f 928/267/166 926/268/166 922/269/166 924/270/166
f 932/259/14 930/258/14 929/257/14 931/260/14
f 935/263/3 933/262/3 934/261/3 936/264/3
f 929/266/4 930/258/4 934/265/4 933/267/4
f 932/266/21 931/258/21 935/265/21 936/267/21
f 931/270/165 929/269/165 933/268/165 935/267/165
f 936/267/166 934/268/166 930/269/166 932/270/166
f 940/259/14 938/258/14 937/257/14 939/260/14
f 943/263/3 941/262/3 942/261/3 944/264/3
f 937/266/4 938/258/4 942/265/4 941/267/4
f 940/266/21 939/258/21 943/265/21 944/267/21
f 939/270/165 937/269/165 941/268/165 943/267/165
f 944/267/166 942/268/166 938/269/166 940/270/166
f 948/259/14 946/258/14 945/257/14 947/260/14
f 951/263/3 949/262/3 950/261/3 952/264/3
f 945/266/4 946/258/4 950/265/4 949/267/4
f 948/266/21 947/258/21 951/265/21 952/267/21
f 947/270/165 945/269/165 949/268/165 951/267/165
f 952/267/166 950/268/166 946/269/166 948/270/166
f 956/259/14 954/258/14 953/257/14 955/260/14
f 959/263/3 957/262/3 958/261/3 960/264/3
f 953/266/4 954/258/4 958/265/4 957/267/4
f 956/266/21 955/258/21 959/265/21 960/267/21
f 955/270/165 953/269/165 957/268/165 959/267/165
f 960/267/166 958/268/166 954/269/166 956/270/166
f 964/259/14 962/258/14 961/257/14 963/260/14
f 967/263/3 965/262/3 966/261/3 968/264/3
f 961/266/4 962/258/4 966/265/4 965/267/4
f 964/266/21 963/258/21 967/265/21 968/267/21
f 963/270/165 961/269/165 965/268/165 967/267/165
f 968/267/166 966/268/166 962/269/166 964/270/166
f 1001/257/3 1002/258/3 1004/259/3 1003/260/3
f 1006/261/14 1005/262/14 1007/263/14 1008/264/14
f 1006/265/4 1002/258/4 1001/266/4 1005/267/4
f 1007/265/21 1003/258/21 1004/266/21 1008/267/21
f 1005/268/161 1001/269/161 1003/270/161 1007/267/161
f 1002/269/162 1006/268/162 1008/267/162 1004/270/162
f 1009/257/3 1010/258/3 1012/259/3 1011/260/3
f 1014/261/14 1013/262/14 1015/263/14 1016/264/14
f 1014/265/4 1010/258/4 1009/266/4 1013/267/4
f 1015/265/21 1011/258/21 1012/266/21 1016/267/21
f 1013/268/161 1009/269/161 1011/270/161 1015/267/161
f 1010/269/162 1014/268/162 1016/267/162 1012/270/162
f 1017/257/3 1018/258/3 1020/259/3 1019/260/3
f 1022/261/14 1021/262/14 1023/263/14 1024/264/14
f 1022/265/4 1018/258/4 1017/266/4 1021/267/4
f 1023/265/21 1019/258/21 1020/266/21 1024/267/21
f 1021/268/161 1017/269/161 1019/270/161 1023/267/161
f 1018/269/162 1022/268/162 1024/267/162 1020/270/162
f 1025/257/3 1026/258/3 1028/259/3 1027/260/3
f 1030/261/14 1029/262/14 1031/263/14 1032/264/14
f 1030/265/4 1026/258/4 1025/266/4 1029/267/4
f 1031/265/21 1027/258/21 1028/266/21 1032/267/21
f 1029/268/161 1025/269/161 1027/270/161 1031/267/161
f 1026/269/162 1030/268/162 1032/267/162 1028/270/162
f 1033/257/3 1034/258/3 1036/259/3 1035/260/3
f 1038/261/14 1037/262/14 1039/263/14 1040/264/14
f 1038/265/4 1034/258/163 1033/266/4 1037/267/4
f 1039/265/21 1035/258/21 1036/266/21 1040/267/164
f 1037/268/161 1033/269/161 1035/270/161 1039/267/161
f 1034/269/162 1038/268/162 1040/267/162 1036/270/162
f 1041/257/3 1042/258/3 1044/259/3 1043/260/3
f 1046/261/14 1045/262/14 1047/263/14 1048/264/14
f 1046/265/4 1042/258/4 1041/266/4 1045/267/4
f 1047/265/21 1043/258/21 1044/266/21 1048/267/21
f 1045/268/161 1041/269/161 1043/270/161 1047/267/161
f 1042/269/162 1046/268/162 1048/267/162 1044/270/162
f 1049/257/3 1050/258/3 1052/259/3 1051/260/3
f 1054/261/14 1053/262/14 1055/263/14 1056/264/14
f 1054/265/4 1050/258/4 1049/266/4 1053/267/4
f 1055/265/21 1051/258/21 1052/266/21 1056/267/21
f 1053/268/161 1049/269/161 1051/270/161 1055/267/161
f 1050/269/162 1054/268/162 1056/267/162 1052/270/162
f 1057/257/3 1058/258/3 1060/259/3 1059/260/3
f 1062/261/14 1061/262/14 1063/263/14 1064/264/14
f 1062/265/4 1058/258/4 1057/266/4 1061/267/4
f 1063/265/21 1059/258/21 1060/266/21 1064/267/21
f 1061/268/161 1057/269/161 1059/270/161 1063/267/161
f 1058/269/162 1062/268/162 1064/267/162 1060/270/162
f 1065/257/3 1066/258/3 1068/259/3 1067/260/3
f 1070/261/14 1069/262/14 1071/263/14 1072/264/14
f 1070/265/4 1066/258/4 1065/266/4 1069/267/4
f 1071/265/21 1067/258/21 1068/266/21 1072/267/21
f 1069/268/161 1065/269/161 1067/270/161 1071/267/161
f 1066/269/162 1070/268/162 1072/267/162 1068/270/162
f 1073/257/3 1074/258/3 1076/259/3 1075/260/3
f 1078/261/14 1077/262/14 1079/263/14 1080/264/14
f 1078/265/4 1074/258/4 1073/266/4 1077/267/4
f 1079/265/21 1075/258/21 1076/266/21 1080/267/21
f 1077/268/161 1073/269/161 1075/270/161 1079/267/161
f 1074/269/162 1078/268/162 1080/267/162 1076/270/162
f 1081/257/3 1082/258/3 1084/259/3 1083/260/3
f 1086/261/14 1085/262/14 1087/263/14 1088/264/14
f 1086/265/4 1082/258/4 1081/266/4 1085/267/4
f 1087/265/21 1083/258/21 1084/266/21 1088/267/21
f 1085/268/161 1081/269/161 1083/270/161 1087/267/161
f 1082/269/162 1086/268/162 1088/267/162 1084/270/162
f 1089/257/3 1090/258/3 1092/259/3 1091/260/3
f 1094/261/14 1093/262/14 1095/263/14 1096/264/14
f 1094/265/4 1090/258/4 1089/266/4 1093/267/4
f 1095/265/21 1091/258/21 1092/266/21 1096/267/21
f 1093/268/161 1089/269/161 1091/270/161 1095/267/161
f 1090/269/162 1094/268/162 1096/267/162 1092/270/162
f 1097/257/3 1098/258/3 1100/259/3 1099/260/3
f 1102/261/14 1101/262/14 1103/263/14 1104/264/14
f 1102/265/4 1098/258/4 1097/266/4 1101/267/4
f 1103/265/21 1099/258/21 1100/266/21 1104/267/21
f 1101/268/161 1097/269/161 1099/270/161 1103/267/161
f 1098/269/162 1102/268/162 1104/267/162 1100/270/162
f 1105/257/3 1106/258/3 1108/259/3 1107/260/3
f 1110/261/14 1109/262/14 1111/263/14 1112/264/14
f 1110/265/4 1106/258/4 1105/266/4 1109/267/4
f 1111/265/21 1107/258/21 1108/266/21 1112/267/21
f 1109/268/161 1105/269/161 1107/270/161 1111/267/161
f 1106/269/162 1110/268/162 1112/267/162 1108/270/162
f 1113/257/3 1114/258/3 1116/259/3 1115/260/3
f 1118/261/14 1117/262/14 1119/263/14 1120/264/14
f 1118/265/4 1114/258/4 1113/266/4 1117/267/4
f 1119/265/21 1115/258/21 1116/266/21 1120/267/21
f 1117/268/161 1113/269/161 1115/270/161 1119/267/161
f 1114/269/162 1118/268/162 1120/267/162 1116/270/162
f 1124/259/14 1122/258/14 1121/257/14 1123/260/14
f 1127/263/3 1125/262/3 1126/261/3 1128/264/3
f 1121/266/4 1122/258/4 1126/265/4 1125/267/4
f 1124/266/21 1123/258/21 1127/265/21 1128/267/21
f 1123/270/165 1121/269/165 1125/268/165 1127/267/165
f 1128/267/166 1126/268/166 1122/269/166 1124/270/166
f 1132/259/14 1130/258/14 1129/257/14 1131/260/14
f 1135/263/3 1133/262/3 1134/261/3 1136/264/3
f 1129/266/4 1130/258/4 1134/265/4 1133/267/4
f 1132/266/21 1131/258/21 1135/265/21 1136/267/21
f 1131/270/165 1129/269/165 1133/268/165 1135/267/165
f 1136/267/166 1134/268/166 1130/269/166 1132/270/166
f 1140/259/14 1138/258/14 1137/257/14 1139/260/14
f 1143/263/3 1141/262/3 1142/261/3 1144/264/3
f 1137/266/4 1138/258/4 1142/265/4 1141/267/4
f 1140/266/21 1139/258/21 1143/265/21 1144/267/21
f 1139/270/165 1137/269/165 1141/268/165 1143/267/165
f 1144/267/166 1142/268/166 1138/269/166 1140/270/166
f 1148/259/14 1146/258/14 1145/257/14 1147/260/14
f 1151/263/3 1149/262/3 1150/261/3 1152/264/3
f 1145/266/4 1146/258/4 1150/265/4 1149/267/4
f 1148/266/21 1147/258/21 1151/265/21 1152/267/21
f 1147/270/165 1145/269/165 1149/268/165 1151/267/165
f 1152/267/166 1150/268/166 1146/269/166 1148/270/166
f 1156/259/14 1154/258/14 1153/257/14 1155/260/14
f 1159/263/3 1157/262/3 1158/261/3 1160/264/3
f 1153/266/4 1154/258/4 1158/265/4 1157/267/4
f 1156/266/21 1155/258/21 1159/265/21 1160/267/21
f 1155/270/165 1153/269/165 1157/268/165 1159/267/165
f 1160/267/166 1158/268/166 1154/269/166 1156/270/166
f 1164/259/14 1162/258/14 1161/257/14 1163/260/14
f 1167/263/3 1165/262/3 1166/261/3 1168/264/3
f 1161/266/4 1162/258/4 1166/265/4 1165/267/4
f 1164/266/21 1163/258/21 1167/265/21 1168/267/21
f 1163/270/165 1161/269/165 1165/268/165 1167/267/165
f 1168/267/166 1166/268/166 1162/269/166 1164/270/166
f 1172/259/14 1170/258/14 1169/257/14 1171/260/14
f 1175/263/3 1173/262/3 1174/261/3 1176/264/3
f 1169/266/4 1170/258/4 1174/265/4 1173/267/4
f 1172/266/21 1171/258/21 1175/265/21 1176/267/21
f 1171/270/165 1169/269/165 1173/268/165 1175/267/165
f 1176/267/166 1174/268/166 1170/269/166 1172/270/166
f 1180/259/14 1178/258/14 1177/257/14 1179/260/14
f 1183/263/3 1181/262/3 1182/261/3 1184/264/3
f 1177/266/4 1178/258/4 1182/265/4 1181/267/4
f 1180/266/21 1179/258/21 1183/265/21 1184/267/21
f 1179/270/165 1177/269/165 1181/268/165 1183/267/165
f 1184/267/166 1182/268/166 1178/269/166 1180/270/166
f 1188/259/14 1186/258/14 1185/257/14 1187/260/14
f 1191/263/3 1189/262/3 1190/261/3 1192/264/3
f 1185/266/4 1186/258/4 1190/265/4 1189/267/4
f 1188/266/21 1187/258/21 1191/265/21 1192/267/21
f 1187/270/165 1185/269/165 1189/268/165 1191/267/165
f 1192/267/166 1190/268/166 1186/269/166 1188/270/166
f 1196/259/14 1194/258/14 1193/257/14 1195/260/14
f 1199/263/3 1197/262/3 1198/261/3 1200/264/3
f 1193/266/4 1194/258/4 1198/265/4 1197/267/4
f 1196/266/21 1195/258/21 1199/265/21 1200/267/21
f 1195/270/165 1193/269/165 1197/268/165 1199/267/165
f 1200/267/166 1198/268/166 1194/269/166 1196/270/166
f 1204/259/14 1202/258/14 1201/257/14 1203/260/14
f 1207/263/3 1205/262/3 1206/261/3 1208/264/3
f 1201/266/4 1202/258/4 1206/265/4 1205/267/4
f 1204/266/21 1203/258/21 1207/265/21 1208/267/21
f 1203/270/165 1201/269/165 1205/268/165 1207/267/165
f 1208/267/166 1206/268/166 1202/269/166 1204/270/166
f 1212/259/14 1210/258/14 1209/257/14 1211/260/14
f 1215/263/3 1213/262/3 1214/261/3 1216/264/3
f 1209/266/4 1210/258/4 1214/265/4 1213/267/4
f 1212/266/21 1211/258/21 1215/265/21 1216/267/21
f 1211/270/165 1209/269/165 1213/268/165 1215/267/165
f 1216/267/166 1214/268/166 1210/269/166 1212/270/166
f 1220/259/14 1218/258/14 1217/257/14 1219/260/14
f 1223/263/3 1221/262/3 1222/261/3 1224/264/3
f 1217/266/4 1218/258/4 1222/265/4 1221/267/4
f 1220/266/21 1219/258/21 1223/265/21 1224/267/21
f 1219/270/165 1217/269/165 1221/268/165 1223/267/165
f 1224/267/166 1222/268/166 1218/269/166 1220/270/166
f 1228/259/14 1226/258/14 1225/257/14 1227/260/14
f 1231/263/3 1229/262/3 1230/261/3 1232/264/3
f 1225/266/4 1226/258/4 1230/265/4 1229/267/4
f 1228/266/21 1227/258/21 1231/265/21 1232/267/21
f 1227/270/165 1225/269/165 1229/268/165 1231/267/165
f 1232/267/166 1230/268/166 1226/269/166 1228/270/166
f 1236/259/14 1234/258/14 1233/257/14 1235/260/14
f 1239/263/3 1237/262/3 1238/261/3 1240/264/3
f 1233/266/4 1234/258/4 1238/265/4 1237/267/4
f 1236/266/21 1235/258/21 1239/265/21 1240/267/21
f 1235/270/165 1233/269/165 1237/268/165 1239/267/165
f 1240/267/166 1238/268/166 1234/269/166 1236/270/166
f 1556/236/4 1554/237/4 1553/238/4 1555/239/4
f 1559/236/21 1557/237/21 1558/238/21 1560/239/21
f 1553/237/9 1554/240/9 1558/241/9 1557/238/9
f 1556/237/2 1555/240/2 1559/241/2 1560/238/2
f 1555/236/14 1553/237/14 1557/238/14 1559/239/14
f 1560/236/3 1558/237/3 1554/238/3 1556/239/3
f 1564/242/4 1562/243/4 1561/244/4 1563/245/4
f 1567/242/21 1565/243/21 1566/244/21 1568/245/21
f 1561/243/9 1562/246/9 1566/247/9 1565/244/9
f 1564/243/2 1563/246/2 1567/247/2 1568/244/2
f 1563/242/14 1561/243/14 1565/244/14 1567/245/14
f 1568/242/3 1566/243/3 1562/244/3 1564/245/3
f 1572/236/4 1570/237/4 1569/238/4 1571/239/4
f 1575/236/21 1573/237/21 1574/238/21 1576/239/21
f 1569/237/9 1570/240/9 1574/241/9 1573/238/9
f 1572/237/2 1571/240/2 1575/241/2 1576/238/2
f 1571/236/14 1569/237/14 1573/238/14 1575/239/14
f 1576/236/3 1574/237/3 1570/238/3 1572/239/3
f 1580/242/4 1578/243/4 1577/244/4 1579/245/4
f 1583/242/21 1581/243/21 1582/244/21 1584/245/21
f 1577/243/9 1578/246/9 1582/247/9 1581/244/9
f 1580/243/2 1579/246/2 1583/247/2 1584/244/2
f 1579/242/14 1577/243/14 1581/244/14 1583/245/14
f 1584/242/3 1582/243/3 1578/244/3 1580/245/3
f 1588/236/4 1586/237/4 1585/238/4 1587/239/4
f 1591/236/21 1589/237/21 1590/238/21 1592/239/21
f 1585/237/9 1586/240/9 1590/241/9 1589/238/9
f 1588/237/2 1587/240/2 1591/241/2 1592/238/2
f 1587/236/14 1585/237/14 1589/238/14 1591/239/14
f 1592/236/3 1590/237/3 1586/238/3 1588/239/3
f 1596/242/4 1594/243/4 1593/244/4 1595/245/4
f 1599/242/21 1597/243/21 1598/244/21 1600/245/21
f 1593/243/9 1594/246/9 1598/247/9 1597/244/9
f 1596/243/2 1595/246/2 1599/247/2 1600/244/2
f 1595/242/14 1593/243/14 1597/244/14 1599/245/14
f 1600/242/3 1598/243/3 1594/244/3 1596/245/3
f 1604/236/4 1602/237/4 1601/238/4 1603/239/4
f 1607/236/21 1605/237/21 1606/238/21 1608/239/21
f 1601/237/9 1602/240/9 1606/241/9 1605/238/9
f 1604/237/2 1603/240/2 1607/241/2 1608/238/2
f 1603/236/14 1601/237/14 1605/238/14 1607/239/14
f 1608/236/3 1606/237/3 1602/238/3 1604/239/3
f 1612/242/4 1610/243/4 1609/244/4 1611/245/4
f 1615/242/21 1613/243/21 1614/244/21 1616/245/21
f 1609/243/9 1610/246/9 1614/247/9 1613/244/9
f 1612/243/2 1611/246/2 1615/247/2 1616/244/2
f 1611/242/14 1609/243/14 1613/244/14 1615/245/14
f 1616/242/3 1614/243/3 1610/244/3 1612/245/3
f 1620/236/4 1618/237/4 1617/238/4 1619/239/4
f 1623/236/21 1621/237/21 1622/238/21 1624/239/21
f 1620/237/2 1619/240/2 1623/241/2 1624/238/2
f 1619/236/14 1617/237/14 1621/238/14 1623/239/14
f 1624/236/3 1622/237/3 1618/238/3 1620/239/3
f 1628/242/4 1626/243/4 1625/244/4 1627/245/4
f 1631/242/21 1629/243/21 1630/244/21 1632/245/21
f 1625/243/9 1626/246/9 1630/247/9 1629/244/9
f 1628/243/2 1627/246/2 1631/247/2 1632/244/2
f 1627/242/14 1625/243/14 1629/244/14 1631/245/14
f 1632/242/3 1630/243/3 1626/244/3 1628/245/3
f 1636/236/4 1634/237/4 1633/238/4 1635/239/4
f 1639/236/21 1637/237/21 1638/238/21 1640/239/21
f 1633/237/9 1634/240/9 1638/241/9 1637/238/9
f 1636/237/2 1635/240/2 1639/241/2 1640/238/2
f 1635/236/14 1633/237/14 1637/238/14 1639/239/14
f 1640/236/3 1638/237/3 1634/238/3 1636/239/3
f 1644/242/4 1642/243/4 1641/244/4 1643/245/4
f 1647/242/21 1645/243/21 1646/244/21 1648/245/21
f 1641/243/9 1642/246/9 1646/247/9 1645/244/9
f 1644/243/2 1643/246/2 1647/247/2 1648/244/2
f 1643/242/14 1641/243/14 1645/244/14 1647/245/14
f 1648/242/3 1646/243/3 1642/244/3 1644/245/3
f 1649/248/160 1650/241/160 1652/241/160 1651/248/160
f 1654/248/160 1653/241/160 1655/241/160 1656/248/160
f 1653/248/14 1649/241/14 1651/241/14 1655/248/14
f 1650/248/14 1654/241/14 1656/241/14 1652/248/14
f 1660/249/4 1658/250/4 1657/251/4 1659/252/4
f 1663/249/21 1661/250/21 1662/251/21 1664/252/21
f 1659/249/14 1657/250/14 1661/251/14 1663/252/14
f 1664/249/3 1662/250/3 1658/251/3 1660/252/3
f 1668/249/4 1666/250/4 1665/251/4 1667/252/4
f 1671/249/21 1669/250/21 1670/251/21 1672/252/21
f 1665/253/9 1666/254/9 1670/255/9 1669/256/9
f 1667/249/14 1665/250/14 1669/251/14 1671/252/14
f 1672/249/3 1670/250/3 1666/251/3 1668/252/3
f 1676/249/4 1674/250/4 1673/251/4 1675/252/4
f 1679/249/21 1677/250/21 1678/251/21 1680/252/21
f 1676/253/2 1675/254/2 1679/255/2 1680/256/2
f 1675/249/14 1673/250/14 1677/251/14 1679/252/14
f 1680/249/3 1678/250/3 1674/251/3 1676/252/3
f 1681/257/3 1682/258/3 1684/259/3 1683/260/3
f 1686/261/14 1685/262/14 1687/263/14 1688/264/14
f 1686/265/4 1682/258/4 1681/266/4 1685/267/4
f 1687/265/21 1683/258/21 1684/266/21 1688/267/21
f 1685/268/169 1681/269/170 1683/270/171 1687/267/170
f 1682/269/172 1686/268/173 1688/267/174 1684/270/173
f 1689/257/3 1690/258/3 1692/259/3 1691/260/3
f 1694/261/14 1693/262/14 1695/263/14 1696/264/14
f 1694/265/4 1690/258/4 1689/266/4 1693/267/4
f 1695/265/21 1691/258/21 1692/266/21 1696/267/21
f 1693/268/169 1689/269/170 1691/270/171 1695/267/170
f 1690/269/172 1694/268/173 1696/267/174 1692/270/173
f 1697/257/3 1698/258/3 1700/259/3 1699/260/3
f 1702/261/14 1701/262/14 1703/263/14 1704/264/14
f 1702/265/4 1698/258/4 1697/266/4 1701/267/4
f 1703/265/21 1699/258/21 1700/266/21 1704/267/21
f 1701/268/169 1697/269/170 1699/270/171 1703/267/170
f 1698/269/172 1702/268/173 1704/267/174 1700/270/173
f 1705/257/3 1706/258/3 1708/259/3 1707/260/3
f 1710/261/14 1709/262/14 1711/263/14 1712/264/14
f 1710/265/4 1706/258/4 1705/266/4 1709/267/4
f 1711/265/21 1707/258/21 1708/266/21 1712/267/21
f 1709/268/169 1705/269/170 1707/270/171 1711/267/170
f 1706/269/172 1710/268/173 1712/267/174 1708/270/173
f 1713/257/3 1714/258/3 1716/259/3 1715/260/3
f 1718/261/14 1717/262/14 1719/263/14 1720/264/14
f 1718/265/4 1714/258/4 1713/266/4 1717/267/4
f 1719/265/21 1715/258/21 1716/266/21 1720/267/21
f 1717/268/169 1713/269/170 1715/270/171 1719/267/170
f 1714/269/172 1718/268/173 1720/267/174 1716/270/173
f 1721/257/3 1722/258/3 1724/259/3 1723/260/3
f 1726/261/14 1725/262/14 1727/263/14 1728/264/14
f 1726/265/4 1722/258/4 1721/266/4 1725/267/4
f 1727/265/21 1723/258/21 1724/266/21 1728/267/21
f 1725/268/169 1721/269/170 1723/270/171 1727/267/170
f 1722/269/172 1726/268/173 1728/267/174 1724/270/173
f 1729/257/3 1730/258/3 1732/259/3 1731/260/3
f 1734/261/14 1733/262/14 1735/263/14 1736/264/14
f 1734/265/4 1730/258/4 1729/266/4 1733/267/4
f 1735/265/21 1731/258/21 1732/266/21 1736/267/21
f 1733/268/169 1729/269/170 1731/270/171 1735/267/170
f 1730/269/172 1734/268/173 1736/267/174 1732/270/173
f 1737/257/3 1738/258/3 1740/259/3 1739/260/3
f 1742/261/14 1741/262/14 1743/263/14 1744/264/14
f 1742/265/4 1738/258/4 1737/266/4 1741/267/4
f 1743/265/21 1739/258/21 1740/266/21 1744/267/21
f 1741/268/169 1737/269/170 1739/270/171 1743/267/170
f 1738/269/172 1742/268/173 1744/267/174 1740/270/173
f 1745/257/3 1746/258/3 1748/259/3 1747/260/3
f 1750/261/14 1749/262/14 1751/263/14 1752/264/14
f 1750/265/4 1746/258/4 1745/266/4 1749/267/4
f 1751/265/21 1747/258/21 1748/266/21 1752/267/21
f 1749/268/169 1745/269/170 1747/270/171 1751/267/170
f 1746/269/172 1750/268/173 1752/267/174 1748/270/173
f 1753/257/3 1754/258/3 1756/259/3 1755/260/3
f 1758/261/14 1757/262/14 1759/263/14 1760/264/14
f 1758/265/4 1754/258/4 1753/266/4 1757/267/4
f 1759/265/21 1755/258/21 1756/266/21 1760/267/21
f 1757/268/169 1753/269/170 1755/270/171 1759/267/170
f 1754/269/172 1758/268/173 1760/267/174 1756/270/173
f 1761/257/3 1762/258/3 1764/259/3 1763/260/3
f 1766/261/14 1765/262/14 1767/263/14 1768/264/14
f 1766/265/4 1762/258/4 1761/266/4 1765/267/4
f 1767/265/21 1763/258/21 1764/266/21 1768/267/21
f 1765/268/169 1761/269/170 1763/270/171 1767/267/170
f 1762/269/172 1766/268/173 1768/267/174 1764/270/173
f 1769/257/3 1770/258/3 1772/259/3 1771/260/3
f 1774/261/14 1773/262/14 1775/263/14 1776/264/14
f 1774/265/4 1770/258/4 1769/266/167 1773/267/4
f 1775/265/21 1771/258/21 1772/266/168 1776/267/21
f 1773/268/169 1769/269/170 1771/270/171 1775/267/170
f 1770/269/172 1774/268/173 1776/267/174 1772/270/173
f 1777/257/3 1778/258/3 1780/259/3 1779/260/3
f 1782/261/14 1781/262/14 1783/263/14 1784/264/14
f 1782/265/4 1778/258/4 1777/266/4 1781/267/4
f 1783/265/21 1779/258/21 1780/266/21 1784/267/21
f 1781/268/169 1777/269/170 1779/270/171 1783/267/170
f 1778/269/172 1782/268/173 1784/267/174 1780/270/173
f 1785/257/3 1786/258/3 1788/259/3 1787/260/3
f 1790/261/14 1789/262/14 1791/263/14 1792/264/14
f 1790/265/4 1786/258/4 1785/266/4 1789/267/4
f 1791/265/21 1787/258/21 1788/266/21 1792/267/21
f 1789/268/169 1785/269/170 1787/270/171 1791/267/170
f 1786/269/172 1790/268/173 1792/267/174 1788/270/173
f 1793/257/3 1794/258/3 1796/259/3 1795/260/3
f 1798/261/14 1797/262/14 1799/263/14 1800/264/14
f 1798/265/4 1794/258/4 1793/266/4 1797/267/4
f 1799/265/21 1795/258/21 1796/266/21 1800/267/21
f 1797/268/169 1793/269/170 1795/270/171 1799/267/170
f 1794/269/172 1798/268/173 1800/267/174 1796/270/173
f 1804/259/14 1802/258/14 1801/257/14 1803/260/14
f 1807/263/3 1805/262/3 1806/261/3 1808/264/3
f 1801/266/4 1802/258/4 1806/265/4 1805/267/4
f 1804/266/21 1803/258/21 1807/265/21 1808/267/21
f 1803/270/165 1801/269/165 1805/268/165 1807/267/165
f 1808/267/166 1806/268/166 1802/269/166 1804/270/166
f 1812/259/14 1810/258/14 1809/257/14 1811/260/14
f 1815/263/3 1813/262/3 1814/261/3 1816/264/3
f 1809/266/4 1810/258/4 1814/265/4 1813/267/4
f 1812/266/21 1811/258/21 1815/265/21 1816/267/21
f 1811/270/165 1809/269/165 1813/268/165 1815/267/165
f 1816/267/166 1814/268/166 1810/269/166 1812/270/166
f 1820/259/14 1818/258/14 1817/257/14 1819/260/14
f 1823/263/3 1821/262/3 1822/261/3 1824/264/3
f 1817/266/4 1818/258/4 1822/265/4 1821/267/4
f 1820/266/21 1819/258/21 1823/265/21 1824/267/21
f 1819/270/165 1817/269/165 1821/268/165 1823/267/165
f 1824/267/166 1822/268/166 1818/269/166 1820/270/166
f 1828/259/14 1826/258/14 1825/257/14 1827/260/14
f 1831/263/3 1829/262/3 1830/261/3 1832/264/3
f 1825/266/4 1826/258/4 1830/265/4 1829/267/4
f 1828/266/21 1827/258/21 1831/265/21 1832/267/21
f 1827/270/165 1825/269/165 1829/268/165 1831/267/165
f 1832/267/166 1830/268/166 1826/269/166 1828/270/166
f 1836/259/14 1834/258/14 1833/257/14 1835/260/14
f 1839/263/3 1837/262/3 1838/261/3 1840/264/3
f 1833/266/4 1834/258/4 1838/265/4 1837/267/4
f 1836/266/21 1835/258/21 1839/265/21 1840/267/21
f 1835/270/165 1833/269/165 1837/268/165 1839/267/165
f 1840/267/166 1838/268/166 1834/269/166 1836/270/166
f 1844/259/14 1842/258/14 1841/257/14 1843/260/14
f 1847/263/3 1845/262/3 1846/261/3 1848/264/3
f 1841/266/4 1842/258/4 1846/265/4 1845/267/4
f 1844/266/21 1843/258/21 1847/265/21 1848/267/21
f 1843/270/165 1841/269/165 1845/268/165 1847/267/165
f 1848/267/166 1846/268/166 1842/269/166 1844/270/166
f 1852/259/14 1850/258/14 1849/257/14 1851/260/14
f 1855/263/3 1853/262/3 1854/261/3 1856/264/3
f 1849/266/4 1850/258/4 1854/265/4 1853/267/4
f 1852/266/21 1851/258/21 1855/265/21 1856/267/21
f 1851/270/165 1849/269/165 1853/268/165 1855/267/165
f 1856/267/166 1854/268/166 1850/269/166 1852/270/166
f 1860/259/14 1858/258/14 1857/257/14 1859/260/14
f 1863/263/3 1861/262/3 1862/261/3 1864/264/3
f 1857/266/4 1858/258/4 1862/265/4 1861/267/4
f 1860/266/21 1859/258/21 1863/265/21 1864/267/21
f 1859/270/165 1857/269/165 1861/268/165 1863/267/165
f 1864/267/166 1862/268/166 1858/269/166 1860/270/166
f 1868/259/14 1866/258/14 1865/257/14 1867/260/14
f 1871/263/3 1869/262/3 1870/261/3 1872/264/3
f 1865/266/4 1866/258/4 1870/265/4 1869/267/4
f 1868/266/21 1867/258/21 1871/265/21 1872/267/21
f 1867/270/165 1865/269/165 1869/268/165 1871/267/165
f 1872/267/166 1870/268/166 1866/269/166 1868/270/166
f 1876/259/14 1874/258/14 1873/257/14 1875/260/14
f 1879/263/3 1877/262/3 1878/261/3 1880/264/3
f 1873/266/4 1874/258/4 1878/265/4 1877/267/4
f 1876/266/21 1875/258/21 1879/265/21 1880/267/21
f 1875/270/165 1873/269/165 1877/268/165 1879/267/165
f 1880/267/166 1878/268/166 1874/269/166 1876/270/166
f 1884/259/14 1882/258/14 1881/257/14 1883/260/14
f 1887/263/3 1885/262/3 1886/261/3 1888/264/3
f 1881/266/4 1882/258/4 1886/265/4 1885/267/4
f 1884/266/21 1883/258/21 1887/265/21 1888/267/21
f 1883/270/165 1881/269/165 1885/268/165 1887/267/165
f 1888/267/166 1886/268/166 1882/269/166 1884/270/166
f 1892/259/14 1890/258/14 1889/257/14 1891/260/14
f 1895/263/3 1893/262/3 1894/261/3 1896/264/3
f 1889/266/4 1890/258/4 1894/265/4 1893/267/4
f 1892/266/21 1891/258/21 1895/265/21 1896/267/21
f 1891/270/165 1889/269/165 1893/268/165 1895/267/165
f 1896/267/166 1894/268/166 1890/269/166 1892/270/166
f 1900/259/14 1898/258/14 1897/257/14 1899/260/14
f 1903/263/3 1901/262/3 1902/261/3 1904/264/3
f 1897/266/4 1898/258/4 1902/265/4 1901/267/4
f 1900/266/21 1899/258/21 1903/265/21 1904/267/21
f 1899/270/165 1897/269/165 1901/268/165 1903/267/165
f 1904/267/166 1902/268/166 1898/269/166 1900/270/166
f 1908/259/14 1906/258/14 1905/257/14 1907/260/14
f 1911/263/3 1909/262/3 1910/261/3 1912/264/3
f 1905/266/4 1906/258/4 1910/265/4 1909/267/4
f 1908/266/21 1907/258/21 1911/265/21 1912/267/21
f 1907/270/165 1905/269/165 1909/268/165 1911/267/165
f 1912/267/166 1910/268/166 1906/269/166 1908/270/166
f 1916/259/14 1914/258/14 1913/257/14 1915/260/14
f 1919/263/3 1917/262/3 1918/261/3 1920/264/3
f 1913/266/4 1914/258/4 1918/265/4 1917/267/4
f 1916/266/21 1915/258/21 1919/265/21 1920/267/21
f 1915/270/165 1913/269/165 1917/268/165 1919/267/165
f 1920/267/166 1918/268/166 1914/269/166 1916/270/166
f 1924/249/4 1922/250/4 1921/251/4 1923/252/4
f 1927/249/21 1925/250/21 1926/251/21 1928/252/21
f 1923/249/14 1921/250/14 1925/251/14 1927/252/14
f 1928/249/3 1926/250/3 1922/251/3 1924/252/3
f 1932/249/4 1930/250/4 1929/251/4 1931/252/4
f 1935/249/21 1933/250/21 1934/251/21 1936/252/21
f 1929/253/9 1930/254/9 1934/255/9 1933/256/9
f 1931/249/14 1929/250/14 1933/251/14 1935/252/14
f 1936/249/3 1934/250/3 1930/251/3 1932/252/3
f 1940/249/4 1938/250/4 1937/251/4 1939/252/4
f 1943/249/21 1941/250/21 1942/251/21 1944/252/21
f 1940/253/2 1939/254/2 1943/255/2 1944/256/2
f 1939/249/14 1937/250/14 1941/251/14 1943/252/14
f 1944/249/3 1942/250/3 1938/251/3 1940/252/3
f 1945/257/3 1946/258/3 1948/259/3 1947/260/3
f 1950/261/14 1949/262/14 1951/263/14 1952/264/14
f 1950/265/4 1946/258/4 1945/266/4 1949/267/4
f 1951/265/21 1947/258/21 1948/266/21 1952/267/21
f 1949/268/161 1945/269/161 1947/270/161 1951/267/161
f 1946/269/162 1950/268/162 1952/267/162 1948/270/162
f 1953/257/3 1954/258/3 1956/259/3 1955/260/3
f 1958/261/14 1957/262/14 1959/263/14 1960/264/14
f 1958/265/4 1954/258/4 1953/266/4 1957/267/4
f 1959/265/21 1955/258/21 1956/266/21 1960/267/21
f 1957/268/161 1953/269/161 1955/270/161 1959/267/161
f 1954/269/162 1958/268/162 1960/267/162 1956/270/162
f 1961/257/3 1962/258/3 1964/259/3 1963/260/3
f 1966/261/14 1965/262/14 1967/263/14 1968/264/14
f 1966/265/4 1962/258/4 1961/266/4 1965/267/4
f 1967/265/21 1963/258/21 1964/266/21 1968/267/21
f 1965/268/161 1961/269/161 1963/270/161 1967/267/161
f 1962/269/162 1966/268/162 1968/267/162 1964/270/162
f 1969/257/3 1970/258/3 1972/259/3 1971/260/3
f 1974/261/14 1973/262/14 1975/263/14 1976/264/14
f 1974/265/4 1970/258/4 1969/266/4 1973/267/4
f 1975/265/21 1971/258/21 1972/266/21 1976/267/21
f 1973/268/161 1969/269/161 1971/270/161 1975/267/161
f 1970/269/162 1974/268/162 1976/267/162 1972/270/162
f 1977/257/3 1978/258/3 1980/259/3 1979/260/3
f 1982/261/14 1981/262/14 1983/263/14 1984/264/14
f 1982/265/4 1978/258/4 1977/266/4 1981/267/4
f 1983/265/21 1979/258/21 1980/266/21 1984/267/21
f 1981/268/161 1977/269/161 1979/270/161 1983/267/161
f 1978/269/162 1982/268/162 1984/267/162 1980/270/162
f 1985/257/3 1986/258/3 1988/259/3 1987/260/3
f 1990/261/14 1989/262/14 1991/263/14 1992/264/14
f 1990/265/4 1986/258/4 1985/266/4 1989/267/4
f 1991/265/21 1987/258/21 1988/266/21 1992/267/21
f 1989/268/161 1985/269/161 1987/270/161 1991/267/161
f 1986/269/162 1990/268/162 1992/267/162 1988/270/162
f 1993/257/3 1994/258/3 1996/259/3 1995/260/3
f 1998/261/14 1997/262/14 1999/263/14 2000/264/14
f 1998/265/4 1994/258/4 1993/266/4 1997/267/4
f 1999/265/21 1995/258/21 1996/266/21 2000/267/21
f 1997/268/161 1993/269/161 1995/270/161 1999/267/161
f 1994/269/162 1998/268/162 2000/267/162 1996/270/162
f 2001/257/3 2002/258/3 2004/259/3 2003/260/3
f 2006/261/14 2005/262/14 2007/263/14 2008/264/14
f 2006/265/4 2002/258/4 2001/266/4 2005/267/4
f 2007/265/21 2003/258/21 2004/266/21 2008/267/21
f 2005/268/161 2001/269/161 2003/270/161 2007/267/161
f 2002/269/162 2006/268/162 2008/267/162 2004/270/162
f 2009/257/3 2010/258/3 2012/259/3 2011/260/3
f 2014/261/14 2013/262/14 2015/263/14 2016/264/14
f 2014/265/4 2010/258/4 2009/266/4 2013/267/4
f 2015/265/21 2011/258/21 2012/266/21 2016/267/21
f 2013/268/161 2009/269/161 2011/270/161 2015/267/161
f 2010/269/162 2014/268/162 2016/267/162 2012/270/162
f 2017/257/3 2018/258/3 2020/259/3 2019/260/3
f 2022/261/14 2021/262/14 2023/263/14 2024/264/14
f 2022/265/4 2018/258/4 2017/266/4 2021/267/4
f 2023/265/21 2019/258/21 2020/266/21 2024/267/21
f 2021/268/161 2017/269/161 2019/270/161 2023/267/161
f 2018/269/162 2022/268/162 2024/267/162 2020/270/162
f 2025/257/3 2026/258/3 2028/259/3 2027/260/3
f 2030/261/14 2029/262/14 2031/263/14 2032/264/14
f 2030/265/4 2026/258/4 2025/266/4 2029/267/4
f 2031/265/21 2027/258/21 2028/266/21 2032/267/21
f 2029/268/161 2025/269/161 2027/270/161 2031/267/161
f 2026/269/162 2030/268/162 2032/267/162 2028/270/162
f 2033/257/3 2034/258/3 2036/259/3 2035/260/3
f 2038/261/14 2037/262/14 2039/263/14 2040/264/14
f 2038/265/4 2034/258/4 2033/266/4 2037/267/4
f 2039/265/21 2035/258/21 2036/266/21 2040/267/21
f 2037/268/161 2033/269/161 2035/270/161 2039/267/161
f 2034/269/162 2038/268/162 2040/267/162 2036/270/162
f 2041/257/3 2042/258/3 2044/259/3 2043/260/3
f 2046/261/14 2045/262/14 2047/263/14 2048/264/14
f 2046/265/4 2042/258/4 2041/266/4 2045/267/4
f 2047/265/21 2043/258/21 2044/266/21 2048/267/21
f 2045/268/161 2041/269/161 2043/270/161 2047/267/161
f 2042/269/162 2046/268/162 2048/267/162 2044/270/162
f 2049/257/3 2050/258/3 2052/259/3 2051/260/3
f 2054/261/14 2053/262/14 2055/263/14 2056/264/14
f 2054/265/4 2050/258/4 2049/266/4 2053/267/4
f 2055/265/21 2051/258/21 2052/266/21 2056/267/21
f 2053/268/161 2049/269/161 2051/270/161 2055/267/161
f 2050/269/162 2054/268/162 2056/267/162 2052/270/162
f 2057/257/3 2058/258/3 2060/259/3 2059/260/3
f 2062/261/14 2061/262/14 2063/263/14 2064/264/14
f 2062/265/4 2058/258/4 2057/266/4 2061/267/4
f 2063/265/21 2059/258/21 2060/266/21 2064/267/21
f 2061/268/161 2057/269/161 2059/270/161 2063/267/161
f 2058/269/162 2062/268/162 2064/267/162 2060/270/162
f 2068/259/14 2066/258/14 2065/257/14 2067/260/14
f 2071/263/3 2069/262/3 2070/261/3 2072/264/3
f 2065/266/4 2066/258/4 2070/265/4 2069/267/4
f 2068/266/21 2067/258/21 2071/265/21 2072/267/21
f 2067/270/165 2065/269/165 2069/268/165 2071/267/165
f 2072/267/166 2070/268/166 2066/269/166 2068/270/166
f 2076/259/14 2074/258/14 2073/257/14 2075/260/14
f 2079/263/3 2077/262/3 2078/261/3 2080/264/3
f 2073/266/4 2074/258/4 2078/265/4 2077/267/4
f 2076/266/21 2075/258/21 2079/265/21 2080/267/21
f 2075/270/165 2073/269/165 2077/268/165 2079/267/165
f 2080/267/166 2078/268/166 2074/269/166 2076/270/166
f 2084/259/14 2082/258/14 2081/257/14 2083/260/14
f 2087/263/3 2085/262/3 2086/261/3 2088/264/3
f 2081/266/4 2082/258/4 2086/265/4 2085/267/4
f 2084/266/21 2083/258/21 2087/265/21 2088/267/21
f 2083/270/165 2081/269/165 2085/268/165 2087/267/165
f 2088/267/166 2086/268/166 2082/269/166 2084/270/166
f 2092/259/14 2090/258/14 2089/257/14 2091/260/14
f 2095/263/3 2093/262/3 2094/261/3 2096/264/3
f 2089/266/4 2090/258/4 2094/265/4 2093/267/4
f 2092/266/21 2091/258/21 2095/265/21 2096/267/21
f 2091/270/165 2089/269/165 2093/268/165 2095/267/165
f 2096/267/166 2094/268/166 2090/269/166 2092/270/166
f 2100/259/14 2098/258/14 2097/257/14 2099/260/14
f 2103/263/3 2101/262/3 2102/261/3 2104/264/3
f 2097/266/4 2098/258/4 2102/265/4 2101/267/4
f 2100/266/21 2099/258/21 2103/265/21 2104/267/21
f 2099/270/165 2097/269/165 2101/268/165 2103/267/165
f 2104/267/166 2102/268/166 2098/269/166 2100/270/166
f 2108/259/14 2106/258/14 2105/257/14 2107/260/14
f 2111/263/3 2109/262/3 2110/261/3 2112/264/3
f 2105/266/4 2106/258/4 2110/265/4 2109/267/4
f 2108/266/21 2107/258/21 2111/265/21 2112/267/21
f 2107/270/165 2105/269/165 2109/268/165 2111/267/165
f 2112/267/166 2110/268/166 2106/269/166 2108/270/166
f 2116/259/14 2114/258/14 2113/257/14 2115/260/14
f 2119/263/3 2117/262/3 2118/261/3 2120/264/3
f 2113/266/4 2114/258/4 2118/265/4 2117/267/4
f 2116/266/21 2115/258/21 2119/265/21 2120/267/21
f 2115/270/165 2113/269/165 2117/268/165 2119/267/165
f 2120/267/166 2118/268/166 2114/269/166 2116/270/166
f 2124/259/14 2122/258/14 2121/257/14 2123/260/14
f 2127/263/3 2125/262/3 2126/261/3 2128/264/3
f 2121/266/4 2122/258/4 2126/265/4 2125/267/4
f 2124/266/21 2123/258/21 2127/265/21 2128/267/21
f 2123/270/165 2121/269/165 2125/268/165 2127/267/165
f 2128/267/166 2126/268/166 2122/269/166 2124/270/166
f 2132/259/14 2130/258/14 2129/257/14 2131/260/14
f 2135/263/3 2133/262/3 2134/261/3 2136/264/3
f 2129/266/4 2130/258/4 2134/265/4 2133/267/4
f 2132/266/21 2131/258/21 2135/265/21 2136/267/21
f 2131/270/165 2129/269/165 2133/268/165 2135/267/165
f 2136/267/166 2134/268/166 2130/269/166 2132/270/166
f 2140/259/14 2138/258/14 2137/257/14 2139/260/14
f 2143/263/3 2141/262/3 2142/261/3 2144/264/3
f 2137/266/4 2138/258/4 2142/265/4 2141/267/4
f 2140/266/21 2139/258/21 2143/265/21 2144/267/21
f 2139/270/165 2137/269/165 2141/268/165 2143/267/165
f 2144/267/166 2142/268/166 2138/269/166 2140/270/166
f 2148/259/14 2146/258/14 2145/257/14 2147/260/14
f 2151/263/3 2149/262/3 2150/261/3 2152/264/3
f 2145/266/4 2146/258/4 2150/265/4 2149/267/4
f 2148/266/21 2147/258/21 2151/265/21 2152/267/21
f 2147/270/165 2145/269/165 2149/268/165 2151/267/165
f 2152/267/166 2150/268/166 2146/269/166 2148/270/166
f 2156/259/14 2154/258/14 2153/257/14 2155/260/14
f 2159/263/3 2157/262/3 2158/261/3 2160/264/3
f 2153/266/4 2154/258/4 2158/265/4 2157/267/4
f 2156/266/21 2155/258/21 2159/265/21 2160/267/21
f 2155/270/165 2153/269/165 2157/268/165 2159/267/165
f 2160/267/166 2158/268/166 2154/269/166 2156/270/166
f 2164/259/14 2162/258/14 2161/257/14 2163/260/14
f 2167/263/3 2165/262/3 2166/261/3 2168/264/3
f 2161/266/4 2162/258/4 2166/265/4 2165/267/4
f 2164/266/21 2163/258/21 2167/265/21 2168/267/21
f 2163/270/165 2161/269/165 2165/268/165 2167/267/165
f 2168/267/166 2166/268/166 2162/269/166 2164/270/166
f 2172/259/14 2170/258/14 2169/257/14 2171/260/14
f 2175/263/3 2173/262/3 2174/261/3 2176/264/3
f 2169/266/4 2170/258/4 2174/265/4 2173/267/4
f 2172/266/21 2171/258/21 2175/265/21 2176/267/21
f 2171/270/165 2169/269/165 2173/268/165 2175/267/165
f 2176/267/166 2174/268/166 2170/269/166 2172/270/166
f 2180/259/14 2178/258/14 2177/257/14 2179/260/14
f 2183/263/3 2181/262/3 2182/261/3 2184/264/3
f 2177/266/4 2178/258/4 2182/265/4 2181/267/4
f 2180/266/21 2179/258/21 2183/265/21 2184/267/21
f 2179/270/165 2177/269/165 2181/268/165 2183/267/165
f 2184/267/166 2182/268/166 2178/269/166 2180/270/166
f 2188/236/4 2186/237/4 2185/238/4 2187/239/4
f 2191/236/21 2189/237/21 2190/238/21 2192/239/21
f 2185/237/9 2186/240/9 2190/241/9 2189/238/9
f 2188/237/2 2187/240/2 2191/241/2 2192/238/2
f 2187/236/14 2185/237/14 2189/238/14 2191/239/14
f 2192/236/3 2190/237/3 2186/238/3 2188/239/3
f 2196/242/4 2194/243/4 2193/244/4 2195/245/4
f 2199/242/21 2197/243/21 2198/244/21 2200/245/21
f 2193/243/9 2194/246/9 2198/247/9 2197/244/9
f 2196/243/2 2195/246/2 2199/247/2 2200/244/2
f 2195/242/14 2193/243/14 2197/244/14 2199/245/14
f 2200/242/3 2198/243/3 2194/244/3 2196/245/3
f 2204/236/4 2202/237/4 2201/238/4 2203/239/4
f 2207/236/21 2205/237/21 2206/238/21 2208/239/21
f 2201/237/9 2202/240/9 2206/241/9 2205/238/9
f 2204/237/2 2203/240/2 2207/241/2 2208/238/2
f 2203/236/14 2201/237/14 2205/238/14 2207/239/14
f 2208/236/3 2206/237/3 2202/238/3 2204/239/3
f 2212/242/4 2210/243/4 2209/244/4 2211/245/4
f 2215/242/21 2213/243/21 2214/244/21 2216/245/21
f 2209/243/9 2210/246/9 2214/247/9 2213/244/9
f 2212/243/2 2211/246/2 2215/247/2 2216/244/2
f 2211/242/14 2209/243/14 2213/244/14 2215/245/14
f 2216/242/3 2214/243/3 2210/244/3 2212/245/3
f 2220/236/4 2218/237/4 2217/238/4 2219/239/4
f 2223/236/21 2221/237/21 2222/238/21 2224/239/21
f 2217/237/9 2218/240/9 2222/241/9 2221/238/9
f 2220/237/2 2219/240/2 2223/241/2 2224/238/2
f 2219/236/14 2217/237/14 2221/238/14 2223/239/14
f 2224/236/3 2222/237/3 2218/238/3 2220/239/3
f 2228/242/4 2226/243/4 2225/244/4 2227/245/4
f 2231/242/21 2229/243/21 2230/244/21 2232/245/21
f 2225/243/9 2226/246/9 2230/247/9 2229/244/9
f 2228/243/2 2227/246/2 2231/247/2 2232/244/2
f 2227/242/14 2225/243/14 2229/244/14 2231/245/14
f 2232/242/3 2230/243/3 2226/244/3 2228/245/3
f 2236/236/4 2234/237/4 2233/238/4 2235/239/4
f 2239/236/21 2237/237/21 2238/238/21 2240/239/21
f 2236/237/2 2235/240/2 2239/241/2 2240/238/2
f 2235/236/14 2233/237/14 2237/238/14 2239/239/14
f 2240/236/3 2238/237/3 2234/238/3 2236/239/3
f 2244/242/4 2242/243/4 2241/244/4 2243/245/4
f 2247/242/21 2245/243/21 2246/244/21 2248/245/21
f 2241/243/9 2242/246/9 2246/247/9 2245/244/9
f 2244/243/2 2243/246/2 2247/247/2 2248/244/2
f 2243/242/14 2241/243/14 2245/244/14 2247/245/14
f 2248/242/3 2246/243/3 2242/244/3 2244/245/3
f 2252/249/4 2250/250/4 2249/251/4 2251/252/4
f 2255/249/21 2253/250/21 2254/251/21 2256/252/21
f 2251/249/14 2249/250/14 2253/251/14 2255/252/14
f 2256/249/3 2254/250/3 2250/251/3 2252/252/3
f 2260/249/4 2258/250/4 2257/251/4 2259/252/4
f 2263/249/21 2261/250/21 2262/251/21 2264/252/21
f 2257/253/9 2258/254/9 2262/255/9 2261/256/9
f 2259/249/14 2257/250/14 2261/251/14 2263/252/14
f 2264/249/3 2262/250/3 2258/251/3 2260/252/3
f 2268/249/4 2266/250/4 2265/251/4 2267/252/4
f 2271/249/21 2269/250/21 2270/251/21 2272/252/21
f 2268/253/2 2267/254/2 2271/255/2 2272/256/2
f 2267/249/14 2265/250/14 2269/251/14 2271/252/14
f 2272/249/3 2270/250/3 2266/251/3 2268/252/3
f 2273/248/160 2274/241/160 2276/241/160 2275/248/160
f 2278/248/160 2277/241/160 2279/241/160 2280/248/160
f 2277/248/14 2273/241/14 2275/241/14 2279/248/14
f 2274/248/14 2278/241/14 2280/241/14 2276/248/14
f 2284/249/4 2282/250/4 2281/251/4 2283/252/4
f 2287/249/21 2285/250/21 2286/251/21 2288/252/21
f 2283/249/14 2281/250/14 2285/251/14 2287/252/14
f 2288/249/3 2286/250/3 2282/251/3 2284/252/3
f 2292/249/4 2290/250/4 2289/251/4 2291/252/4
f 2295/249/21 2293/250/21 2294/251/21 2296/252/21
f 2289/253/9 2290/254/9 2294/255/9 2293/256/9
f 2291/249/14 2289/250/14 2293/251/14 2295/252/14
f 2296/249/3 2294/250/3 2290/251/3 2292/252/3
f 2300/249/4 2298/250/4 2297/251/4 2299/252/4
f 2303/249/21 2301/250/21 2302/251/21 2304/252/21
f 2300/253/2 2299/254/2 2303/255/2 2304/256/2
f 2299/249/14 2297/250/14 2301/251/14 2303/252/14
f 2304/249/3 2302/250/3 2298/251/3 2300/252/3
f 2305/257/3 2306/258/3 2308/259/3 2307/260/3
f 2310/261/14 2309/262/14 2311/263/14 2312/264/14
f 2310/265/4 2306/258/4 2305/266/4 2309/267/4
f 2311/265/21 2307/258/21 2308/266/21 2312/267/21
f 2309/268/161 2305/269/161 2307/270/161 2311/267/161
f 2306/269/175 2310/268/176 2312/267/177 2308/270/176
f 2313/257/3 2314/258/3 2316/259/3 2315/260/3
f 2318/261/14 2317/262/14 2319/263/14 2320/264/14
f 2318/265/4 2314/258/4 2313/266/4 2317/267/4
f 2319/265/21 2315/258/21 2316/266/21 2320/267/21
f 2317/268/161 2313/269/161 2315/270/178 2319/267/161
f 2314/269/179 2318/268/162 2320/267/162 2316/270/162
f 2321/257/3 2322/258/3 2324/259/3 2323/260/3
f 2326/261/14 2325/262/14 2327/263/14 2328/264/14
f 2326/265/4 2322/258/4 2321/266/4 2325/267/4
f 2327/265/21 2323/258/21 2324/266/21 2328/267/21
f 2325/268/161 2321/269/161 2323/270/161 2327/267/161
f 2322/269/162 2326/268/162 2328/267/162 2324/270/162
f 2329/257/3 2330/258/3 2332/259/3 2331/260/3
f 2334/261/14 2333/262/14 2335/263/14 2336/264/14
f 2334/265/4 2330/258/4 2329/266/4 2333/267/4
f 2335/265/21 2331/258/21 2332/266/21 2336/267/21
f 2333/268/161 2329/269/161 2331/270/161 2335/267/161
f 2330/269/162 2334/268/162 2336/267/162 2332/270/162
f 2337/257/3 2338/258/3 2340/259/3 2339/260/3
f 2342/261/14 2341/262/14 2343/263/14 2344/264/14
f 2342/265/4 2338/258/4 2337/266/4 2341/267/4
f 2343/265/21 2339/258/21 2340/266/21 2344/267/21
f 2341/268/161 2337/269/161 2339/270/161 2343/267/161
f 2338/269/162 2342/268/162 2344/267/162 2340/270/162
f 2345/257/3 2346/258/3 2348/259/3 2347/260/3
f 2350/261/14 2349/262/14 2351/263/14 2352/264/14
f 2350/265/4 2346/258/4 2345/266/4 2349/267/4
f 2351/265/21 2347/258/21 2348/266/21 2352/267/21
f 2349/268/161 2345/269/161 2347/270/161 2351/267/161
f 2346/269/162 2350/268/162 2352/267/162 2348/270/162
f 2353/257/3 2354/258/3 2356/259/3 2355/260/3
f 2358/261/14 2357/262/14 2359/263/14 2360/264/14
f 2358/265/4 2354/258/4 2353/266/4 2357/267/4
f 2359/265/21 2355/258/21 2356/266/21 2360/267/21
f 2357/268/161 2353/269/161 2355/270/161 2359/267/161
f 2354/269/162 2358/268/162 2360/267/162 2356/270/162
f 2361/257/3 2362/258/3 2364/259/3 2363/260/3
f 2366/261/14 2365/262/14 2367/263/14 2368/264/14
f 2366/265/4 2362/258/4 2361/266/4 2365/267/4
f 2367/265/21 2363/258/21 2364/266/21 2368/267/21
f 2365/268/161 2361/269/161 2363/270/161 2367/267/161
f 2362/269/162 2366/268/162 2368/267/162 2364/270/162
f 2369/257/3 2370/258/3 2372/259/3 2371/260/3
f 2374/261/14 2373/262/14 2375/263/14 2376/264/14
f 2374/265/4 2370/258/4 2369/266/4 2373/267/4
f 2375/265/21 2371/258/21 2372/266/21 2376/267/21
f 2373/268/161 2369/269/161 2371/270/161 2375/267/161
f 2370/269/162 2374/268/162 2376/267/162 2372/270/162
f 2377/257/3 2378/258/3 2380/259/3 2379/260/3
f 2382/261/14 2381/262/14 2383/263/14 2384/264/14
f 2382/265/4 2378/258/4 2377/266/4 2381/267/4
f 2383/265/21 2379/258/21 2380/266/21 2384/267/21
f 2381/268/161 2377/269/161 2379/270/161 2383/267/161
f 2378/269/162 2382/268/162 2384/267/162 2380/270/162
f 2385/257/3 2386/258/3 2388/259/3 2387/260/3
f 2390/261/14 2389/262/14 2391/263/14 2392/264/14
f 2390/265/4 2386/258/4 2385/266/4 2389/267/4
f 2391/265/21 2387/258/21 2388/266/21 2392/267/21
f 2389/268/161 2385/269/161 2387/270/161 2391/267/161
f 2386/269/162 2390/268/162 2392/267/162 2388/270/162
f 2393/257/3 2394/258/3 2396/259/3 2395/260/3
f 2398/261/14 2397/262/14 2399/263/14 2400/264/14
f 2398/265/4 2394/258/4 2393/266/167 2397/267/4
f 2399/265/21 2395/258/21 2396/266/168 2400/267/21
f 2397/268/161 2393/269/161 2395/270/161 2399/267/161
f 2394/269/162 2398/268/162 2400/267/162 2396/270/162
f 2401/257/3 2402/258/3 2404/259/3 2403/260/3
f 2406/261/14 2405/262/14 2407/263/14 2408/264/14
f 2406/265/4 2402/258/4 2401/266/4 2405/267/4
f 2407/265/21 2403/258/21 2404/266/21 2408/267/21
f 2405/268/161 2401/269/161 2403/270/161 2407/267/161
f 2402/269/162 2406/268/162 2408/267/162 2404/270/162
f 2409/257/3 2410/258/3 2412/259/3 2411/260/3
f 2414/261/14 2413/262/14 2415/263/14 2416/264/14
f 2414/265/4 2410/258/4 2409/266/4 2413/267/4
f 2415/265/21 2411/258/21 2412/266/21 2416/267/21
f 2413/268/161 2409/269/161 2411/270/161 2415/267/161
f 2410/269/162 2414/268/162 2416/267/162 2412/270/162
f 2417/257/3 2418/258/3 2420/259/3 2419/260/3
f 2422/261/14 2421/262/14 2423/263/14 2424/264/14
f 2422/265/4 2418/258/4 2417/266/4 2421/267/4
f 2423/265/21 2419/258/21 2420/266/21 2424/267/21
f 2421/268/161 2417/269/161 2419/270/161 2423/267/161
f 2418/269/162 2422/268/162 2424/267/162 2420/270/162
f 2428/259/14 2426/258/14 2425/257/14 2427/260/14
f 2431/263/3 2429/262/3 2430/261/3 2432/264/3
f 2425/266/4 2426/258/4 2430/265/4 2429/267/4
f 2428/266/21 2427/258/21 2431/265/21 2432/267/21
f 2427/270/165 2425/269/165 2429/268/165 2431/267/165
f 2432/267/166 2430/268/166 2426/269/166 2428/270/166
f 2436/259/14 2434/258/14 2433/257/14 2435/260/14
f 2439/263/3 2437/262/3 2438/261/3 2440/264/3
f 2433/266/4 2434/258/4 2438/265/4 2437/267/4
f 2436/266/21 2435/258/21 2439/265/21 2440/267/21
f 2435/270/165 2433/269/165 2437/268/165 2439/267/165
f 2440/267/166 2438/268/166 2434/269/166 2436/270/166
f 2444/259/14 2442/258/14 2441/257/14 2443/260/14
f 2447/263/3 2445/262/3 2446/261/3 2448/264/3
f 2441/266/4 2442/258/4 2446/265/4 2445/267/4
f 2444/266/21 2443/258/21 2447/265/21 2448/267/21
f 2443/270/165 2441/269/165 2445/268/165 2447/267/165
f 2448/267/166 2446/268/166 2442/269/166 2444/270/166
f 2452/259/14 2450/258/14 2449/257/14 2451/260/14
f 2455/263/3 2453/262/3 2454/261/3 2456/264/3
f 2449/266/4 2450/258/4 2454/265/4 2453/267/4
f 2452/266/21 2451/258/21 2455/265/21 2456/267/21
f 2451/270/165 2449/269/165 2453/268/165 2455/267/165
f 2456/267/166 2454/268/166 2450/269/166 2452/270/166
f 2460/259/14 2458/258/14 2457/257/14 2459/260/14
f 2463/263/3 2461/262/3 2462/261/3 2464/264/3
f 2457/266/4 2458/258/4 2462/265/4 2461/267/4
f 2460/266/21 2459/258/21 2463/265/21 2464/267/21
f 2459/270/165 2457/269/165 2461/268/165 2463/267/165
f 2464/267/166 2462/268/166 2458/269/166 2460/270/166
f 2468/259/14 2466/258/14 2465/257/14 2467/260/14
f 2471/263/3 2469/262/3 2470/261/3 2472/264/3
f 2465/266/4 2466/258/4 2470/265/4 2469/267/4
f 2468/266/21 2467/258/21 2471/265/21 2472/267/21
f 2467/270/165 2465/269/165 2469/268/165 2471/267/165
f 2472/267/180 2470/268/181 2466/269/180 2468/270/182
f 2476/259/14 2474/258/14 2473/257/14 2475/260/14
f 2479/263/3 2477/262/3 2478/261/3 2480/264/3
f 2473/266/4 2474/258/4 2478/265/4 2477/267/4
f 2476/266/21 2475/258/21 2479/265/21 2480/267/21
f 2475/270/165 2473/269/165 2477/268/165 2479/267/183
f 2480/267/166 2478/268/184 2474/269/166 2476/270/166
f 2484/259/14 2482/258/14 2481/257/14 2483/260/14
f 2487/263/3 2485/262/3 2486/261/3 2488/264/3
f 2481/266/4 2482/258/4 2486/265/4 2485/267/4
f 2484/266/21 2483/258/21 2487/265/21 2488/267/21
f 2483/270/165 2481/269/165 2485/268/165 2487/267/165
f 2488/267/166 2486/268/166 2482/269/166 2484/270/166
f 2492/259/14 2490/258/14 2489/257/14 2491/260/14
f 2495/263/3 2493/262/3 2494/261/3 2496/264/3
f 2489/266/4 2490/258/4 2494/265/4 2493/267/4
f 2492/266/21 2491/258/21 2495/265/21 2496/267/21
f 2491/270/165 2489/269/165 2493/268/165 2495/267/165
f 2496/267/166 2494/268/166 2490/269/166 2492/270/166
f 2500/259/14 2498/258/14 2497/257/14 2499/260/14
f 2503/263/3 2501/262/3 2502/261/3 2504/264/3
f 2497/266/4 2498/258/4 2502/265/4 2501/267/4
f 2500/266/21 2499/258/21 2503/265/21 2504/267/21
f 2499/270/165 2497/269/165 2501/268/165 2503/267/165
f 2504/267/166 2502/268/166 2498/269/166 2500/270/166
f 2508/259/14 2506/258/14 2505/257/14 2507/260/14
f 2511/263/3 2509/262/3 2510/261/3 2512/264/3
f 2505/266/4 2506/258/4 2510/265/4 2509/267/4
f 2508/266/21 2507/258/21 2511/265/21 2512/267/21
f 2507/270/165 2505/269/165 2509/268/165 2511/267/165
f 2512/267/166 2510/268/166 2506/269/166 2508/270/166
f 2516/259/14 2514/258/14 2513/257/14 2515/260/14
f 2519/263/3 2517/262/3 2518/261/3 2520/264/3
f 2513/266/4 2514/258/4 2518/265/4 2517/267/4
f 2516/266/21 2515/258/21 2519/265/21 2520/267/21
f 2515/270/165 2513/269/165 2517/268/165 2519/267/165
f 2520/267/166 2518/268/166 2514/269/166 2516/270/166
f 2524/259/14 2522/258/14 2521/257/14 2523/260/14
f 2527/263/3 2525/262/3 2526/261/3 2528/264/3
f 2521/266/4 2522/258/4 2526/265/4 2525/267/4
f 2524/266/21 2523/258/21 2527/265/21 2528/267/21
f 2523/270/165 2521/269/165 2525/268/165 2527/267/165
f 2528/267/166 2526/268/166 2522/269/166 2524/270/166
f 2532/259/14 2530/258/14 2529/257/14 2531/260/14
f 2535/263/3 2533/262/3 2534/261/3 2536/264/3
f 2529/266/4 2530/258/4 2534/265/4 2533/267/4
f 2532/266/21 2531/258/21 2535/265/21 2536/267/21
f 2531/270/165 2529/269/165 2533/268/165 2535/267/165
f 2536/267/166 2534/268/166 2530/269/166 2532/270/166
f 2540/259/14 2538/258/14 2537/257/14 2539/260/14
f 2543/263/3 2541/262/3 2542/261/3 2544/264/3
f 2537/266/4 2538/258/4 2542/265/4 2541/267/4
f 2540/266/21 2539/258/21 2543/265/21 2544/267/21
f 2539/270/165 2537/269/165 2541/268/165 2543/267/165
f 2544/267/166 2542/268/166 2538/269/166 2540/270/166
f 2548/249/4 2546/250/4 2545/251/4 2547/252/4
f 2551/249/21 2549/250/21 2550/251/21 2552/252/21
f 2547/249/14 2545/250/14 2549/251/14 2551/252/14
f 2552/249/3 2550/250/3 2546/251/3 2548/252/3
f 2556/249/4 2554/250/4 2553/251/4 2555/252/4
f 2559/249/21 2557/250/21 2558/251/21 2560/252/21
f 2553/253/9 2554/254/9 2558/255/9 2557/256/9
f 2555/249/14 2553/250/14 2557/251/14 2559/252/14
f 2560/249/3 2558/250/3 2554/251/3 2556/252/3
f 2564/249/4 2562/250/4 2561/251/4 2563/252/4
f 2567/249/21 2565/250/21 2566/251/21 2568/252/21
f 2564/253/2 2563/254/2 2567/255/2 2568/256/2
f 2563/249/14 2561/250/14 2565/251/14 2567/252/14
f 2568/249/3 2566/250/3 2562/251/3 2564/252/3
f 2569/257/3 2570/258/3 2572/259/3 2571/260/3
f 2574/261/14 2573/262/14 2575/263/14 2576/264/14
f 2574/265/4 2570/258/4 2569/266/4 2573/267/4
f 2575/265/21 2571/258/21 2572/266/21 2576/267/21
f 2573/268/161 2569/269/161 2571/270/161 2575/267/161
f 2570/269/162 2574/268/162 2576/267/162 2572/270/162
f 2577/257/3 2578/258/3 2580/259/3 2579/260/3
f 2582/261/14 2581/262/14 2583/263/14 2584/264/14
f 2582/265/4 2578/258/4 2577/266/4 2581/267/4
f 2583/265/21 2579/258/21 2580/266/21 2584/267/21
f 2581/268/161 2577/269/161 2579/270/161 2583/267/161
f 2578/269/162 2582/268/162 2584/267/162 2580/270/162
f 2585/257/3 2586/258/3 2588/259/3 2587/260/3
f 2590/261/14 2589/262/14 2591/263/14 2592/264/14
f 2590/265/4 2586/258/4 2585/266/4 2589/267/4
f 2591/265/21 2587/258/21 2588/266/21 2592/267/21
f 2589/268/161 2585/269/161 2587/270/161 2591/267/161
f 2586/269/162 2590/268/162 2592/267/162 2588/270/162
f 2593/257/3 2594/258/3 2596/259/3 2595/260/3
f 2598/261/14 2597/262/14 2599/263/14 2600/264/14
f 2598/265/4 2594/258/4 2593/266/4 2597/267/4
f 2599/265/21 2595/258/21 2596/266/21 2600/267/21
f 2597/268/161 2593/269/161 2595/270/161 2599/267/161
f 2594/269/162 2598/268/162 2600/267/162 2596/270/162
f 2601/257/3 2602/258/3 2604/259/3 2603/260/3
f 2606/261/14 2605/262/14 2607/263/14 2608/264/14
f 2606/265/4 2602/258/4 2601/266/4 2605/267/4
f 2607/265/21 2603/258/21 2604/266/21 2608/267/21
f 2605/268/161 2601/269/161 2603/270/161 2607/267/161
f 2602/269/162 2606/268/162 2608/267/162 2604/270/162
f 2609/257/3 2610/258/3 2612/259/3 2611/260/3
f 2614/261/14 2613/262/14 2615/263/14 2616/264/14
f 2614/265/4 2610/258/4 2609/266/4 2613/267/4
f 2615/265/21 2611/258/21 2612/266/21 2616/267/21
f 2613/268/161 2609/269/161 2611/270/161 2615/267/161
f 2610/269/162 2614/268/162 2616/267/162 2612/270/162
f 2617/257/3 2618/258/3 2620/259/3 2619/260/3
f 2622/261/14 2621/262/14 2623/263/14 2624/264/14
f 2622/265/4 2618/258/4 2617/266/4 2621/267/4
f 2623/265/21 2619/258/21 2620/266/21 2624/267/21
f 2621/268/161 2617/269/161 2619/270/161 2623/267/161
f 2618/269/162 2622/268/162 2624/267/162 2620/270/162
f 2625/257/3 2626/258/3 2628/259/3 2627/260/3
f 2630/261/14 2629/262/14 2631/263/14 2632/264/14
f 2630/265/4 2626/258/4 2625/266/4 2629/267/4
f 2631/265/21 2627/258/21 2628/266/21 2632/267/21
f 2629/268/161 2625/269/161 2627/270/161 2631/267/161
f 2626/269/162 2630/268/162 2632/267/162 2628/270/162
f 2633/257/3 2634/258/3 2636/259/3 2635/260/3
f 2638/261/14 2637/262/14 2639/263/14 2640/264/14
f 2638/265/4 2634/258/4 2633/266/4 2637/267/4
f 2639/265/21 2635/258/21 2636/266/21 2640/267/21
f 2637/268/161 2633/269/161 2635/270/161 2639/267/161
f 2634/269/162 2638/268/162 2640/267/162 2636/270/162
f 2641/257/3 2642/258/3 2644/259/3 2643/260/3
f 2646/261/14 2645/262/14 2647/263/14 2648/264/14
f 2646/265/4 2642/258/4 2641/266/4 2645/267/4
f 2647/265/21 2643/258/21 2644/266/21 2648/267/21
f 2645/268/161 2641/269/161 2643/270/161 2647/267/161
f 2642/269/162 2646/268/162 2648/267/162 2644/270/162
f 2649/257/3 2650/258/3 2652/259/3 2651/260/3
f 2654/261/14 2653/262/14 2655/263/14 2656/264/14
f 2654/265/4 2650/258/4 2649/266/4 2653/267/4
f 2655/265/21 2651/258/21 2652/266/21 2656/267/21
f 2653/268/161 2649/269/161 2651/270/161 2655/267/161
f 2650/269/162 2654/268/162 2656/267/162 2652/270/162
f 2657/257/3 2658/258/3 2660/259/3 2659/260/3
f 2662/261/14 2661/262/14 2663/263/14 2664/264/14
f 2662/265/4 2658/258/4 2657/266/167 2661/267/4
f 2663/265/21 2659/258/21 2660/266/168 2664/267/21
f 2661/268/161 2657/269/161 2659/270/161 2663/267/161
f 2658/269/162 2662/268/162 2664/267/162 2660/270/162
f 2665/257/3 2666/258/3 2668/259/3 2667/260/3
f 2670/261/14 2669/262/14 2671/263/14 2672/264/14
f 2670/265/4 2666/258/4 2665/266/4 2669/267/4
f 2671/265/21 2667/258/21 2668/266/21 2672/267/21
f 2669/268/161 2665/269/161 2667/270/161 2671/267/161
f 2666/269/162 2670/268/162 2672/267/162 2668/270/162
f 2673/257/3 2674/258/3 2676/259/3 2675/260/3
f 2678/261/14 2677/262/14 2679/263/14 2680/264/14
f 2678/265/4 2674/258/4 2673/266/4 2677/267/4
f 2679/265/21 2675/258/21 2676/266/21 2680/267/21
f 2677/268/161 2673/269/161 2675/270/161 2679/267/161
f 2674/269/162 2678/268/162 2680/267/162 2676/270/162
f 2681/257/3 2682/258/3 2684/259/3 2683/260/3
f 2686/261/14 2685/262/14 2687/263/14 2688/264/14
f 2686/265/4 2682/258/4 2681/266/4 2685/267/4
f 2687/265/21 2683/258/21 2684/266/21 2688/267/21
f 2685/268/161 2681/269/161 2683/270/161 2687/267/161
f 2682/269/162 2686/268/162 2688/267/162 2684/270/162
f 2692/259/14 2690/258/14 2689/257/14 2691/260/14
f 2695/263/3 2693/262/3 2694/261/3 2696/264/3
f 2689/266/4 2690/258/4 2694/265/4 2693/267/4
f 2692/266/21 2691/258/21 2695/265/21 2696/267/21
f 2691/270/165 2689/269/165 2693/268/165 2695/267/165
f 2696/267/166 2694/268/166 2690/269/166 2692/270/166
f 2700/259/14 2698/258/14 2697/257/14 2699/260/14
f 2703/263/3 2701/262/3 2702/261/3 2704/264/3
f 2697/266/4 2698/258/4 2702/265/4 2701/267/4
f 2700/266/21 2699/258/21 2703/265/21 2704/267/21
f 2699/270/165 2697/269/165 2701/268/165 2703/267/165
f 2704/267/166 2702/268/166 2698/269/166 2700/270/166
f 2708/259/14 2706/258/14 2705/257/14 2707/260/14
f 2711/263/3 2709/262/3 2710/261/3 2712/264/3
f 2705/266/4 2706/258/4 2710/265/4 2709/267/4
f 2708/266/21 2707/258/21 2711/265/21 2712/267/21
f 2707/270/165 2705/269/165 2709/268/165 2711/267/165
f 2712/267/166 2710/268/166 2706/269/166 2708/270/166
f 2716/259/14 2714/258/14 2713/257/14 2715/260/14
f 2719/263/3 2717/262/3 2718/261/3 2720/264/3
f 2713/266/4 2714/258/4 2718/265/4 2717/267/4
f 2716/266/21 2715/258/21 2719/265/21 2720/267/21
f 2715/270/165 2713/269/165 2717/268/165 2719/267/165
f 2720/267/166 2718/268/166 2714/269/166 2716/270/166
f 2724/259/14 2722/258/14 2721/257/14 2723/260/14
f 2727/263/3 2725/262/3 2726/261/3 2728/264/3
f 2721/266/4 2722/258/4 2726/265/4 2725/267/4
f 2724/266/21 2723/258/21 2727/265/21 2728/267/21
f 2723/270/165 2721/269/165 2725/268/165 2727/267/165
f 2728/267/166 2726/268/166 2722/269/166 2724/270/166
f 2732/259/14 2730/258/14 2729/257/14 2731/260/14
f 2735/263/3 2733/262/3 2734/261/3 2736/264/3
f 2729/266/4 2730/258/4 2734/265/4 2733/267/4
f 2732/266/21 2731/258/21 2735/265/21 2736/267/21
f 2731/270/165 2729/269/165 2733/268/165 2735/267/165
f 2736/267/166 2734/268/166 2730/269/166 2732/270/166
f 2740/259/14 2738/258/14 2737/257/14 2739/260/14
f 2743/263/3 2741/262/3 2742/261/3 2744/264/3
f 2737/266/4 2738/258/4 2742/265/4 2741/267/4
f 2740/266/21 2739/258/21 2743/265/21 2744/267/21
f 2739/270/165 2737/269/165 2741/268/165 2743/267/165
f 2744/267/166 2742/268/166 2738/269/166 2740/270/166
f 2748/259/14 2746/258/14 2745/257/14 2747/260/14
f 2751/263/3 2749/262/3 2750/261/3 2752/264/3
f 2745/266/4 2746/258/4 2750/265/4 2749/267/4
f 2748/266/21 2747/258/21 2751/265/21 2752/267/21
f 2747/270/165 2745/269/165 2749/268/165 2751/267/165
f 2752/267/166 2750/268/166 2746/269/166 2748/270/166
f 2756/259/14 2754/258/14 2753/257/14 2755/260/14
f 2759/263/3 2757/262/3 2758/261/3 2760/264/3
f 2753/266/4 2754/258/4 2758/265/4 2757/267/4
f 2756/266/21 2755/258/21 2759/265/21 2760/267/21
f 2755/270/165 2753/269/165 2757/268/165 2759/267/165
f 2760/267/166 2758/268/166 2754/269/166 2756/270/166
f 2764/259/14 2762/258/14 2761/257/14 2763/260/14
f 2767/263/3 2765/262/3 2766/261/3 2768/264/3
f 2761/266/4 2762/258/4 2766/265/4 2765/267/4
f 2764/266/21 2763/258/21 2767/265/21 2768/267/21
f 2763/270/165 2761/269/165 2765/268/165 2767/267/165
f 2768/267/166 2766/268/166 2762/269/166 2764/270/166
f 2772/259/14 2770/258/14 2769/257/14 2771/260/14
f 2775/263/3 2773/262/3 2774/261/3 2776/264/3
f 2769/266/4 2770/258/4 2774/265/4 2773/267/4
f 2772/266/21 2771/258/21 2775/265/21 2776/267/21
f 2771/270/165 2769/269/165 2773/268/165 2775/267/165
f 2776/267/166 2774/268/166 2770/269/166 2772/270/166
f 2780/259/14 2778/258/14 2777/257/14 2779/260/14
f 2783/263/3 2781/262/3 2782/261/3 2784/264/3
f 2777/266/4 2778/258/4 2782/265/4 2781/267/4
f 2780/266/21 2779/258/21 2783/265/21 2784/267/21
f 2779/270/165 2777/269/165 2781/268/165 2783/267/165
f 2784/267/166 2782/268/166 2778/269/166 2780/270/166
f 2788/259/14 2786/258/14 2785/257/14 2787/260/14
f 2791/263/3 2789/262/3 2790/261/3 2792/264/3
f 2785/266/4 2786/258/4 2790/265/4 2789/267/4
f 2788/266/21 2787/258/21 2791/265/21 2792/267/21
f 2787/270/165 2785/269/165 2789/268/165 2791/267/165
f 2792/267/166 2790/268/166 2786/269/166 2788/270/166
f 2796/259/14 2794/258/14 2793/257/14 2795/260/14
f 2799/263/3 2797/262/3 2798/261/3 2800/264/3
f 2793/266/4 2794/258/4 2798/265/4 2797/267/4
f 2796/266/21 2795/258/21 2799/265/21 2800/267/21
f 2795/270/165 2793/269/165 2797/268/165 2799/267/165
f 2800/267/166 2798/268/166 2794/269/166 2796/270/166
f 2804/259/14 2802/258/14 2801/257/14 2803/260/14
f 2807/263/3 2805/262/3 2806/261/3 2808/264/3
f 2801/266/4 2802/258/4 2806/265/4 2805/267/4
f 2804/266/21 2803/258/21 2807/265/21 2808/267/21
f 2803/270/165 2801/269/165 2805/268/165 2807/267/165
f 2808/267/166 2806/268/166 2802/269/166 2804/270/166
f 2812/236/4 2810/237/4 2809/238/4 2811/239/4
f 2815/236/21 2813/237/21 2814/238/21 2816/239/21
f 2809/237/9 2810/240/9 2814/241/9 2813/238/9
f 2812/237/2 2811/240/2 2815/241/2 2816/238/2
f 2811/236/14 2809/237/14 2813/238/14 2815/239/14
f 2816/236/3 2814/237/3 2810/238/3 2812/239/3
f 2820/242/4 2818/243/4 2817/244/4 2819/245/4
f 2823/242/21 2821/243/21 2822/244/21 2824/245/21
f 2817/243/9 2818/246/9 2822/247/9 2821/244/9
f 2820/243/2 2819/246/2 2823/247/2 2824/244/2
f 2819/242/14 2817/243/14 2821/244/14 2823/245/14
f 2824/242/3 2822/243/3 2818/244/3 2820/245/3
f 2828/236/4 2826/237/4 2825/238/4 2827/239/4
f 2831/236/21 2829/237/21 2830/238/21 2832/239/21
f 2825/237/9 2826/240/9 2830/241/9 2829/238/9
f 2828/237/2 2827/240/2 2831/241/2 2832/238/2
f 2827/236/14 2825/237/14 2829/238/14 2831/239/14
f 2832/236/3 2830/237/3 2826/238/3 2828/239/3
f 2836/242/4 2834/243/4 2833/244/4 2835/245/4
f 2839/242/21 2837/243/21 2838/244/21 2840/245/21
f 2833/243/9 2834/246/9 2838/247/9 2837/244/9
f 2836/243/2 2835/246/2 2839/247/2 2840/244/2
f 2835/242/14 2833/243/14 2837/244/14 2839/245/14
f 2840/242/3 2838/243/3 2834/244/3 2836/245/3
f 2844/236/4 2842/237/4 2841/238/4 2843/239/4
f 2847/236/21 2845/237/21 2846/238/21 2848/239/21
f 2841/237/9 2842/240/9 2846/241/9 2845/238/9
f 2844/237/2 2843/240/2 2847/241/2 2848/238/2
f 2843/236/14 2841/237/14 2845/238/14 2847/239/14
f 2848/236/3 2846/237/3 2842/238/3 2844/239/3
f 2852/242/4 2850/243/4 2849/244/4 2851/245/4
f 2855/242/21 2853/243/21 2854/244/21 2856/245/21
f 2849/243/9 2850/246/9 2854/247/9 2853/244/9
f 2852/243/2 2851/246/2 2855/247/2 2856/244/2
f 2851/242/14 2849/243/14 2853/244/14 2855/245/14
f 2856/242/3 2854/243/3 2850/244/3 2852/245/3
f 2860/236/4 2858/237/4 2857/238/4 2859/239/4
f 2863/236/21 2861/237/21 2862/238/21 2864/239/21
f 2860/237/2 2859/240/2 2863/241/2 2864/238/2
f 2859/236/14 2857/237/14 2861/238/14 2863/239/14
f 2864/236/3 2862/237/3 2858/238/3 2860/239/3
f 2868/242/4 2866/243/4 2865/244/4 2867/245/4
f 2871/242/21 2869/243/21 2870/244/21 2872/245/21
f 2865/243/9 2866/246/9 2870/247/9 2869/244/9
f 2868/243/2 2867/246/2 2871/247/2 2872/244/2
f 2867/242/14 2865/243/14 2869/244/14 2871/245/14
f 2872/242/3 2870/243/3 2866/244/3 2868/245/3
f 2876/236/4 2874/237/4 2873/238/4 2875/239/4
f 2879/236/21 2877/237/21 2878/238/21 2880/239/21
f 2873/237/9 2874/240/9 2878/241/9 2877/238/9
f 2876/237/2 2875/240/2 2879/241/2 2880/238/2
f 2875/236/14 2873/237/14 2877/238/14 2879/239/14
f 2880/236/3 2878/237/3 2874/238/3 2876/239/3
f 2884/242/4 2882/243/4 2881/244/4 2883/245/4
f 2887/242/21 2885/243/21 2886/244/21 2888/245/21
f 2881/243/9 2882/246/9 2886/247/9 2885/244/9
f 2884/243/2 2883/246/2 2887/247/2 2888/244/2
f 2883/242/14 2881/243/14 2885/244/14 2887/245/14
f 2888/242/3 2886/243/3 2882/244/3 2884/245/3
f 2889/248/160 2890/241/160 2892/241/160 2891/248/160
f 2894/248/160 2893/241/160 2895/241/160 2896/248/160
f 2893/248/14 2889/241/14 2891/241/14 2895/248/14
f 2890/248/14 2894/241/14 2896/241/14 2892/248/14
f 2900/249/4 2898/250/4 2897/251/4 2899/252/4
f 2903/249/21 2901/250/21 2902/251/21 2904/252/21
f 2899/249/14 2897/250/14 2901/251/14 2903/252/14
f 2904/249/3 2902/250/3 2898/251/3 2900/252/3
f 2908/249/4 2906/250/4 2905/251/4 2907/252/4
f 2911/249/21 2909/250/21 2910/251/21 2912/252/21
f 2905/253/9 2906/254/9 2910/255/9 2909/256/9
f 2907/249/14 2905/250/14 2909/251/14 2911/252/14
f 2912/249/3 2910/250/3 2906/251/3 2908/252/3
f 2916/249/4 2914/250/4 2913/251/4 2915/252/4
f 2919/249/21 2917/250/21 2918/251/21 2920/252/21
f 2916/253/2 2915/254/2 2919/255/2 2920/256/2
f 2915/249/14 2913/250/14 2917/251/14 2919/252/14
f 2920/249/3 2918/250/3 2914/251/3 2916/252/3
f 2921/257/3 2922/258/3 2924/259/3 2923/260/3
f 2926/261/14 2925/262/14 2927/263/14 2928/264/14
f 2926/265/4 2922/258/4 2921/266/4 2925/267/4
f 2927/265/21 2923/258/21 2924/266/21 2928/267/21
f 2925/268/161 2921/269/161 2923/270/161 2927/267/161
f 2922/269/162 2926/268/162 2928/267/162 2924/270/162
f 2929/257/3 2930/258/3 2932/259/3 2931/260/3
f 2934/261/14 2933/262/14 2935/263/14 2936/264/14
f 2934/265/4 2930/258/4 2929/266/4 2933/267/4
f 2935/265/21 2931/258/21 2932/266/21 2936/267/21
f 2933/268/161 2929/269/161 2931/270/161 2935/267/161
f 2930/269/162 2934/268/162 2936/267/162 2932/270/162
f 2937/257/3 2938/258/3 2940/259/3 2939/260/3
f 2942/261/14 2941/262/14 2943/263/14 2944/264/14
f 2942/265/4 2938/258/4 2937/266/4 2941/267/4
f 2943/265/21 2939/258/21 2940/266/21 2944/267/21
f 2941/268/161 2937/269/161 2939/270/161 2943/267/161
f 2938/269/162 2942/268/162 2944/267/162 2940/270/162
f 2945/257/3 2946/258/3 2948/259/3 2947/260/3
f 2950/261/14 2949/262/14 2951/263/14 2952/264/14
f 2950/265/4 2946/258/4 2945/266/4 2949/267/4
f 2951/265/21 2947/258/21 2948/266/21 2952/267/21
f 2949/268/161 2945/269/161 2947/270/161 2951/267/161
f 2946/269/162 2950/268/162 2952/267/162 2948/270/162
f 2953/257/3 2954/258/3 2956/259/3 2955/260/3
f 2958/261/14 2957/262/14 2959/263/14 2960/264/14
f 2958/265/4 2954/258/163 2953/266/4 2957/267/4
f 2959/265/21 2955/258/21 2956/266/21 2960/267/164
f 2957/268/161 2953/269/161 2955/270/161 2959/267/161
f 2954/269/162 2958/268/162 2960/267/162 2956/270/162
f 2961/257/3 2962/258/3 2964/259/3 2963/260/3
f 2966/261/14 2965/262/14 2967/263/14 2968/264/14
f 2966/265/4 2962/258/4 2961/266/4 2965/267/4
f 2967/265/21 2963/258/21 2964/266/21 2968/267/21
f 2965/268/161 2961/269/161 2963/270/161 2967/267/161
f 2962/269/162 2966/268/162 2968/267/162 2964/270/162
f 2969/257/3 2970/258/3 2972/259/3 2971/260/3
f 2974/261/14 2973/262/14 2975/263/14 2976/264/14
f 2974/265/4 2970/258/4 2969/266/4 2973/267/4
f 2975/265/21 2971/258/21 2972/266/21 2976/267/21
f 2973/268/161 2969/269/161 2971/270/161 2975/267/161
f 2970/269/162 2974/268/162 2976/267/162 2972/270/162
f 2977/257/3 2978/258/3 2980/259/3 2979/260/3
f 2982/261/14 2981/262/14 2983/263/14 2984/264/14
f 2982/265/4 2978/258/4 2977/266/4 2981/267/4
f 2983/265/21 2979/258/21 2980/266/21 2984/267/21
f 2981/268/161 2977/269/161 2979/270/161 2983/267/161
f 2978/269/162 2982/268/162 2984/267/162 2980/270/162
f 2985/257/3 2986/258/3 2988/259/3 2987/260/3
f 2990/261/14 2989/262/14 2991/263/14 2992/264/14
f 2990/265/4 2986/258/4 2985/266/4 2989/267/4
f 2991/265/21 2987/258/21 2988/266/21 2992/267/21
f 2989/268/161 2985/269/161 2987/270/161 2991/267/161
f 2986/269/162 2990/268/162 2992/267/162 2988/270/162
f 2993/257/3 2994/258/3 2996/259/3 2995/260/3
f 2998/261/14 2997/262/14 2999/263/14 3000/264/14
f 2998/265/4 2994/258/4 2993/266/4 2997/267/4
f 2999/265/21 2995/258/21 2996/266/21 3000/267/21
f 2997/268/161 2993/269/161 2995/270/161 2999/267/161
f 2994/269/162 2998/268/162 3000/267/162 2996/270/162
f 3001/257/3 3002/258/3 3004/259/3 3003/260/3
f 3006/261/14 3005/262/14 3007/263/14 3008/264/14
f 3006/265/4 3002/258/4 3001/266/4 3005/267/4
f 3007/265/21 3003/258/21 3004/266/21 3008/267/21
f 3005/268/161 3001/269/161 3003/270/161 3007/267/161
f 3002/269/162 3006/268/162 3008/267/162 3004/270/162
f 3009/257/3 3010/258/3 3012/259/3 3011/260/3
f 3014/261/14 3013/262/14 3015/263/14 3016/264/14
f 3014/265/4 3010/258/4 3009/266/4 3013/267/4
f 3015/265/21 3011/258/21 3012/266/21 3016/267/21
f 3013/268/161 3009/269/161 3011/270/161 3015/267/161
f 3010/269/162 3014/268/162 3016/267/162 3012/270/162
f 3017/257/3 3018/258/3 3020/259/3 3019/260/3
f 3022/261/14 3021/262/14 3023/263/14 3024/264/14
f 3022/265/4 3018/258/4 3017/266/4 3021/267/4
f 3023/265/21 3019/258/21 3020/266/21 3024/267/21
f 3021/268/161 3017/269/161 3019/270/161 3023/267/161
f 3018/269/162 3022/268/162 3024/267/162 3020/270/162
f 3025/257/3 3026/258/3 3028/259/3 3027/260/3
f 3030/261/14 3029/262/14 3031/263/14 3032/264/14
f 3030/265/4 3026/258/4 3025/266/4 3029/267/4
f 3031/265/21 3027/258/21 3028/266/21 3032/267/21
f 3029/268/161 3025/269/161 3027/270/161 3031/267/161
f 3026/269/162 3030/268/162 3032/267/162 3028/270/162
f 3033/257/3 3034/258/3 3036/259/3 3035/260/3
f 3038/261/14 3037/262/14 3039/263/14 3040/264/14
f 3038/265/4 3034/258/4 3033/266/4 3037/267/4
f 3039/265/21 3035/258/21 3036/266/21 3040/267/21
f 3037/268/161 3033/269/161 3035/270/161 3039/267/161
f 3034/269/162 3038/268/162 3040/267/162 3036/270/162
f 3044/259/14 3042/258/14 3041/257/14 3043/260/14
f 3047/263/3 3045/262/3 3046/261/3 3048/264/3
f 3041/266/4 3042/258/4 3046/265/4 3045/267/4
f 3044/266/21 3043/258/21 3047/265/21 3048/267/21
f 3043/270/165 3041/269/165 3045/268/165 3047/267/165
f 3048/267/166 3046/268/166 3042/269/166 3044/270/166
f 3052/259/14 3050/258/14 3049/257/14 3051/260/14
f 3055/263/3 3053/262/3 3054/261/3 3056/264/3
f 3049/266/4 3050/258/4 3054/265/4 3053/267/4
f 3052/266/21 3051/258/21 3055/265/21 3056/267/21
f 3051/270/165 3049/269/165 3053/268/165 3055/267/165
f 3056/267/166 3054/268/166 3050/269/166 3052/270/166
f 3060/259/14 3058/258/14 3057/257/14 3059/260/14
f 3063/263/3 3061/262/3 3062/261/3 3064/264/3
f 3057/266/4 3058/258/4 3062/265/4 3061/267/4
f 3060/266/21 3059/258/21 3063/265/21 3064/267/21
f 3059/270/165 3057/269/165 3061/268/165 3063/267/165
f 3064/267/166 3062/268/166 3058/269/166 3060/270/166
f 3068/259/14 3066/258/14 3065/257/14 3067/260/14
f 3071/263/3 3069/262/3 3070/261/3 3072/264/3
f 3065/266/4 3066/258/4 3070/265/4 3069/267/4
f 3068/266/21 3067/258/21 3071/265/21 3072/267/21
f 3067/270/165 3065/269/165 3069/268/165 3071/267/165
f 3072/267/166 3070/268/166 3066/269/166 3068/270/166
f 3076/259/14 3074/258/14 3073/257/14 3075/260/14
f 3079/263/3 3077/262/3 3078/261/3 3080/264/3
f 3073/266/4 3074/258/4 3078/265/4 3077/267/4
f 3076/266/21 3075/258/21 3079/265/21 3080/267/21
f 3075/270/165 3073/269/165 3077/268/165 3079/267/165
f 3080/267/166 3078/268/166 3074/269/166 3076/270/166
f 3084/259/14 3082/258/14 3081/257/14 3083/260/14
f 3087/263/3 3085/262/3 3086/261/3 3088/264/3
f 3081/266/4 3082/258/4 3086/265/4 3085/267/4
f 3084/266/21 3083/258/21 3087/265/21 3088/267/21
f 3083/270/165 3081/269/165 3085/268/165 3087/267/165
f 3088/267/166 3086/268/166 3082/269/166 3084/270/166
f 3092/259/14 3090/258/14 3089/257/14 3091/260/14
f 3095/263/3 3093/262/3 3094/261/3 3096/264/3
f 3089/266/4 3090/258/4 3094/265/4 3093/267/4
f 3092/266/21 3091/258/21 3095/265/21 3096/267/21
f 3091/270/165 3089/269/165 3093/268/165 3095/267/165
f 3096/267/166 3094/268/166 3090/269/166 3092/270/166
f 3100/259/14 3098/258/14 3097/257/14 3099/260/14
f 3103/263/3 3101/262/3 3102/261/3 3104/264/3
f 3097/266/4 3098/258/4 3102/265/4 3101/267/4
f 3100/266/21 3099/258/21 3103/265/21 3104/267/21
f 3099/270/165 3097/269/165 3101/268/165 3103/267/165
f 3104/267/166 3102/268/166 3098/269/166 3100/270/166
f 3108/259/14 3106/258/14 3105/257/14 3107/260/14
f 3111/263/3 3109/262/3 3110/261/3 3112/264/3
f 3105/266/4 3106/258/4 3110/265/4 3109/267/4
f 3108/266/21 3107/258/21 3111/265/21 3112/267/21
f 3107/270/165 3105/269/165 3109/268/165 3111/267/165
f 3112/267/166 3110/268/166 3106/269/166 3108/270/166
f 3116/259/14 3114/258/14 3113/257/14 3115/260/14
f 3119/263/3 3117/262/3 3118/261/3 3120/264/3
f 3113/266/4 3114/258/4 3118/265/4 3117/267/4
f 3116/266/21 3115/258/21 3119/265/21 3120/267/21
f 3115/270/165 3113/269/165 3117/268/165 3119/267/165
f 3120/267/166 3118/268/166 3114/269/166 3116/270/166
f 3124/259/14 3122/258/14 3121/257/14 3123/260/14
f 3127/263/3 3125/262/3 3126/261/3 3128/264/3
f 3121/266/4 3122/258/4 3126/265/4 3125/267/4
f 3124/266/21 3123/258/21 3127/265/21 3128/267/21
f 3123/270/165 3121/269/165 3125/268/165 3127/267/165
f 3128/267/166 3126/268/166 3122/269/166 3124/270/166
f 3132/259/14 3130/258/14 3129/257/14 3131/260/14
f 3135/263/3 3133/262/3 3134/261/3 3136/264/3
f 3129/266/4 3130/258/4 3134/265/4 3133/267/4
f 3132/266/21 3131/258/21 3135/265/21 3136/267/21
f 3131/270/165 3129/269/165 3133/268/165 3135/267/165
f 3136/267/166 3134/268/166 3130/269/166 3132/270/166
f 3140/259/14 3138/258/14 3137/257/14 3139/260/14
f 3143/263/3 3141/262/3 3142/261/3 3144/264/3
f 3137/266/4 3138/258/4 3142/265/4 3141/267/4
f 3140/266/21 3139/258/21 3143/265/21 3144/267/21
f 3139/270/165 3137/269/165 3141/268/165 3143/267/165
f 3144/267/166 3142/268/166 3138/269/166 3140/270/166
f 3148/259/14 3146/258/14 3145/257/14 3147/260/14
f 3151/263/3 3149/262/3 3150/261/3 3152/264/3
f 3145/266/4 3146/258/4 3150/265/4 3149/267/4
f 3148/266/21 3147/258/21 3151/265/21 3152/267/21
f 3147/270/165 3145/269/165 3149/268/165 3151/267/165
f 3152/267/166 3150/268/166 3146/269/166 3148/270/166
f 3156/259/14 3154/258/14 3153/257/14 3155/260/14
f 3159/263/3 3157/262/3 3158/261/3 3160/264/3
f 3153/266/4 3154/258/4 3158/265/4 3157/267/4
f 3156/266/21 3155/258/21 3159/265/21 3160/267/21
f 3155/270/165 3153/269/165 3157/268/165 3159/267/165
f 3160/267/166 3158/268/166 3154/269/166 3156/270/166
f 1476/271/14 1474/272/14 1473/273/14 1475/274/14
f 1479/274/3 1477/273/3 1478/272/3 1480/271/3
f 1473/275/9 1474/276/9 1478/277/9 1477/278/9
f 1476/279/2 1475/280/2 1479/281/2 1480/282/2
f 1480/283/185 1478/284/185 1474/285/185 1476/286/186
f 1484/287/14 1482/288/14 1481/271/14 1483/289/14
f 1487/287/3 1485/288/3 1486/271/3 1488/289/3
f 1484/290/2 1483/291/2 1487/292/2 1488/273/2
f 1483/287/21 1481/288/21 1485/271/21 1487/289/21
f 1488/287/4 1486/288/4 1482/271/4 1484/289/4
f 1489/293/14 1490/289/14 1492/294/14 1491/295/14
f 1494/293/3 1493/289/3 1495/294/3 1496/295/3
f 1494/295/9 1490/293/9 1489/289/9 1493/294/9
f 1495/295/2 1491/293/2 1492/289/2 1496/294/2
f 1497/273/14 1498/272/14 1500/271/14 1499/274/14
f 1502/272/3 1501/273/3 1503/274/3 1504/271/3
f 1502/277/9 1498/276/9 1497/275/9 1501/278/9
f 1498/285/187 1502/284/187 1504/283/188 1500/286/187
f 1508/287/14 1506/288/14 1505/271/14 1507/289/14
f 1511/287/3 1509/288/3 1510/271/3 1512/289/3
f 1508/290/2 1507/291/2 1511/292/2 1512/273/2
f 1507/287/21 1505/288/21 1509/271/21 1511/289/21
f 1512/287/4 1510/288/4 1506/271/4 1508/289/4
f 1516/271/14 1514/272/14 1513/273/14 1515/274/14
f 1519/274/3 1517/273/3 1518/272/3 1520/271/3
f 1513/275/9 1514/276/9 1518/277/9 1517/278/9
f 1516/279/2 1515/280/2 1519/281/2 1520/282/2
f 1520/283/185 1518/284/185 1514/285/185 1516/286/186
f 1524/287/14 1522/288/14 1521/271/14 1523/289/14
f 1527/287/3 1525/288/3 1526/271/3 1528/289/3
f 1524/290/2 1523/291/2 1527/292/2 1528/273/2
f 1523/287/21 1521/288/21 1525/271/21 1527/289/21
f 1528/287/4 1526/288/4 1522/271/4 1524/289/4
f 1529/293/14 1530/289/14 1532/294/14 1531/295/14
f 1534/293/3 1533/289/3 1535/294/3 1536/295/3
f 1534/295/9 1530/293/9 1529/289/9 1533/294/9
f 1535/295/2 1531/293/2 1532/289/2 1536/294/2
f 1537/273/14 1538/272/14 1540/271/14 1539/274/14
f 1542/272/3 1541/273/3 1543/274/3 1544/271/3
f 1542/277/9 1538/276/9 1537/275/9 1541/278/9
f 1538/285/187 1542/284/187 1544/283/188 1540/286/187
f 1548/287/14 1546/288/14 1545/271/14 1547/289/14
f 1551/287/3 1549/288/3 1550/271/3 1552/289/3
f 1548/290/2 1547/291/2 1551/292/2 1552/273/2
f 1547/287/21 1545/288/21 1549/271/21 1551/289/21
f 1552/287/4 1550/288/4 1546/271/4 1548/289/4
