# Blender 4.2.3 LTS
# www.blender.org
mtllib coredrill_item.mtl
o cylinder
v -0.132106 -0.369131 -6.934409
v -6.250856 -1.181630 -4.621909
v -4.750857 -2.962881 0.378092
v -2.500857 -6.931630 -2.496908
v -2.750857 -6.931630 -2.352301
v -3.063357 -5.931630 -2.289801
v -2.645464 -6.931630 -2.246908
v -2.707963 -5.931630 -1.934408
v -2.356250 -6.931630 -2.246908
v -2.293750 -5.931630 -1.934408
v -2.250857 -6.931630 -2.352301
v -1.938357 -5.931630 -2.289801
v -2.250857 -6.931630 -2.641515
v -1.938357 -5.931630 -2.704015
v -2.356250 -6.931630 -2.746908
v -2.293750 -5.931630 -3.059408
v -2.645464 -6.931630 -2.746908
v -2.707963 -5.931630 -3.059408
v -2.750857 -6.931630 -2.641515
v -3.063357 -5.931630 -2.704015
v -2.500857 -5.931630 -2.496908
v -3.188357 -5.931630 -2.289801
v -3.375857 -4.931630 -2.227301
v -2.707963 -5.931630 -1.809408
v -2.770463 -4.931630 -1.621908
v -2.293750 -5.931630 -1.809408
v -2.231250 -4.931630 -1.621908
v -1.813357 -5.931630 -2.289801
v -1.625857 -4.931630 -2.227301
v -1.813357 -5.931630 -2.704015
v -1.625857 -4.931630 -2.766515
v -2.293750 -5.931631 -3.184408
v -2.231250 -4.931631 -3.371908
v -2.707963 -5.931631 -3.184408
v -2.770463 -4.931631 -3.371908
v -3.188357 -5.931630 -2.704015
v -3.375857 -4.931630 -2.766515
v -2.500857 -4.931630 -2.496908
v -3.438357 -4.931630 -2.227301
v -3.563357 -3.931630 -2.164801
v -2.770463 -4.931630 -1.559408
v -2.832963 -3.931630 -1.434408
v -2.231250 -4.931630 -1.559408
v -2.168750 -3.931630 -1.434408
v -1.563357 -4.931630 -2.227301
v -1.438357 -3.931630 -2.164801
v -1.563357 -4.931630 -2.766515
v -1.438357 -3.931630 -2.829015
v -2.231250 -4.931631 -3.434408
v -2.168750 -3.931630 -3.559408
v -2.770463 -4.931631 -3.434408
v -2.832963 -3.931630 -3.559408
v -3.438357 -4.931630 -2.766515
v -3.563357 -3.931630 -2.829015
v -2.500857 -3.931630 -2.496908
v -3.688357 -3.931630 -2.164801
v -3.813357 -2.931631 -2.164801
v -2.832963 -3.931630 -1.309408
v -2.832963 -2.931631 -1.184408
v -2.168750 -3.931630 -1.309408
v -2.168750 -2.931631 -1.184408
v -1.313357 -3.931630 -2.164801
v -1.188357 -2.931631 -2.164801
v -1.313357 -3.931630 -2.829015
v -1.188357 -2.931631 -2.829015
v -2.168750 -3.931630 -3.684408
v -2.168750 -2.931631 -3.809408
v -2.832963 -3.931630 -3.684408
v -2.832963 -2.931631 -3.809408
v -3.688357 -3.931630 -2.829015
v -3.813357 -2.931631 -2.829015
v -2.500857 -2.931631 -2.496908
v -2.500857 -1.931631 -2.496908
v -4.000856 -2.931631 -1.875588
v -4.000856 -1.931631 -1.875588
v -3.122177 -2.931631 -0.996908
v -3.122177 -1.931631 -0.996908
v -1.879536 -2.931631 -0.996908
v -1.879536 -1.931631 -0.996908
v -1.000857 -2.931631 -1.875588
v -1.000857 -1.931631 -1.875588
v -1.000857 -2.931631 -3.118228
v -1.000857 -1.931631 -3.118228
v -1.879536 -2.931631 -3.996908
v -1.879536 -1.931631 -3.996908
v -3.122177 -2.931631 -3.996908
v -3.122177 -1.931631 -3.996908
v -4.000856 -2.931631 -3.118228
v -4.000856 -1.931631 -3.118228
v -2.250856 1.943369 -4.246908
v -0.750856 1.943369 -4.246908
v -2.250856 0.193369 -4.246908
v -0.750856 0.193369 -4.246908
v -2.250856 1.943369 -2.746908
v -0.750856 1.943369 -2.746908
v -2.250856 0.193369 -2.746908
v -0.750856 0.193369 -2.746908
v -2.250856 1.943369 -0.746908
v -0.750856 1.943369 -0.746908
v -2.250857 0.193369 -0.746908
v -0.750857 0.193369 -0.746908
v -2.250856 1.943369 -2.246908
v -0.750856 1.943369 -2.246908
v -2.250856 0.193369 -2.246908
v -0.750857 0.193369 -2.246908
v -4.250856 1.943369 -0.746908
v -2.750856 1.943369 -0.746908
v -4.250856 0.193369 -0.746908
v -2.750857 0.193369 -0.746908
v -4.250856 1.943369 -2.246908
v -2.750856 1.943369 -2.246908
v -4.250856 0.193369 -2.246908
v -2.750856 0.193369 -2.246908
v -4.250856 1.943369 -4.246908
v -2.750856 1.943369 -4.246908
v -4.250856 0.193369 -4.246909
v -2.750856 0.193369 -4.246908
v -4.250856 1.943369 -2.746908
v -2.750856 1.943369 -2.746908
v -4.250856 0.193369 -2.746908
v -2.750856 0.193369 -2.746908
v -4.563356 1.255869 -3.434408
v -4.250856 1.255869 -3.434408
v -4.563356 0.943369 -3.434408
v -4.250856 0.943369 -3.434408
v -4.563356 1.255869 -2.746908
v -4.250856 1.255869 -2.746908
v -4.563356 0.943369 -2.746908
v -4.250856 0.943369 -2.746908
v -4.563356 0.943369 -2.434408
v -4.250856 0.943369 -2.434408
v -4.563356 0.943369 -2.746908
v -4.250856 0.943369 -2.746908
v -4.563356 0.318369 -2.434408
v -4.250856 0.318369 -2.434408
v -4.563356 0.318369 -2.746908
v -4.250856 0.318369 -2.746908
v -4.563356 0.318369 -2.434408
v -4.250856 0.318369 -2.434408
v -4.563356 0.318369 -2.746908
v -4.250856 0.318369 -2.746908
v -4.563357 -0.306631 -2.434408
v -4.250856 -0.306631 -2.434408
v -4.563356 -0.306631 -2.746908
v -4.250856 -0.306631 -2.746908
v -4.250856 -0.619131 -2.434408
v -4.250856 -0.306631 -2.434408
v -4.250856 -0.619131 -2.746908
v -4.250856 -0.306631 -2.746908
v -4.000856 -0.619131 -2.434408
v -4.000856 -0.306631 -2.434408
v -4.000856 -0.619131 -2.746908
v -4.000856 -0.306631 -2.746908
v -4.563356 0.943369 -2.434408
v -4.563356 1.255869 -2.434408
v -4.563356 0.943369 -2.746908
v -4.563356 1.255869 -2.746908
v -4.250856 0.943369 -2.434408
v -4.250856 1.255869 -2.434408
v -4.250856 0.943369 -2.746908
v -4.250856 1.255869 -2.746908
v -4.563357 -0.619131 -2.434408
v -4.563357 -0.306631 -2.434408
v -4.563357 -0.619131 -2.746908
v -4.563356 -0.306631 -2.746908
v -4.250856 -0.619131 -2.434408
v -4.250856 -0.306631 -2.434408
v -4.250856 -0.619131 -2.746908
v -4.250856 -0.306631 -2.746908
v -3.688356 0.193369 -0.434408
v -3.688356 0.193369 -0.746908
v -3.375856 0.193369 -0.434408
v -3.375856 0.193369 -0.746908
v -3.688356 0.880869 -0.434408
v -3.688356 0.880869 -0.746908
v -3.375856 0.880869 -0.434408
v -3.375856 0.880869 -0.746908
v -3.375856 1.193369 -0.434408
v -3.375856 1.193369 -0.746908
v -3.375856 0.880869 -0.434408
v -3.375856 0.880869 -0.746908
v -2.688356 1.193369 -0.434408
v -2.688356 1.193369 -0.746908
v -2.688356 0.880869 -0.434408
v -2.688356 0.880869 -0.746908
v -2.375856 1.193369 -0.746908
v -2.688356 1.193369 -0.746908
v -2.375856 0.880869 -0.746908
v -2.688356 0.880869 -0.746908
v -2.375856 1.193369 -0.996908
v -2.688356 1.193369 -0.996908
v -2.375856 0.880869 -0.996908
v -2.688356 0.880869 -0.996908
v -3.375856 1.193369 -0.434408
v -3.688356 1.193369 -0.434408
v -3.375856 0.880869 -0.434408
v -3.688356 0.880869 -0.434408
v -3.375856 1.193369 -0.746908
v -3.688356 1.193369 -0.746908
v -3.375856 0.880869 -0.746908
v -3.688356 0.880869 -0.746908
v -3.375856 0.193369 -0.434408
v -3.688356 0.193369 -0.434408
v -3.375856 -0.119131 -0.434408
v -3.688356 -0.119131 -0.434408
v -3.375856 0.193369 -0.746908
v -3.688356 0.193369 -0.746908
v -3.375856 -0.119131 -0.746908
v -3.688356 -0.119131 -0.746908
v -3.375856 0.193369 -0.746908
v -3.688356 0.193369 -0.746908
v -3.375856 -0.119131 -0.746908
v -3.688356 -0.119131 -0.746908
v -3.375856 0.193369 -1.246908
v -3.688356 0.193369 -1.246908
v -3.375856 -0.119131 -1.246908
v -3.688356 -0.119131 -1.246908
v -3.375856 0.193369 -1.246908
v -3.688356 0.193369 -1.246908
v -3.375856 -0.119131 -1.246908
v -3.688356 -0.119131 -1.246908
v -3.375856 0.193369 -1.746908
v -3.688356 0.193369 -1.746908
v -3.375856 -0.119131 -1.746908
v -3.688356 -0.119131 -1.746908
v -2.375856 1.193369 -0.434408
v -2.688356 1.193369 -0.434408
v -2.375856 0.880869 -0.434408
v -2.688356 0.880869 -0.434408
v -2.375856 1.193369 -0.746908
v -2.688356 1.193369 -0.746908
v -2.375856 0.880869 -0.746908
v -2.688356 0.880869 -0.746908
v -0.688357 0.193369 -2.309408
v -1.000857 0.193369 -2.309408
v -0.688357 -0.119131 -2.309408
v -1.000857 -0.119131 -2.309408
v -0.688356 0.193369 -2.996908
v -1.000856 0.193369 -2.996908
v -0.688356 -0.119131 -2.996908
v -1.000856 -0.119131 -2.996908
v -0.688356 0.193369 -2.996908
v -1.000856 0.193369 -2.996908
v -0.688356 -0.119131 -2.996908
v -1.000856 -0.119131 -2.996908
v -0.688356 0.193369 -3.684408
v -1.000856 0.193369 -3.684408
v -0.688356 -0.119131 -3.684408
v -1.000856 -0.119131 -3.684408
v -0.688357 0.193369 -1.621908
v -1.000857 0.193369 -1.621908
v -0.688357 -0.119131 -1.621908
v -1.000857 -0.119131 -1.621908
v -0.688357 0.193369 -2.309408
v -1.000857 0.193369 -2.309408
v -0.688357 -0.119131 -2.309408
v -1.000857 -0.119131 -2.309408
v -0.686611 0.193369 -3.681648
v -1.003553 0.193369 -3.681648
v -0.686611 -0.119131 -3.681648
v -1.003553 -0.119131 -3.681648
v -1.172747 0.193369 -4.167784
v -1.393718 0.193369 -3.946813
v -1.172747 -0.119131 -4.167784
v -1.393718 -0.119131 -3.946813
v -1.172747 0.193369 -4.167784
v -1.393718 0.193369 -3.946813
v -1.172747 -0.119131 -4.167784
v -1.393718 -0.119131 -3.946813
v -1.437912 0.193369 -4.432949
v -1.658883 0.193369 -4.211978
v -1.437912 -0.119131 -4.432949
v -1.658883 -0.119131 -4.211978
v -1.437912 1.005869 -4.432949
v -1.658883 1.005869 -4.211978
v -1.437912 0.193369 -4.432949
v -1.658883 0.193369 -4.211978
v -1.658883 1.005869 -4.653920
v -1.879854 1.005869 -4.432949
v -1.658883 0.193369 -4.653920
v -1.879854 0.193369 -4.432949
v -1.437912 1.318369 -4.432949
v -1.658883 1.318369 -4.211978
v -1.437912 1.005869 -4.432949
v -1.658883 1.005869 -4.211978
v -1.658883 1.318369 -4.653920
v -1.879854 1.318369 -4.432949
v -1.658883 1.005869 -4.653920
v -1.879854 1.005869 -4.432949
v -1.437912 0.193369 -4.432949
v -1.658883 0.193369 -4.211978
v -1.437912 -0.119131 -4.432949
v -1.658883 -0.119131 -4.211978
v -1.658883 0.193369 -4.653920
v -1.879854 0.193369 -4.432949
v -1.658883 -0.119131 -4.653920
v -1.879854 -0.119131 -4.432949
v -1.658883 1.318369 -4.211978
v -1.879854 1.318369 -3.991008
v -1.658883 1.005869 -4.211978
v -1.879854 1.005869 -3.991008
v -1.879854 1.318369 -4.432949
v -2.100825 1.318369 -4.211978
v -1.879854 1.005869 -4.432949
v -2.100825 1.005869 -4.211978
v -0.688357 0.193369 -1.621908
v -0.688357 0.193369 -1.309408
v -0.688357 -0.119131 -1.621908
v -0.688357 -0.119131 -1.309408
v -1.000857 0.193369 -1.621908
v -1.000857 0.193369 -1.309408
v -1.000857 -0.119131 -1.621908
v -1.000857 -0.119131 -1.309408
v -1.000857 0.193369 -1.621908
v -1.000857 0.193369 -1.309408
v -1.000857 -0.119131 -1.621908
v -1.000857 -0.119131 -1.309408
v -1.688357 0.193369 -1.621908
v -1.688357 0.193369 -1.309408
v -1.688357 -0.119131 -1.621908
v -1.688357 -0.119131 -1.309408
v -3.120653 2.568369 -0.904840
v -3.341623 2.568369 -0.418704
v -3.120653 2.068369 -0.904840
v -3.341623 2.068369 -0.418704
v -3.606788 2.568369 -1.390976
v -3.960342 2.568369 -1.037423
v -3.606788 2.068369 -1.390976
v -3.960342 2.068369 -1.037423
v -2.469606 2.568369 -0.921908
v -2.469606 2.568369 -0.421908
v -2.469606 2.068369 -0.921908
v -2.469606 2.068369 -0.421908
v -3.157106 2.568369 -0.921908
v -3.344606 2.568369 -0.421908
v -3.157106 2.068369 -0.921908
v -3.344606 2.068369 -0.421908
v -2.469606 2.568369 -0.921908
v -2.469606 2.568369 -0.421908
v -2.469606 2.068369 -0.921908
v -2.469606 2.068369 -0.421908
v -1.782106 2.568369 -0.921908
v -1.594606 2.568369 -0.421908
v -1.782106 2.068369 -0.921908
v -1.594606 2.068369 -0.421908
v -1.818560 2.568369 -0.904840
v -1.597589 2.568369 -0.418704
v -1.818560 2.068369 -0.904840
v -1.597589 2.068369 -0.418704
v -1.332424 2.568369 -1.390976
v -0.978871 2.568369 -1.037423
v -1.332424 2.068369 -1.390976
v -0.978871 2.068369 -1.037423
v -1.333954 2.568369 -1.387948
v -0.980401 2.568369 -1.034395
v -1.333954 2.068369 -1.387949
v -0.980401 2.068369 -1.034395
v -0.847818 2.568369 -1.874084
v -0.361682 2.568369 -1.653113
v -0.847818 2.068369 -1.874084
v -0.361682 2.068369 -1.653113
v -0.863356 2.568369 -1.840658
v -0.363356 2.568369 -1.653158
v -0.863356 2.068369 -1.840658
v -0.363356 2.068369 -1.653158
v -0.863356 2.568369 -2.528158
v -0.363356 2.568369 -2.528158
v -0.863356 2.068369 -2.528158
v -0.363356 2.068369 -2.528158
v -0.863356 2.568369 -3.403158
v -0.363356 2.568369 -3.403158
v -0.863356 2.068369 -3.403158
v -0.363356 2.068369 -3.403158
v -0.863356 2.568369 -2.528158
v -0.363356 2.568369 -2.528158
v -0.863356 2.068369 -2.528158
v -0.363356 2.068369 -2.528158
v -0.863356 2.568369 -3.903158
v -0.863356 2.568369 -3.403158
v -0.863356 2.068369 -3.903158
v -0.863356 2.068369 -3.403158
v -1.738356 2.568369 -3.903158
v -1.738356 2.568369 -3.403158
v -1.738356 2.068369 -3.903158
v -1.738356 2.068369 -3.403158
v -1.738356 2.568369 -3.903158
v -1.738356 2.568369 -3.403158
v -1.738356 2.068369 -3.903158
v -1.738356 2.068369 -3.403158
v -2.613356 2.568369 -3.903158
v -2.613356 2.568369 -3.403158
v -2.613356 2.068369 -3.903158
v -2.613356 2.068369 -3.403158
v -0.863356 2.568369 -3.903158
v -0.363356 2.568369 -3.903158
v -0.863356 2.068369 -3.903158
v -0.363356 2.068369 -3.903158
v -0.863356 2.568369 -3.403158
v -0.363356 2.568369 -3.403158
v -0.863356 2.068369 -3.403158
v -0.363356 2.068369 -3.403158
v -4.313895 2.568369 -1.390976
v -3.960342 2.568369 -1.744530
v -4.313895 2.068369 -1.390976
v -3.960342 2.068369 -1.744529
v -3.960342 2.568369 -1.037423
v -3.606788 2.568369 -1.390976
v -3.960342 2.068369 -1.037423
v -3.606788 2.068369 -1.390976
v -3.960342 2.568369 -1.744530
v -3.606788 2.568369 -2.098083
v -3.960342 2.068369 -1.744529
v -3.606788 2.068369 -2.098083
v -3.606788 2.568369 -1.390976
v -3.253235 2.568369 -1.744530
v -3.606788 2.068369 -1.390976
v -3.253235 2.068369 -1.744529
v -2.750856 -0.369131 -3.996908
v -2.250856 -0.369131 -3.996908
v -2.750856 -0.869131 -3.996908
v -2.250856 -0.869131 -3.996908
v -2.750856 -0.369131 -4.059408
v -2.250856 -0.369131 -4.059408
v -2.750856 -0.869131 -4.059408
v -2.250856 -0.869131 -4.059408
v -2.750856 0.255869 -3.996908
v -2.250856 0.255869 -3.996908
v -2.750856 -0.244131 -3.996908
v -2.250856 -0.244131 -3.996908
v -2.750856 0.255869 -4.059408
v -2.250856 0.255869 -4.059408
v -2.750856 -0.244131 -4.059408
v -2.250856 -0.244131 -4.059408
v -2.750856 1.505869 -3.996908
v -2.250856 1.505869 -3.996908
v -2.750856 1.005869 -3.996908
v -2.250856 1.005869 -3.996908
v -2.750856 1.505869 -4.059408
v -2.250856 1.505869 -4.059408
v -2.750856 1.005869 -4.059408
v -2.250856 1.005869 -4.059408
v -2.750856 0.880869 -3.996908
v -2.250856 0.880869 -3.996908
v -2.750856 0.380869 -3.996908
v -2.250856 0.380869 -3.996908
v -2.750856 0.880869 -4.059408
v -2.250856 0.880869 -4.059408
v -2.750856 0.380869 -4.059408
v -2.250856 0.380869 -4.059408
v -2.688356 0.693369 -0.934408
v -2.313356 0.693369 -0.934408
v -2.688357 0.318369 -0.934408
v -2.313357 0.318369 -0.934408
v -2.688356 0.693369 -0.996908
v -2.313356 0.693369 -0.996908
v -2.688357 0.318369 -0.996908
v -2.313357 0.318369 -0.996908
v -2.688356 1.755869 -0.934408
v -2.313356 1.755869 -0.934408
v -2.688356 1.380869 -0.934408
v -2.313356 1.380869 -0.934408
v -2.688356 1.755869 -0.996908
v -2.313356 1.755869 -0.996908
v -2.688356 1.380869 -0.996908
v -2.313356 1.380869 -0.996908
v -2.688357 0.193369 -0.934408
v -2.313357 0.193369 -0.934408
v -2.688357 -0.181631 -0.934408
v -2.313357 -0.181631 -0.934408
v -2.688357 0.193369 -0.996908
v -2.313357 0.193369 -0.996908
v -2.688357 -0.181631 -0.996908
v -2.313357 -0.181631 -0.996908
v -2.750857 -0.369131 -0.934408
v -2.250857 -0.369131 -0.934408
v -2.750857 -0.869131 -0.934408
v -2.250857 -0.869131 -0.934408
v -2.750857 -0.369131 -0.996908
v -2.250857 -0.369131 -0.996908
v -2.750857 -0.869131 -0.996908
v -2.250857 -0.869131 -0.996908
v -3.000856 2.693369 -3.996908
v -2.000856 2.693369 -3.996908
v -3.000856 -1.306631 -3.996908
v -2.000856 -1.306631 -3.996908
v -4.000856 2.693369 -2.996908
v -1.000856 2.693369 -2.996908
v -4.000856 -1.306631 -2.996908
v -1.000856 -1.306631 -2.996908
v -4.000856 2.693369 -1.996908
v -1.000856 2.693369 -1.996908
v -4.000856 -1.306631 -1.996908
v -1.000857 -1.306631 -1.996908
v -4.000856 2.693369 -2.996908
v -1.000856 2.693369 -2.996908
v -4.000856 -1.306631 -2.996908
v -1.000856 -1.306631 -2.996908
v -3.000856 2.693369 -0.996908
v -2.000856 2.693369 -0.996908
v -3.000856 -1.306631 -0.996908
v -2.000857 -1.306631 -0.996908
v -4.000856 2.693369 -1.996908
v -1.000856 2.693369 -1.996908
v -4.000856 -1.306631 -1.996908
v -1.000857 -1.306631 -1.996908
v -0.563357 -1.306631 -2.184408
v -0.563357 -1.931631 -2.184408
v -1.563357 -1.306631 -2.184408
v -1.563357 -1.931631 -2.184408
v -0.563357 -1.306631 -2.809408
v -0.563357 -1.931631 -2.809408
v -1.563357 -1.306631 -2.809408
v -1.563357 -1.931631 -2.809408
v -1.368880 -1.306631 -0.888218
v -1.368880 -1.931631 -0.888218
v -2.075987 -1.306631 -1.595325
v -2.075987 -1.931631 -1.595325
v -0.926938 -1.306631 -1.330159
v -0.926938 -1.931631 -1.330159
v -1.634045 -1.306631 -2.037266
v -1.634045 -1.931631 -2.037266
v -3.401812 -1.306631 -2.921150
v -3.401812 -1.931631 -2.921150
v -4.108919 -1.306631 -3.628257
v -4.108919 -1.931631 -3.628257
v -2.959870 -1.306631 -3.363092
v -2.959870 -1.931631 -3.363091
v -3.666977 -1.306631 -4.070199
v -3.666977 -1.931631 -4.070199
v -2.813357 -1.306631 -0.559408
v -2.813357 -1.931631 -0.559408
v -2.813357 -1.306631 -1.559408
v -2.813357 -1.931631 -1.559408
v -2.188357 -1.306631 -0.559408
v -2.188357 -1.931631 -0.559408
v -2.188357 -1.306631 -1.559408
v -2.188357 -1.931631 -1.559408
v -4.104499 -1.306631 -1.361096
v -4.104499 -1.931631 -1.361096
v -3.397392 -1.306631 -2.068202
v -3.397392 -1.931631 -2.068202
v -3.662558 -1.306631 -0.919154
v -3.662558 -1.931631 -0.919154
v -2.955451 -1.306631 -1.626261
v -2.955451 -1.931631 -1.626261
v -2.071567 -1.306631 -3.394028
v -2.071567 -1.931631 -3.394027
v -1.364460 -1.306631 -4.101135
v -1.364460 -1.931631 -4.101135
v -1.629626 -1.306631 -2.952086
v -1.629626 -1.931631 -2.952086
v -0.922518 -1.306631 -3.659192
v -0.922518 -1.931631 -3.659192
v -2.813357 -1.306631 -3.434408
v -2.813357 -1.931631 -3.434408
v -2.813356 -1.306631 -4.434409
v -2.813357 -1.931631 -4.434409
v -2.188357 -1.306631 -3.434408
v -2.188357 -1.931631 -3.434408
v -2.188356 -1.306631 -4.434409
v -2.188357 -1.931631 -4.434409
v -3.438356 -1.306631 -2.184408
v -3.438356 -1.931631 -2.184408
v -4.438356 -1.306631 -2.184408
v -4.438356 -1.931630 -2.184408
v -3.438356 -1.306631 -2.809408
v -3.438356 -1.931631 -2.809408
v -4.438356 -1.306631 -2.809408
v -4.438356 -1.931631 -2.809408
v -2.500857 -1.931631 -2.496908
v -2.500857 -1.306631 -2.496908
v -3.625856 -1.931631 -2.030918
v -3.625856 -1.306631 -2.030918
v -2.966847 -1.931631 -1.371908
v -2.966847 -1.306631 -1.371908
v -2.034866 -1.931631 -1.371908
v -2.034866 -1.306631 -1.371908
v -1.375857 -1.931631 -2.030918
v -1.375857 -1.306631 -2.030918
v -1.375857 -1.931631 -2.962898
v -1.375857 -1.306631 -2.962898
v -2.034866 -1.931631 -3.621908
v -2.034866 -1.306631 -3.621908
v -2.966847 -1.931631 -3.621908
v -2.966847 -1.306631 -3.621908
v -3.625856 -1.931631 -2.962898
v -3.625856 -1.306631 -2.962898
v 0.999143 -0.181631 -0.337136
v 1.249143 -0.181631 -0.337136
v 0.999143 -0.393736 -0.399105
v 1.249143 -0.393736 -0.399105
v 0.999143 -0.646859 0.128092
v 1.249143 -0.646859 0.128092
v 0.999143 -0.708828 -0.084013
v 1.249143 -0.708828 -0.084013
v 0.999143 -1.216403 0.128092
v 1.249143 -1.216403 0.128092
v 0.999143 -1.154434 -0.084013
v 1.249143 -1.154434 -0.084013
v 0.999143 -1.681631 -0.337136
v 1.249143 -1.681631 -0.337136
v 0.999143 -1.469526 -0.399105
v 1.249143 -1.469526 -0.399105
v 0.999143 -1.681631 -0.906680
v 1.249143 -1.681631 -0.906680
v 0.999143 -1.469526 -0.844711
v 1.249143 -1.469526 -0.844711
v 0.999143 -1.216403 -1.371908
v 1.249143 -1.216403 -1.371908
v 0.999143 -1.154434 -1.159803
v 1.249143 -1.154434 -1.159803
v 0.999143 -0.646859 -1.371908
v 1.249143 -0.646859 -1.371908
v 0.999143 -0.708828 -1.159803
v 1.249143 -0.708828 -1.159803
v 0.999143 -0.181631 -0.906680
v 1.249143 -0.181631 -0.906680
v 0.999143 -0.393736 -0.844711
v 1.249143 -0.393736 -0.844711
v 0.999143 -1.681631 -0.337136
v 0.999143 -1.469526 -0.399105
v 0.999143 -1.216403 0.128092
v 0.999143 -1.154434 -0.084013
v 0.999143 -0.646859 0.128092
v 0.999143 -0.708828 -0.084013
v 0.999143 -0.181631 -0.337136
v 0.999143 -0.393736 -0.399105
v 0.999143 -0.181631 -0.906680
v 0.999143 -0.393736 -0.844711
v 0.999143 -0.646859 -1.371908
v 0.999143 -0.708828 -1.159803
v 0.999143 -1.216403 -1.371908
v 0.999143 -1.154434 -1.159803
v 0.999143 -1.681631 -0.906680
v 0.999143 -1.469526 -0.844711
v 1.249143 -0.681631 -0.371908
v 1.249143 -1.181631 -0.371908
v 0.999143 -0.681631 -0.371908
v 0.999143 -1.181631 -0.371908
v 1.249143 -0.681631 -0.871908
v 1.249143 -1.181631 -0.871908
v 0.999143 -0.681631 -0.871908
v 0.999143 -1.181631 -0.871908
v 1.124143 -1.494131 -0.371908
v 1.124143 -1.181631 -0.059408
v 1.124143 -1.494131 -0.871908
v 1.124143 -1.181631 -1.184408
v 1.124143 -0.681631 -0.059408
v 1.124143 -1.181631 -0.059408
v 1.124143 -0.681631 -1.184408
v 1.124143 -1.181631 -1.184408
v 1.124143 -0.369131 -0.371908
v 1.124143 -0.681631 -0.059408
v 1.124143 -0.369131 -0.871908
v 1.124143 -0.681631 -1.184408
v 1.117893 -0.369131 -0.371908
v 1.117893 -0.681631 -0.059408
v 1.117893 -0.369131 -0.871908
v 1.117893 -0.681631 -1.184408
v 1.117893 -1.181631 -0.059408
v 1.117893 -0.681631 -0.059408
v 1.117893 -1.181631 -1.184408
v 1.117893 -0.681631 -1.184408
v 1.117893 -1.494131 -0.371908
v 1.117893 -1.181631 -0.059408
v 1.117893 -1.494131 -0.871908
v 1.117893 -1.181631 -1.184408
v 1.249143 0.005869 -0.746908
v 1.249143 0.005869 -0.871908
v 0.999143 0.005869 -0.746908
v 0.999143 0.005869 -0.871908
v 1.249143 -0.181631 -0.715658
v 1.249143 -0.181631 -0.903158
v 0.999143 -0.181631 -0.715658
v 0.999143 -0.181631 -0.903158
v 1.249143 0.005869 -0.371908
v 1.249143 0.005869 -0.496908
v 0.999143 0.005869 -0.371908
v 0.999143 0.005869 -0.496908
v 1.249143 -0.181631 -0.340658
v 1.249143 -0.181631 -0.528158
v 0.999143 -0.181631 -0.340658
v 0.999143 -0.181631 -0.528158
v 1.249143 -0.806631 0.315592
v 1.249143 -0.681631 0.315592
v 0.999143 -0.806631 0.315592
v 0.999143 -0.681631 0.315592
v 1.249143 -0.837881 0.128092
v 1.249143 -0.650381 0.128092
v 0.999143 -0.837881 0.128092
v 0.999143 -0.650381 0.128092
v 1.249143 -1.181631 0.315592
v 1.249143 -1.056631 0.315592
v 0.999143 -1.181631 0.315592
v 0.999143 -1.056631 0.315592
v 1.249143 -1.212881 0.128092
v 1.249143 -1.025381 0.128092
v 0.999143 -1.212881 0.128092
v 0.999143 -1.025381 0.128092
v 1.249143 -0.806631 -1.559408
v 1.249143 -0.681631 -1.559408
v 0.999143 -0.806631 -1.559408
v 0.999143 -0.681631 -1.559408
v 1.249143 -0.837881 -1.371908
v 1.249143 -0.650381 -1.371908
v 0.999143 -0.837881 -1.371908
v 0.999143 -0.650381 -1.371908
v 1.249143 -1.181631 -1.559408
v 1.249143 -1.056631 -1.559408
v 0.999143 -1.181631 -1.559408
v 0.999143 -1.056631 -1.559408
v 1.249143 -1.212881 -1.371908
v 1.249143 -1.025381 -1.371908
v 0.999143 -1.212881 -1.371908
v 0.999143 -1.025381 -1.371908
v 1.249143 -1.869131 -0.746908
v 1.249143 -1.869131 -0.871908
v 0.999143 -1.869131 -0.746908
v 0.999143 -1.869131 -0.871908
v 1.249143 -1.681631 -0.715658
v 1.249143 -1.681631 -0.903158
v 0.999143 -1.681631 -0.715658
v 0.999143 -1.681631 -0.903158
v 1.249143 -1.869131 -0.371908
v 1.249143 -1.869131 -0.496908
v 0.999143 -1.869131 -0.371908
v 0.999143 -1.869131 -0.496908
v 1.249143 -1.681631 -0.340658
v 1.249143 -1.681631 -0.528158
v 0.999143 -1.681631 -0.340658
v 0.999143 -1.681631 -0.528158
v 1.249143 -1.495432 -1.354859
v 1.249143 -1.407044 -1.443247
v 0.999143 -1.495432 -1.354859
v 0.999143 -1.407044 -1.443247
v 1.249143 -1.384947 -1.200179
v 1.249143 -1.252364 -1.332762
v 0.999143 -1.384947 -1.200179
v 0.999143 -1.252364 -1.332762
v 1.249143 -1.760597 -1.089693
v 1.249143 -1.672209 -1.178082
v 0.999143 -1.760597 -1.089693
v 0.999143 -1.672209 -1.178082
v 1.249143 -1.650112 -0.935014
v 1.249143 -1.517529 -1.067596
v 0.999143 -1.650112 -0.935014
v 0.999143 -1.517529 -1.067596
v 1.249143 -0.367830 -1.354858
v 1.249143 -0.456218 -1.443247
v 0.999143 -0.367830 -1.354858
v 0.999143 -0.456218 -1.443247
v 1.249143 -0.478315 -1.200179
v 1.249143 -0.610898 -1.332762
v 0.999143 -0.478315 -1.200179
v 0.999143 -0.610898 -1.332762
v 1.249143 -0.102665 -1.089693
v 1.249143 -0.191053 -1.178082
v 0.999143 -0.102665 -1.089693
v 0.999143 -0.191053 -1.178082
v 1.249143 -0.213151 -0.935014
v 1.249143 -0.345733 -1.067596
v 0.999143 -0.213151 -0.935014
v 0.999143 -0.345733 -1.067596
v 1.249143 -0.367830 0.111043
v 1.249143 -0.456218 0.199431
v 0.999143 -0.367830 0.111043
v 0.999143 -0.456218 0.199431
v 1.249143 -0.478315 -0.043637
v 1.249143 -0.610898 0.088946
v 0.999143 -0.478315 -0.043637
v 0.999143 -0.610898 0.088946
v 1.249143 -0.102665 -0.154122
v 1.249143 -0.191053 -0.065734
v 0.999143 -0.102665 -0.154122
v 0.999143 -0.191053 -0.065734
v 1.249143 -0.213151 -0.308801
v 1.249143 -0.345733 -0.176220
v 0.999143 -0.213151 -0.308801
v 0.999143 -0.345733 -0.176220
v 1.249143 -1.495432 0.111043
v 1.249143 -1.407044 0.199431
v 0.999143 -1.495432 0.111043
v 0.999143 -1.407044 0.199431
v 1.249143 -1.384947 -0.043637
v 1.249143 -1.252364 0.088946
v 0.999143 -1.384947 -0.043637
v 0.999143 -1.252364 0.088946
v 1.249143 -1.760597 -0.154123
v 1.249143 -1.672209 -0.065734
v 0.999143 -1.760597 -0.154123
v 0.999143 -1.672209 -0.065734
v 1.249143 -1.650112 -0.308802
v 1.249143 -1.517529 -0.176220
v 0.999143 -1.650112 -0.308802
v 0.999143 -1.517529 -0.176220
v 0.999143 -0.181631 1.912863
v 1.249143 -0.181631 1.912864
v 0.999143 -0.393736 1.850895
v 1.249143 -0.393736 1.850895
v 0.999143 -0.646859 2.378091
v 1.249143 -0.646859 2.378091
v 0.999143 -0.708828 2.165986
v 1.249143 -0.708828 2.165986
v 0.999143 -1.216403 2.378091
v 1.249143 -1.216403 2.378091
v 0.999143 -1.154434 2.165986
v 1.249143 -1.154434 2.165986
v 0.999143 -1.681631 1.912863
v 1.249143 -1.681631 1.912864
v 0.999143 -1.469526 1.850895
v 1.249143 -1.469526 1.850895
v 0.999143 -1.681631 1.343320
v 1.249143 -1.681631 1.343320
v 0.999143 -1.469526 1.405289
v 1.249143 -1.469526 1.405289
v 0.999143 -1.216403 0.878092
v 1.249143 -1.216403 0.878092
v 0.999143 -1.154434 1.090197
v 1.249143 -1.154434 1.090197
v 0.999143 -0.646859 0.878092
v 1.249143 -0.646859 0.878092
v 0.999143 -0.708828 1.090197
v 1.249143 -0.708828 1.090197
v 0.999143 -0.181631 1.343320
v 1.249143 -0.181631 1.343320
v 0.999143 -0.393736 1.405289
v 1.249143 -0.393736 1.405289
v 0.999143 -1.681631 1.912863
v 0.999143 -1.469526 1.850895
v 0.999143 -1.216403 2.378091
v 0.999143 -1.154434 2.165986
v 0.999143 -0.646859 2.378091
v 0.999143 -0.708828 2.165986
v 0.999143 -0.181631 1.912863
v 0.999143 -0.393736 1.850895
v 0.999143 -0.181631 1.343320
v 0.999143 -0.393736 1.405289
v 0.999143 -0.646859 0.878092
v 0.999143 -0.708828 1.090197
v 0.999143 -1.216403 0.878092
v 0.999143 -1.154434 1.090197
v 0.999143 -1.681631 1.343320
v 0.999143 -1.469526 1.405289
v 1.249143 -0.681631 1.878091
v 1.249143 -1.181631 1.878092
v 0.999143 -0.681631 1.878091
v 0.999143 -1.181631 1.878092
v 1.249143 -0.681631 1.378092
v 1.249143 -1.181631 1.378092
v 0.999143 -0.681631 1.378092
v 0.999143 -1.181631 1.378092
v 1.124143 -1.494131 1.878092
v 1.124143 -1.181631 2.190591
v 1.124143 -1.494131 1.378092
v 1.124143 -1.181631 1.065592
v 1.124143 -0.681631 2.190591
v 1.124143 -1.181631 2.190591
v 1.124143 -0.681631 1.065592
v 1.124143 -1.181631 1.065592
v 1.124143 -0.369131 1.878091
v 1.124143 -0.681631 2.190591
v 1.124143 -0.369131 1.378092
v 1.124143 -0.681631 1.065592
v 1.117893 -0.369131 1.878091
v 1.117893 -0.681631 2.190592
v 1.117893 -0.369131 1.378092
v 1.117893 -0.681631 1.065592
v 1.117893 -1.181631 2.190592
v 1.117893 -0.681631 2.190592
v 1.117893 -1.181631 1.065592
v 1.117893 -0.681631 1.065592
v 1.117893 -1.494131 1.878092
v 1.117893 -1.181631 2.190592
v 1.117893 -1.494131 1.378092
v 1.117893 -1.181631 1.065592
v 1.249143 0.005869 1.503092
v 1.249143 0.005869 1.378092
v 0.999143 0.005869 1.503092
v 0.999143 0.005869 1.378092
v 1.249143 -0.181631 1.534342
v 1.249143 -0.181631 1.346842
v 0.999143 -0.181631 1.534342
v 0.999143 -0.181631 1.346842
v 1.249143 0.005869 1.878091
v 1.249143 0.005869 1.753091
v 0.999143 0.005869 1.878091
v 0.999143 0.005869 1.753091
v 1.249143 -0.181631 1.909341
v 1.249143 -0.181631 1.721841
v 0.999143 -0.181631 1.909341
v 0.999143 -0.181631 1.721841
v 1.249143 -0.806631 2.565591
v 1.249143 -0.681631 2.565591
v 0.999143 -0.806631 2.565591
v 0.999143 -0.681631 2.565591
v 1.249143 -0.837881 2.378091
v 1.249143 -0.650381 2.378091
v 0.999143 -0.837881 2.378091
v 0.999143 -0.650381 2.378091
v 1.249143 -1.181631 2.565591
v 1.249143 -1.056631 2.565591
v 0.999143 -1.181631 2.565591
v 0.999143 -1.056631 2.565591
v 1.249143 -1.212881 2.378091
v 1.249143 -1.025381 2.378091
v 0.999143 -1.212881 2.378091
v 0.999143 -1.025381 2.378091
v 1.249143 -0.806631 0.690592
v 1.249143 -0.681631 0.690592
v 0.999143 -0.806631 0.690592
v 0.999143 -0.681631 0.690592
v 1.249143 -0.837881 0.878092
v 1.249143 -0.650381 0.878092
v 0.999143 -0.837881 0.878092
v 0.999143 -0.650381 0.878092
v 1.249143 -1.181631 0.690592
v 1.249143 -1.056631 0.690592
v 0.999143 -1.181631 0.690592
v 0.999143 -1.056631 0.690592
v 1.249143 -1.212881 0.878092
v 1.249143 -1.025381 0.878092
v 0.999143 -1.212881 0.878092
v 0.999143 -1.025381 0.878092
v 1.249143 -1.869131 1.503092
v 1.249143 -1.869131 1.378092
v 0.999143 -1.869131 1.503092
v 0.999143 -1.869131 1.378092
v 1.249143 -1.681631 1.534342
v 1.249143 -1.681631 1.346842
v 0.999143 -1.681631 1.534342
v 0.999143 -1.681631 1.346842
v 1.249143 -1.869131 1.878092
v 1.249143 -1.869131 1.753092
v 0.999143 -1.869131 1.878092
v 0.999143 -1.869131 1.753092
v 1.249143 -1.681631 1.909341
v 1.249143 -1.681631 1.721842
v 0.999143 -1.681631 1.909342
v 0.999143 -1.681631 1.721842
v 1.249143 -1.495432 0.895141
v 1.249143 -1.407044 0.806753
v 0.999143 -1.495432 0.895141
v 0.999143 -1.407044 0.806753
v 1.249143 -1.384947 1.049821
v 1.249143 -1.252364 0.917239
v 0.999143 -1.384947 1.049821
v 0.999143 -1.252364 0.917239
v 1.249143 -1.760597 1.160307
v 1.249143 -1.672209 1.071918
v 0.999143 -1.760597 1.160307
v 0.999143 -1.672209 1.071918
v 1.249143 -1.650112 1.314986
v 1.249143 -1.517529 1.182404
v 0.999143 -1.650112 1.314986
v 0.999143 -1.517529 1.182404
v 1.249143 -0.367830 0.895141
v 1.249143 -0.456218 0.806753
v 0.999143 -0.367830 0.895141
v 0.999143 -0.456218 0.806753
v 1.249143 -0.478315 1.049821
v 1.249143 -0.610898 0.917238
v 0.999143 -0.478315 1.049821
v 0.999143 -0.610898 0.917238
v 1.249143 -0.102665 1.160307
v 1.249143 -0.191053 1.071919
v 0.999143 -0.102665 1.160307
v 0.999143 -0.191053 1.071919
v 1.249143 -0.213151 1.314986
v 1.249143 -0.345733 1.182404
v 0.999143 -0.213151 1.314986
v 0.999143 -0.345733 1.182404
v 1.249143 -0.367830 2.361043
v 1.249143 -0.456218 2.449430
v 0.999143 -0.367830 2.361043
v 0.999143 -0.456218 2.449430
v 1.249143 -0.478315 2.206363
v 1.249143 -0.610898 2.338945
v 0.999143 -0.478315 2.206363
v 0.999143 -0.610898 2.338945
v 1.249143 -0.102665 2.095878
v 1.249143 -0.191053 2.184266
v 0.999143 -0.102665 2.095877
v 0.999143 -0.191053 2.184266
v 1.249143 -0.213151 1.941198
v 1.249143 -0.345733 2.073779
v 0.999143 -0.213151 1.941198
v 0.999143 -0.345733 2.073780
v 1.249143 -1.495432 2.361043
v 1.249143 -1.407044 2.449430
v 0.999143 -1.495432 2.361043
v 0.999143 -1.407044 2.449430
v 1.249143 -1.384947 2.206363
v 1.249143 -1.252364 2.338945
v 0.999143 -1.384947 2.206363
v 0.999143 -1.252364 2.338945
v 1.249143 -1.760597 2.095878
v 1.249143 -1.672209 2.184267
v 0.999143 -1.760597 2.095878
v 0.999143 -1.672209 2.184267
v 1.249143 -1.650112 1.941198
v 1.249143 -1.517529 2.073779
v 0.999143 -1.650112 1.941198
v 0.999143 -1.517529 2.073780
v -0.250857 -0.181631 1.975363
v -0.000857 -0.181631 1.975363
v -0.250857 -0.393736 1.913395
v -0.000857 -0.393736 1.913395
v -0.250857 -0.646859 2.440592
v -0.000857 -0.646859 2.440592
v -0.250857 -0.708828 2.228487
v -0.000857 -0.708828 2.228487
v -0.250857 -1.216403 2.440592
v -0.000857 -1.216403 2.440592
v -0.250857 -1.154434 2.228487
v -0.000857 -1.154434 2.228487
v -0.250857 -1.681631 1.975363
v -0.000857 -1.681631 1.975363
v -0.250857 -1.469526 1.913395
v -0.000857 -1.469526 1.913395
v -0.250857 -1.681631 1.405820
v -0.000857 -1.681631 1.405820
v -0.250857 -1.469526 1.467789
v -0.000857 -1.469526 1.467789
v -0.250857 -1.216403 0.940592
v -0.000857 -1.216403 0.940592
v -0.250857 -1.154434 1.152697
v -0.000857 -1.154434 1.152697
v -0.250857 -0.646859 0.940592
v -0.000857 -0.646859 0.940592
v -0.250857 -0.708828 1.152697
v -0.000857 -0.708828 1.152697
v -0.250857 -0.181631 1.405820
v -0.000857 -0.181631 1.405820
v -0.250857 -0.393736 1.467789
v -0.000857 -0.393736 1.467789
v -0.250857 -1.681631 1.975363
v -0.250857 -1.469526 1.913395
v -0.250857 -1.216403 2.440592
v -0.250857 -1.154434 2.228487
v -0.250857 -0.646859 2.440592
v -0.250857 -0.708828 2.228487
v -0.250857 -0.181631 1.975363
v -0.250857 -0.393736 1.913395
v -0.250857 -0.181631 1.405820
v -0.250857 -0.393736 1.467789
v -0.250857 -0.646859 0.940592
v -0.250857 -0.708828 1.152697
v -0.250857 -1.216403 0.940592
v -0.250857 -1.154434 1.152697
v -0.250857 -1.681631 1.405820
v -0.250857 -1.469526 1.467789
v -0.000857 -0.681631 1.940591
v -0.000857 -1.181631 1.940592
v -0.250857 -0.681631 1.940591
v -0.250857 -1.181631 1.940592
v -0.000857 -0.681631 1.440592
v -0.000857 -1.181631 1.440592
v -0.250857 -0.681631 1.440592
v -0.250857 -1.181631 1.440592
v -0.125857 -1.494131 1.940592
v -0.125857 -1.181631 2.253092
v -0.125857 -1.494131 1.440592
v -0.125857 -1.181631 1.128092
v -0.125857 -0.681631 2.253092
v -0.125857 -1.181631 2.253092
v -0.125857 -0.681631 1.128092
v -0.125857 -1.181631 1.128092
v -0.125857 -0.369131 1.940591
v -0.125857 -0.681631 2.253092
v -0.125857 -0.369131 1.440592
v -0.125857 -0.681631 1.128092
v -0.132107 -0.369131 1.940591
v -0.132107 -0.681631 2.253092
v -0.132107 -0.369131 1.440591
v -0.132107 -0.681631 1.128091
v -0.132107 -1.181631 2.253092
v -0.132107 -0.681631 2.253092
v -0.132107 -1.181631 1.128092
v -0.132107 -0.681631 1.128091
v -0.132107 -1.494131 1.940592
v -0.132107 -1.181631 2.253092
v -0.132107 -1.494131 1.440592
v -0.132107 -1.181631 1.128092
v -0.000857 0.005869 1.565592
v -0.000857 0.005869 1.440592
v -0.250857 0.005869 1.565592
v -0.250857 0.005869 1.440592
v -0.000857 -0.181631 1.596842
v -0.000857 -0.181631 1.409342
v -0.250857 -0.181631 1.596842
v -0.250857 -0.181631 1.409342
v -0.000857 0.005869 1.940591
v -0.000857 0.005869 1.815591
v -0.250857 0.005869 1.940591
v -0.250857 0.005869 1.815591
v -0.000857 -0.181631 1.971841
v -0.000857 -0.181631 1.784341
v -0.250857 -0.181631 1.971841
v -0.250857 -0.181631 1.784341
v -0.000857 -0.806631 2.628092
v -0.000857 -0.681631 2.628092
v -0.250857 -0.806631 2.628092
v -0.250857 -0.681631 2.628092
v -0.000857 -0.837881 2.440592
v -0.000857 -0.650381 2.440592
v -0.250857 -0.837881 2.440592
v -0.250857 -0.650381 2.440592
v -0.000857 -1.181631 2.628092
v -0.000857 -1.056631 2.628092
v -0.250857 -1.181631 2.628092
v -0.250857 -1.056631 2.628092
v -0.000857 -1.212881 2.440592
v -0.000857 -1.025381 2.440592
v -0.250857 -1.212881 2.440592
v -0.250857 -1.025381 2.440592
v -0.000857 -0.806631 0.753092
v -0.000857 -0.681631 0.753092
v -0.250857 -0.806631 0.753092
v -0.250857 -0.681631 0.753092
v -0.000857 -0.837881 0.940592
v -0.000857 -0.650381 0.940592
v -0.250857 -0.837881 0.940592
v -0.250857 -0.650381 0.940592
v -0.000857 -1.181631 0.753092
v -0.000857 -1.056631 0.753092
v -0.250857 -1.181631 0.753092
v -0.250857 -1.056631 0.753092
v -0.000857 -1.212881 0.940592
v -0.000857 -1.025381 0.940592
v -0.250857 -1.212881 0.940592
v -0.250857 -1.025381 0.940592
v -0.000857 -1.869131 1.565592
v -0.000857 -1.869131 1.440592
v -0.250857 -1.869131 1.565592
v -0.250857 -1.869131 1.440592
v -0.000857 -1.681631 1.596842
v -0.000857 -1.681631 1.409342
v -0.250857 -1.681631 1.596842
v -0.250857 -1.681631 1.409342
v -0.000857 -1.869131 1.940592
v -0.000857 -1.869131 1.815592
v -0.250857 -1.869131 1.940592
v -0.250857 -1.869131 1.815592
v -0.000857 -1.681631 1.971842
v -0.000857 -1.681631 1.784342
v -0.250857 -1.681631 1.971842
v -0.250857 -1.681631 1.784342
v -0.000857 -1.495432 0.957641
v -0.000857 -1.407044 0.869253
v -0.250857 -1.495432 0.957641
v -0.250857 -1.407044 0.869253
v -0.000857 -1.384947 1.112321
v -0.000857 -1.252364 0.979739
v -0.250857 -1.384947 1.112321
v -0.250857 -1.252364 0.979739
v -0.000857 -1.760597 1.222806
v -0.000857 -1.672209 1.134418
v -0.250857 -1.760597 1.222806
v -0.250857 -1.672209 1.134418
v -0.000857 -1.650112 1.377486
v -0.000857 -1.517529 1.244904
v -0.250857 -1.650112 1.377486
v -0.250857 -1.517529 1.244904
v -0.000857 -0.367830 0.957641
v -0.000857 -0.456218 0.869253
v -0.250857 -0.367830 0.957641
v -0.250857 -0.456218 0.869253
v -0.000857 -0.478315 1.112321
v -0.000857 -0.610898 0.979738
v -0.250857 -0.478315 1.112321
v -0.250857 -0.610898 0.979738
v -0.000857 -0.102665 1.222807
v -0.000857 -0.191053 1.134418
v -0.250857 -0.102665 1.222807
v -0.250857 -0.191053 1.134418
v -0.000857 -0.213151 1.377486
v -0.000857 -0.345733 1.244904
v -0.250857 -0.213150 1.377486
v -0.250857 -0.345733 1.244904
v -0.000857 -0.367830 2.423543
v -0.000857 -0.456218 2.511930
v -0.250857 -0.367830 2.423543
v -0.250857 -0.456218 2.511930
v -0.000857 -0.478315 2.268862
v -0.000857 -0.610898 2.401445
v -0.250857 -0.478315 2.268862
v -0.250857 -0.610898 2.401445
v -0.000857 -0.102665 2.158377
v -0.000857 -0.191053 2.246766
v -0.250857 -0.102665 2.158377
v -0.250857 -0.191053 2.246766
v -0.000857 -0.213151 2.003698
v -0.000857 -0.345733 2.136280
v -0.250857 -0.213150 2.003698
v -0.250857 -0.345733 2.136280
v -0.000857 -1.495432 2.423543
v -0.000857 -1.407044 2.511930
v -0.250857 -1.495432 2.423543
v -0.250857 -1.407044 2.511930
v -0.000857 -1.384947 2.268862
v -0.000857 -1.252364 2.401445
v -0.250857 -1.384947 2.268862
v -0.250857 -1.252364 2.401445
v -0.000857 -1.760597 2.158378
v -0.000857 -1.672209 2.246766
v -0.250857 -1.760597 2.158378
v -0.250857 -1.672209 2.246766
v -0.000857 -1.650112 2.003698
v -0.000857 -1.517529 2.136280
v -0.250857 -1.650112 2.003698
v -0.250857 -1.517529 2.136280
v -0.250857 -0.181631 -0.337136
v -0.000857 -0.181631 -0.337136
v -0.250857 -0.393736 -0.399105
v -0.000857 -0.393736 -0.399105
v -0.250857 -0.646859 0.128092
v -0.000857 -0.646859 0.128092
v -0.250857 -0.708828 -0.084014
v -0.000857 -0.708828 -0.084014
v -0.250857 -1.216403 0.128092
v -0.000857 -1.216403 0.128092
v -0.250857 -1.154434 -0.084014
v -0.000857 -1.154434 -0.084014
v -0.250857 -1.681631 -0.337136
v -0.000857 -1.681631 -0.337136
v -0.250857 -1.469526 -0.399105
v -0.000857 -1.469526 -0.399105
v -0.250857 -1.681631 -0.906680
v -0.000857 -1.681631 -0.906680
v -0.250857 -1.469526 -0.844711
v -0.000857 -1.469526 -0.844711
v -0.250857 -1.216403 -1.371908
v -0.000857 -1.216403 -1.371908
v -0.250857 -1.154434 -1.159803
v -0.000857 -1.154434 -1.159803
v -0.250857 -0.646859 -1.371908
v -0.000857 -0.646859 -1.371908
v -0.250857 -0.708828 -1.159803
v -0.000857 -0.708828 -1.159803
v -0.250857 -0.181631 -0.906680
v -0.000857 -0.181631 -0.906680
v -0.250857 -0.393736 -0.844711
v -0.000857 -0.393736 -0.844711
v -0.250857 -1.681631 -0.337136
v -0.250857 -1.469526 -0.399105
v -0.250857 -1.216403 0.128092
v -0.250857 -1.154434 -0.084014
v -0.250857 -0.646859 0.128092
v -0.250857 -0.708828 -0.084014
v -0.250857 -0.181631 -0.337136
v -0.250857 -0.393736 -0.399105
v -0.250857 -0.181631 -0.906680
v -0.250857 -0.393736 -0.844711
v -0.250857 -0.646859 -1.371908
v -0.250857 -0.708828 -1.159803
v -0.250857 -1.216403 -1.371908
v -0.250857 -1.154434 -1.159803
v -0.250857 -1.681631 -0.906680
v -0.250857 -1.469526 -0.844711
v -0.000857 -0.681631 -0.371908
v -0.000857 -1.181631 -0.371908
v -0.250857 -0.681631 -0.371908
v -0.250857 -1.181631 -0.371908
v -0.000857 -0.681631 -0.871908
v -0.000857 -1.181631 -0.871908
v -0.250857 -0.681631 -0.871908
v -0.250857 -1.181631 -0.871908
v -0.125857 -1.494131 -0.371908
v -0.125857 -1.181631 -0.059408
v -0.125857 -1.494131 -0.871908
v -0.125857 -1.181631 -1.184408
v -0.125857 -0.681631 -0.059408
v -0.125857 -1.181631 -0.059408
v -0.125857 -0.681631 -1.184408
v -0.125857 -1.181631 -1.184408
v -0.125857 -0.369131 -0.371908
v -0.125857 -0.681631 -0.059408
v -0.125857 -0.369131 -0.871908
v -0.125857 -0.681631 -1.184408
v -0.132107 -0.369131 -0.371908
v -0.132107 -0.681631 -0.059408
v -0.132107 -0.369131 -0.871908
v -0.132107 -0.681631 -1.184408
v -0.132107 -1.181631 -0.059408
v -0.132107 -0.681631 -0.059408
v -0.132107 -1.181631 -1.184408
v -0.132107 -0.681631 -1.184408
v -0.132107 -1.494131 -0.371908
v -0.132107 -1.181631 -0.059408
v -0.132107 -1.494131 -0.871908
v -0.132107 -1.181631 -1.184408
v -0.000857 0.005869 -0.746908
v -0.000857 0.005869 -0.871908
v -0.250857 0.005869 -0.746908
v -0.250857 0.005869 -0.871908
v -0.000857 -0.181631 -0.715658
v -0.000857 -0.181631 -0.903158
v -0.250857 -0.181631 -0.715658
v -0.250857 -0.181631 -0.903158
v -0.000857 0.005869 -0.371908
v -0.000857 0.005869 -0.496908
v -0.250857 0.005869 -0.371908
v -0.250857 0.005869 -0.496908
v -0.000857 -0.181631 -0.340658
v -0.000857 -0.181631 -0.528158
v -0.250857 -0.181631 -0.340658
v -0.250857 -0.181631 -0.528158
v -0.000857 -0.806631 0.315592
v -0.000857 -0.681631 0.315592
v -0.250857 -0.806631 0.315592
v -0.250857 -0.681631 0.315592
v -0.000857 -0.837881 0.128092
v -0.000857 -0.650381 0.128092
v -0.250857 -0.837881 0.128092
v -0.250857 -0.650381 0.128092
v -0.000857 -1.181631 0.315592
v -0.000857 -1.056631 0.315592
v -0.250857 -1.181631 0.315592
v -0.250857 -1.056631 0.315592
v -0.000857 -1.212881 0.128092
v -0.000857 -1.025381 0.128092
v -0.250857 -1.212881 0.128092
v -0.250857 -1.025381 0.128092
v -0.000857 -0.806631 -1.559408
v -0.000857 -0.681631 -1.559408
v -0.250857 -0.806631 -1.559408
v -0.250857 -0.681631 -1.559408
v -0.000857 -0.837881 -1.371908
v -0.000857 -0.650381 -1.371908
v -0.250857 -0.837881 -1.371908
v -0.250857 -0.650381 -1.371908
v -0.000857 -1.181631 -1.559408
v -0.000857 -1.056631 -1.559408
v -0.250857 -1.181631 -1.559408
v -0.250857 -1.056631 -1.559408
v -0.000857 -1.212881 -1.371908
v -0.000857 -1.025381 -1.371908
v -0.250857 -1.212881 -1.371908
v -0.250857 -1.025381 -1.371908
v -0.000857 -1.869131 -0.746908
v -0.000857 -1.869131 -0.871908
v -0.250857 -1.869131 -0.746908
v -0.250857 -1.869131 -0.871908
v -0.000857 -1.681631 -0.715658
v -0.000857 -1.681631 -0.903158
v -0.250857 -1.681631 -0.715658
v -0.250857 -1.681631 -0.903158
v -0.000857 -1.869131 -0.371908
v -0.000857 -1.869131 -0.496908
v -0.250857 -1.869131 -0.371908
v -0.250857 -1.869131 -0.496908
v -0.000857 -1.681631 -0.340658
v -0.000857 -1.681631 -0.528158
v -0.250857 -1.681631 -0.340658
v -0.250857 -1.681631 -0.528158
v -0.000857 -1.495432 -1.354859
v -0.000857 -1.407044 -1.443247
v -0.250857 -1.495432 -1.354859
v -0.250857 -1.407044 -1.443247
v -0.000857 -1.384947 -1.200179
v -0.000857 -1.252364 -1.332762
v -0.250857 -1.384947 -1.200179
v -0.250857 -1.252364 -1.332762
v -0.000857 -1.760597 -1.089693
v -0.000857 -1.672209 -1.178082
v -0.250857 -1.760597 -1.089693
v -0.250857 -1.672209 -1.178082
v -0.000857 -1.650112 -0.935014
v -0.000857 -1.517529 -1.067596
v -0.250857 -1.650112 -0.935014
v -0.250857 -1.517529 -1.067596
v -0.000857 -0.367830 -1.354859
v -0.000857 -0.456218 -1.443247
v -0.250857 -0.367830 -1.354859
v -0.250857 -0.456218 -1.443247
v -0.000857 -0.478315 -1.200179
v -0.000857 -0.610898 -1.332761
v -0.250857 -0.478315 -1.200179
v -0.250857 -0.610898 -1.332761
v -0.000857 -0.102665 -1.089693
v -0.000857 -0.191053 -1.178082
v -0.250857 -0.102665 -1.089693
v -0.250857 -0.191053 -1.178082
v -0.000857 -0.213151 -0.935014
v -0.000857 -0.345733 -1.067596
v -0.250857 -0.213150 -0.935014
v -0.250857 -0.345733 -1.067596
v -0.000857 -0.367830 0.111042
v -0.000857 -0.456218 0.199431
v -0.250857 -0.367830 0.111042
v -0.250857 -0.456218 0.199431
v -0.000857 -0.478315 -0.043637
v -0.000857 -0.610898 0.088946
v -0.250857 -0.478315 -0.043637
v -0.250857 -0.610898 0.088946
v -0.000857 -0.102665 -0.154123
v -0.000857 -0.191053 -0.065734
v -0.250857 -0.102665 -0.154123
v -0.250857 -0.191053 -0.065734
v -0.000857 -0.213151 -0.308802
v -0.000857 -0.345733 -0.176220
v -0.250857 -0.213150 -0.308802
v -0.250857 -0.345733 -0.176220
v -0.000857 -1.495432 0.111042
v -0.000857 -1.407044 0.199431
v -0.250857 -1.495432 0.111042
v -0.250857 -1.407044 0.199431
v -0.000857 -1.384947 -0.043637
v -0.000857 -1.252364 0.088946
v -0.250857 -1.384947 -0.043637
v -0.250857 -1.252364 0.088946
v -0.000857 -1.760597 -0.154123
v -0.000857 -1.672209 -0.065735
v -0.250857 -1.760597 -0.154123
v -0.250857 -1.672209 -0.065735
v -0.000857 -1.650112 -0.308802
v -0.000857 -1.517529 -0.176220
v -0.250857 -1.650112 -0.308802
v -0.250857 -1.517529 -0.176220
v 1.249143 -0.181631 -0.559408
v 1.499143 -0.181631 -0.559408
v 1.249143 -0.681631 -0.559408
v 1.499143 -0.681631 -0.559408
v 1.249143 -0.181631 -1.309408
v 1.499143 -0.181631 -1.309408
v 1.249143 -0.681631 -1.309408
v 1.499143 -0.681631 -1.309408
v 1.249143 -0.681631 -0.559408
v 1.499143 -0.681631 -0.559408
v 1.249143 -1.431631 -0.559408
v 1.499143 -1.431631 -0.559408
v 1.249143 -0.681631 -1.309408
v 1.499143 -0.681631 -1.309408
v 1.249143 -1.431631 -0.684408
v 1.499143 -1.431631 -0.684408
v 1.249143 -0.181631 1.565592
v 1.499143 -0.181631 1.565592
v 1.249143 -1.431631 1.565592
v 1.499143 -1.431631 1.565592
v 1.249143 -0.181631 -0.559408
v 1.499143 -0.181631 -0.559408
v 1.249143 -1.431631 -0.559408
v 1.499143 -1.431631 -0.559408
v 1.249143 -0.181631 1.565592
v 1.499143 -0.181631 1.565592
v 1.249143 -0.681631 1.565592
v 1.499143 -0.681631 1.565592
v 1.249143 -0.181631 2.315591
v 1.499143 -0.181631 2.315591
v 1.249143 -0.681631 2.315591
v 1.499143 -0.681631 2.315591
v 1.249143 -0.681631 1.565592
v 1.499143 -0.681631 1.565592
v 1.249143 -1.431631 1.565592
v 1.499143 -1.431631 1.565592
v 1.249143 -0.681631 2.315591
v 1.499143 -0.681631 2.315591
v 1.249143 -1.431631 1.690592
v 1.499143 -1.431631 1.690591
v -0.500857 -0.181631 -0.559408
v -0.250857 -0.181631 -0.559408
v -0.500857 -0.681631 -0.559408
v -0.250857 -0.681631 -0.559408
v -0.500857 -0.181631 -1.309408
v -0.250857 -0.181631 -1.309408
v -0.500857 -0.681631 -1.309408
v -0.250857 -0.681631 -1.309408
v -0.500857 -0.681631 -0.559408
v -0.250857 -0.681631 -0.559408
v -0.500857 -1.431631 -0.559408
v -0.250857 -1.431631 -0.559408
v -0.500857 -0.681631 -1.309408
v -0.250857 -0.681631 -1.309408
v -0.500857 -1.431631 -0.684408
v -0.250857 -1.431631 -0.684408
v -0.500857 -0.181631 1.565592
v -0.250857 -0.181631 1.565592
v -0.500857 -1.431631 1.565592
v -0.250857 -1.431631 1.565592
v -0.500857 -0.181631 -0.559408
v -0.250857 -0.181631 -0.559408
v -0.500857 -1.431631 -0.559408
v -0.250857 -1.431631 -0.559408
v -0.500857 -0.181631 1.565592
v -0.250857 -0.181631 1.565592
v -0.500857 -0.681631 1.565592
v -0.250857 -0.681631 1.565592
v -0.500857 -0.181631 2.315592
v -0.250857 -0.181631 2.315592
v -0.500857 -0.681631 2.315592
v -0.250857 -0.681631 2.315592
v -0.500857 -0.681631 1.565592
v -0.250857 -0.681631 1.565592
v -0.500857 -1.431631 1.565592
v -0.250857 -1.431631 1.565592
v -0.500857 -0.681631 2.315592
v -0.250857 -0.681631 2.315592
v -0.500857 -1.431631 1.690592
v -0.250857 -1.431631 1.690592
v -0.000857 -0.181631 1.003092
v 0.999143 -0.181631 1.003092
v -0.000857 -0.681631 1.003092
v 0.999143 -0.681631 1.003092
v -0.000857 -0.181631 2.315592
v 0.999143 -0.181631 2.315591
v -0.000857 -0.681631 2.315592
v 0.999143 -0.681631 2.315591
v -0.000857 -0.681631 1.003092
v 0.999143 -0.681631 1.003092
v -0.000857 -1.431631 1.003092
v 0.999143 -1.431631 1.003092
v -0.000857 -0.681631 2.315592
v 0.999143 -0.681631 2.315591
v -0.000857 -1.431631 1.690592
v 0.999143 -1.431631 1.690592
v -0.000857 -0.181631 0.003092
v 0.999143 -0.181631 0.003092
v -0.000857 -0.681631 0.003092
v 0.999143 -0.681631 0.003092
v -0.000857 -0.181631 -1.309408
v 0.999143 -0.181631 -1.309408
v -0.000857 -0.681631 -1.309408
v 0.999143 -0.681631 -1.309408
v -0.000857 -0.681631 0.003092
v 0.999143 -0.681631 0.003092
v -0.000857 -1.431631 0.003092
v 0.999143 -1.431631 0.003092
v -0.000857 -0.681631 -1.309408
v 0.999143 -0.681631 -1.309408
v -0.000857 -1.431631 -0.684408
v 0.999143 -1.431631 -0.684408
v -1.195400 -0.244131 -1.938850
v -0.488293 -0.244131 -1.231743
v -1.195400 -1.119131 -1.938850
v -0.488293 -1.119131 -1.231743
v -1.902507 -0.244131 -1.231743
v -0.488293 -0.244131 0.182471
v -1.902507 -1.119131 -1.231743
v -0.488293 -1.119131 0.182470
v -0.488356 -0.244131 0.190592
v -0.488356 -0.244131 0.190592
v -0.488356 -1.119131 0.190592
v -0.488356 -1.119131 0.190592
v -0.488356 -0.244131 -1.234408
v -0.488356 -0.244131 -1.234408
v -0.488356 -1.119131 -1.234408
v -0.488356 -1.119131 -1.234408
v -6.000857 -0.181631 -0.337136
v -6.250857 -0.181631 -0.337136
v -6.000857 -0.393736 -0.399105
v -6.250857 -0.393736 -0.399105
v -6.000857 -0.646859 0.128092
v -6.250857 -0.646859 0.128092
v -6.000857 -0.708827 -0.084014
v -6.250857 -0.708827 -0.084014
v -6.000857 -1.216403 0.128092
v -6.250857 -1.216403 0.128092
v -6.000857 -1.154434 -0.084014
v -6.250857 -1.154434 -0.084014
v -6.000857 -1.681630 -0.337136
v -6.250857 -1.681630 -0.337136
v -6.000857 -1.469525 -0.399105
v -6.250857 -1.469525 -0.399105
v -6.000857 -1.681631 -0.906680
v -6.250857 -1.681631 -0.906680
v -6.000857 -1.469525 -0.844712
v -6.250857 -1.469525 -0.844712
v -6.000857 -1.216403 -1.371908
v -6.250857 -1.216402 -1.371908
v -6.000857 -1.154434 -1.159803
v -6.250857 -1.154434 -1.159803
v -6.000857 -0.646859 -1.371908
v -6.250857 -0.646859 -1.371908
v -6.000857 -0.708828 -1.159803
v -6.250857 -0.708828 -1.159803
v -6.000857 -0.181631 -0.906680
v -6.250857 -0.181631 -0.906680
v -6.000857 -0.393736 -0.844712
v -6.250857 -0.393736 -0.844712
v -6.000857 -1.681630 -0.337136
v -6.000857 -1.469525 -0.399105
v -6.000857 -1.216403 0.128092
v -6.000857 -1.154434 -0.084014
v -6.000857 -0.646859 0.128092
v -6.000857 -0.708827 -0.084014
v -6.000857 -0.181631 -0.337136
v -6.000857 -0.393736 -0.399105
v -6.000857 -0.181631 -0.906680
v -6.000857 -0.393736 -0.844712
v -6.000857 -0.646859 -1.371908
v -6.000857 -0.708828 -1.159803
v -6.000857 -1.216403 -1.371908
v -6.000857 -1.154434 -1.159803
v -6.000857 -1.681631 -0.906680
v -6.000857 -1.469525 -0.844712
v -6.250857 -0.681631 -0.371908
v -6.250857 -1.181631 -0.371908
v -6.000857 -0.681631 -0.371908
v -6.000857 -1.181631 -0.371908
v -6.250857 -0.681631 -0.871908
v -6.250857 -1.181631 -0.871908
v -6.000857 -0.681631 -0.871908
v -6.000857 -1.181631 -0.871908
v -6.125857 -1.494130 -0.371908
v -6.125857 -1.181631 -0.059408
v -6.125857 -1.494131 -0.871908
v -6.125857 -1.181631 -1.184408
v -6.125857 -0.681631 -0.059408
v -6.125857 -1.181631 -0.059408
v -6.125857 -0.681631 -1.184408
v -6.125857 -1.181631 -1.184408
v -6.125857 -0.369131 -0.371908
v -6.125857 -0.681631 -0.059408
v -6.125857 -0.369131 -0.871908
v -6.125857 -0.681631 -1.184408
v -6.119606 -0.369131 -0.371908
v -6.119606 -0.681631 -0.059408
v -6.119606 -0.369131 -0.871908
v -6.119606 -0.681631 -1.184408
v -6.119606 -1.181631 -0.059408
v -6.119606 -0.681631 -0.059408
v -6.119606 -1.181631 -1.184408
v -6.119606 -0.681631 -1.184408
v -6.119606 -1.494130 -0.371908
v -6.119606 -1.181631 -0.059408
v -6.119606 -1.494131 -0.871908
v -6.119606 -1.181631 -1.184408
v -6.250857 0.005869 -0.746908
v -6.250857 0.005869 -0.871908
v -6.000857 0.005869 -0.746908
v -6.000857 0.005869 -0.871908
v -6.250857 -0.181631 -0.715658
v -6.250857 -0.181631 -0.903158
v -6.000857 -0.181631 -0.715658
v -6.000857 -0.181631 -0.903158
v -6.250857 0.005869 -0.371908
v -6.250857 0.005869 -0.496908
v -6.000857 0.005869 -0.371908
v -6.000857 0.005869 -0.496908
v -6.250857 -0.181631 -0.340658
v -6.250857 -0.181631 -0.528158
v -6.000857 -0.181631 -0.340658
v -6.000857 -0.181631 -0.528158
v -6.250857 -0.806631 0.315592
v -6.250857 -0.681631 0.315592
v -6.000857 -0.806631 0.315592
v -6.000857 -0.681631 0.315592
v -6.250857 -0.837881 0.128092
v -6.250857 -0.650381 0.128092
v -6.000857 -0.837881 0.128092
v -6.000857 -0.650381 0.128092
v -6.250857 -1.181631 0.315592
v -6.250857 -1.056631 0.315592
v -6.000857 -1.181631 0.315592
v -6.000857 -1.056631 0.315592
v -6.250857 -1.212881 0.128092
v -6.250857 -1.025381 0.128092
v -6.000857 -1.212881 0.128092
v -6.000857 -1.025381 0.128092
v -6.250857 -0.806631 -1.559408
v -6.250857 -0.681631 -1.559408
v -6.000857 -0.806631 -1.559408
v -6.000857 -0.681631 -1.559408
v -6.250857 -0.837881 -1.371908
v -6.250857 -0.650381 -1.371908
v -6.000857 -0.837881 -1.371908
v -6.000857 -0.650381 -1.371908
v -6.250857 -1.181630 -1.559408
v -6.250857 -1.056630 -1.559408
v -6.000857 -1.181631 -1.559408
v -6.000857 -1.056631 -1.559408
v -6.250857 -1.212880 -1.371908
v -6.250857 -1.025380 -1.371908
v -6.000857 -1.212881 -1.371908
v -6.000857 -1.025381 -1.371908
v -6.250857 -1.869130 -0.746908
v -6.250857 -1.869131 -0.871908
v -6.000857 -1.869130 -0.746908
v -6.000857 -1.869131 -0.871908
v -6.250857 -1.681630 -0.715658
v -6.250857 -1.681631 -0.903158
v -6.000857 -1.681630 -0.715658
v -6.000857 -1.681631 -0.903158
v -6.250857 -1.869130 -0.371908
v -6.250857 -1.869130 -0.496908
v -6.000857 -1.869130 -0.371908
v -6.000857 -1.869130 -0.496908
v -6.250857 -1.681630 -0.340658
v -6.250857 -1.681630 -0.528158
v -6.000857 -1.681630 -0.340658
v -6.000857 -1.681630 -0.528158
v -6.250857 -1.495431 -1.354859
v -6.250857 -1.407043 -1.443247
v -6.000857 -1.495431 -1.354859
v -6.000857 -1.407043 -1.443247
v -6.250857 -1.384946 -1.200179
v -6.250857 -1.252364 -1.332762
v -6.000857 -1.384946 -1.200179
v -6.000857 -1.252364 -1.332762
v -6.250857 -1.760597 -1.089694
v -6.250857 -1.672208 -1.178082
v -6.000857 -1.760597 -1.089694
v -6.000857 -1.672208 -1.178082
v -6.250857 -1.650111 -0.935014
v -6.250857 -1.517528 -1.067597
v -6.000857 -1.650111 -0.935014
v -6.000857 -1.517529 -1.067597
v -6.250857 -0.367830 -1.354859
v -6.250857 -0.456218 -1.443247
v -6.000857 -0.367830 -1.354859
v -6.000857 -0.456218 -1.443247
v -6.250857 -0.478315 -1.200179
v -6.250857 -0.610898 -1.332762
v -6.000857 -0.478315 -1.200179
v -6.000857 -0.610898 -1.332762
v -6.250857 -0.102665 -1.089694
v -6.250857 -0.191053 -1.178082
v -6.000857 -0.102665 -1.089694
v -6.000857 -0.191053 -1.178082
v -6.250857 -0.213150 -0.935014
v -6.250857 -0.345733 -1.067596
v -6.000857 -0.213150 -0.935014
v -6.000857 -0.345733 -1.067596
v -6.250857 -0.367830 0.111042
v -6.250857 -0.456218 0.199430
v -6.000857 -0.367830 0.111042
v -6.000857 -0.456218 0.199430
v -6.250857 -0.478315 -0.043638
v -6.250857 -0.610898 0.088945
v -6.000857 -0.478315 -0.043638
v -6.000857 -0.610898 0.088945
v -6.250857 -0.102664 -0.154123
v -6.250857 -0.191053 -0.065734
v -6.000857 -0.102664 -0.154123
v -6.000857 -0.191053 -0.065734
v -6.250857 -0.213150 -0.308802
v -6.250857 -0.345733 -0.176220
v -6.000857 -0.213150 -0.308802
v -6.000857 -0.345733 -0.176220
v -6.250857 -1.495431 0.111042
v -6.250857 -1.407043 0.199430
v -6.000857 -1.495431 0.111042
v -6.000857 -1.407043 0.199430
v -6.250857 -1.384946 -0.043637
v -6.250857 -1.252364 0.088945
v -6.000857 -1.384946 -0.043637
v -6.000857 -1.252364 0.088945
v -6.250857 -1.760597 -0.154123
v -6.250857 -1.672208 -0.065735
v -6.000857 -1.760597 -0.154123
v -6.000857 -1.672208 -0.065735
v -6.250857 -1.650111 -0.308802
v -6.250857 -1.517528 -0.176220
v -6.000857 -1.650111 -0.308802
v -6.000857 -1.517529 -0.176220
v -6.000857 -0.181631 1.912863
v -6.250857 -0.181631 1.912863
v -6.000857 -0.393736 1.850895
v -6.250857 -0.393736 1.850895
v -6.000857 -0.646859 2.378092
v -6.250857 -0.646859 2.378092
v -6.000857 -0.708828 2.165987
v -6.250857 -0.708828 2.165987
v -6.000857 -1.216403 2.378092
v -6.250857 -1.216402 2.378092
v -6.000857 -1.154434 2.165987
v -6.250857 -1.154434 2.165987
v -6.000857 -1.681631 1.912863
v -6.250857 -1.681630 1.912863
v -6.000857 -1.469525 1.850895
v -6.250857 -1.469525 1.850895
v -6.000857 -1.681630 1.343320
v -6.250857 -1.681630 1.343320
v -6.000857 -1.469525 1.405288
v -6.250857 -1.469525 1.405288
v -6.000857 -1.216402 0.878092
v -6.250857 -1.216402 0.878092
v -6.000857 -1.154434 1.090197
v -6.250857 -1.154434 1.090197
v -6.000857 -0.646859 0.878092
v -6.250857 -0.646859 0.878092
v -6.000857 -0.708828 1.090197
v -6.250857 -0.708828 1.090197
v -6.000857 -0.181631 1.343320
v -6.250857 -0.181631 1.343320
v -6.000857 -0.393736 1.405288
v -6.250857 -0.393736 1.405288
v -6.000857 -1.681631 1.912863
v -6.000857 -1.469525 1.850895
v -6.000857 -1.216403 2.378092
v -6.000857 -1.154434 2.165987
v -6.000857 -0.646859 2.378092
v -6.000857 -0.708828 2.165987
v -6.000857 -0.181631 1.912863
v -6.000857 -0.393736 1.850895
v -6.000857 -0.181631 1.343320
v -6.000857 -0.393736 1.405288
v -6.000857 -0.646859 0.878092
v -6.000857 -0.708828 1.090197
v -6.000857 -1.216402 0.878092
v -6.000857 -1.154434 1.090197
v -6.000857 -1.681630 1.343320
v -6.000857 -1.469525 1.405288
v -6.250857 -0.681631 1.878091
v -6.250857 -1.181630 1.878092
v -6.000857 -0.681631 1.878091
v -6.000857 -1.181631 1.878092
v -6.250857 -0.681631 1.378091
v -6.250857 -1.181630 1.378092
v -6.000857 -0.681631 1.378091
v -6.000857 -1.181631 1.378092
v -6.125857 -1.494131 1.878092
v -6.125857 -1.181631 2.190592
v -6.125857 -1.494130 1.378092
v -6.125857 -1.181630 1.065592
v -6.125857 -0.681631 2.190592
v -6.125857 -1.181631 2.190592
v -6.125857 -0.681631 1.065591
v -6.125857 -1.181630 1.065592
v -6.125857 -0.369131 1.878091
v -6.125857 -0.681631 2.190592
v -6.125857 -0.369131 1.378091
v -6.125857 -0.681631 1.065591
v -6.119606 -0.369131 1.878091
v -6.119606 -0.681631 2.190592
v -6.119606 -0.369131 1.378091
v -6.119606 -0.681631 1.065591
v -6.119606 -1.181631 2.190592
v -6.119606 -0.681631 2.190592
v -6.119606 -1.181630 1.065592
v -6.119606 -0.681631 1.065591
v -6.119607 -1.494131 1.878092
v -6.119606 -1.181631 2.190592
v -6.119607 -1.494130 1.378092
v -6.119606 -1.181630 1.065592
v -6.250857 0.005869 1.503092
v -6.250857 0.005869 1.378092
v -6.000857 0.005869 1.503092
v -6.000857 0.005869 1.378092
v -6.250857 -0.181631 1.534342
v -6.250857 -0.181631 1.346842
v -6.000857 -0.181631 1.534342
v -6.000857 -0.181631 1.346842
v -6.250857 0.005869 1.878091
v -6.250857 0.005869 1.753091
v -6.000857 0.005869 1.878091
v -6.000857 0.005869 1.753091
v -6.250857 -0.181631 1.909341
v -6.250857 -0.181631 1.721841
v -6.000857 -0.181631 1.909341
v -6.000857 -0.181631 1.721841
v -6.250857 -0.806631 2.565592
v -6.250857 -0.681631 2.565592
v -6.000857 -0.806631 2.565592
v -6.000857 -0.681631 2.565592
v -6.250857 -0.837881 2.378092
v -6.250857 -0.650381 2.378092
v -6.000857 -0.837881 2.378092
v -6.000857 -0.650381 2.378092
v -6.250857 -1.181630 2.565592
v -6.250857 -1.056630 2.565592
v -6.000857 -1.181631 2.565592
v -6.000857 -1.056631 2.565592
v -6.250857 -1.212880 2.378092
v -6.250857 -1.025380 2.378092
v -6.000857 -1.212881 2.378092
v -6.000857 -1.025381 2.378092
v -6.250857 -0.806631 0.690592
v -6.250857 -0.681631 0.690592
v -6.000857 -0.806631 0.690592
v -6.000857 -0.681631 0.690592
v -6.250857 -0.837881 0.878092
v -6.250857 -0.650381 0.878092
v -6.000857 -0.837881 0.878092
v -6.000857 -0.650381 0.878092
v -6.250857 -1.181631 0.690592
v -6.250857 -1.056631 0.690592
v -6.000857 -1.181631 0.690592
v -6.000857 -1.056631 0.690592
v -6.250857 -1.212880 0.878092
v -6.250857 -1.025380 0.878092
v -6.000857 -1.212880 0.878092
v -6.000857 -1.025380 0.878092
v -6.250857 -1.869130 1.503092
v -6.250857 -1.869130 1.378092
v -6.000857 -1.869130 1.503092
v -6.000857 -1.869130 1.378092
v -6.250857 -1.681630 1.534342
v -6.250857 -1.681630 1.346842
v -6.000857 -1.681630 1.534342
v -6.000857 -1.681630 1.346842
v -6.250857 -1.869130 1.878092
v -6.250857 -1.869130 1.753092
v -6.000857 -1.869130 1.878092
v -6.000857 -1.869130 1.753092
v -6.250857 -1.681630 1.909342
v -6.250857 -1.681630 1.721842
v -6.000857 -1.681631 1.909342
v -6.000857 -1.681630 1.721842
v -6.250857 -1.495431 0.895141
v -6.250857 -1.407043 0.806753
v -6.000857 -1.495431 0.895141
v -6.000857 -1.407043 0.806753
v -6.250857 -1.384946 1.049821
v -6.250857 -1.252364 0.917238
v -6.000857 -1.384946 1.049821
v -6.000857 -1.252364 0.917238
v -6.250857 -1.760597 1.160306
v -6.250857 -1.672208 1.071918
v -6.000857 -1.760597 1.160306
v -6.000857 -1.672208 1.071918
v -6.250857 -1.650111 1.314986
v -6.250857 -1.517528 1.182403
v -6.000857 -1.650111 1.314986
v -6.000857 -1.517528 1.182403
v -6.250857 -0.367830 0.895141
v -6.250857 -0.456218 0.806753
v -6.000857 -0.367830 0.895141
v -6.000857 -0.456218 0.806753
v -6.250857 -0.478315 1.049821
v -6.250857 -0.610898 0.917238
v -6.000857 -0.478315 1.049821
v -6.000857 -0.610898 0.917238
v -6.250857 -0.102665 1.160306
v -6.250857 -0.191053 1.071918
v -6.000857 -0.102665 1.160306
v -6.000857 -0.191053 1.071918
v -6.250857 -0.213150 1.314986
v -6.250857 -0.345733 1.182403
v -6.000857 -0.213150 1.314986
v -6.000857 -0.345733 1.182403
v -6.250856 -0.367830 2.361043
v -6.250857 -0.456218 2.449430
v -6.000856 -0.367830 2.361043
v -6.000857 -0.456218 2.449430
v -6.250857 -0.478315 2.206362
v -6.250857 -0.610898 2.338945
v -6.000857 -0.478315 2.206362
v -6.000857 -0.610898 2.338945
v -6.250856 -0.102665 2.095877
v -6.250856 -0.191053 2.184266
v -6.000857 -0.102665 2.095877
v -6.000856 -0.191053 2.184266
v -6.250857 -0.213150 1.941198
v -6.250857 -0.345733 2.073780
v -6.000857 -0.213150 1.941198
v -6.000857 -0.345733 2.073780
v -6.250856 -1.495431 2.361043
v -6.250857 -1.407043 2.449430
v -6.000856 -1.495431 2.361043
v -6.000857 -1.407043 2.449430
v -6.250857 -1.384946 2.206362
v -6.250857 -1.252364 2.338945
v -6.000857 -1.384946 2.206362
v -6.000857 -1.252364 2.338945
v -6.250856 -1.760597 2.095878
v -6.250856 -1.672208 2.184266
v -6.000857 -1.760597 2.095878
v -6.000856 -1.672208 2.184266
v -6.250857 -1.650111 1.941198
v -6.250857 -1.517528 2.073780
v -6.000857 -1.650111 1.941198
v -6.000857 -1.517529 2.073780
v -4.750857 -0.181631 1.975363
v -5.000857 -0.181631 1.975363
v -4.750857 -0.393736 1.913394
v -5.000857 -0.393736 1.913395
v -4.750857 -0.646859 2.440592
v -5.000857 -0.646859 2.440592
v -4.750857 -0.708828 2.228487
v -5.000857 -0.708828 2.228487
v -4.750857 -1.216403 2.440592
v -5.000857 -1.216403 2.440592
v -4.750857 -1.154434 2.228487
v -5.000857 -1.154434 2.228487
v -4.750857 -1.681631 1.975363
v -5.000857 -1.681631 1.975363
v -4.750857 -1.469525 1.913395
v -5.000857 -1.469525 1.913395
v -4.750857 -1.681631 1.405820
v -5.000857 -1.681631 1.405820
v -4.750857 -1.469525 1.467789
v -5.000857 -1.469525 1.467789
v -4.750857 -1.216403 0.940592
v -5.000857 -1.216403 0.940592
v -4.750857 -1.154434 1.152697
v -5.000857 -1.154434 1.152697
v -4.750857 -0.646859 0.940592
v -5.000857 -0.646859 0.940592
v -4.750857 -0.708828 1.152697
v -5.000857 -0.708828 1.152697
v -4.750857 -0.181631 1.405820
v -5.000857 -0.181631 1.405820
v -4.750857 -0.393736 1.467789
v -5.000857 -0.393736 1.467789
v -4.750857 -1.681631 1.975363
v -4.750857 -1.469525 1.913395
v -4.750857 -1.216403 2.440592
v -4.750857 -1.154434 2.228487
v -4.750857 -0.646859 2.440592
v -4.750857 -0.708828 2.228487
v -4.750857 -0.181631 1.975363
v -4.750857 -0.393736 1.913394
v -4.750857 -0.181631 1.405820
v -4.750857 -0.393736 1.467789
v -4.750857 -0.646859 0.940592
v -4.750857 -0.708828 1.152697
v -4.750857 -1.216403 0.940592
v -4.750857 -1.154434 1.152697
v -4.750857 -1.681631 1.405820
v -4.750857 -1.469525 1.467789
v -5.000857 -0.681631 1.940591
v -5.000857 -1.181631 1.940592
v -4.750857 -0.681631 1.940591
v -4.750857 -1.181631 1.940591
v -5.000857 -0.681631 1.440592
v -5.000857 -1.181631 1.440592
v -4.750857 -0.681631 1.440592
v -4.750857 -1.181631 1.440592
v -4.875857 -1.494131 1.940592
v -4.875857 -1.181631 2.253092
v -4.875857 -1.494131 1.440592
v -4.875857 -1.181631 1.128092
v -4.875857 -0.681631 2.253092
v -4.875857 -1.181631 2.253092
v -4.875857 -0.681631 1.128092
v -4.875857 -1.181631 1.128092
v -4.875857 -0.369131 1.940591
v -4.875857 -0.681631 2.253092
v -4.875857 -0.369131 1.440592
v -4.875857 -0.681631 1.128092
v -4.869606 -0.369131 1.940591
v -4.869606 -0.681631 2.253092
v -4.869606 -0.369131 1.440592
v -4.869606 -0.681631 1.128092
v -4.869607 -1.181631 2.253092
v -4.869606 -0.681631 2.253092
v -4.869606 -1.181631 1.128092
v -4.869606 -0.681631 1.128092
v -4.869607 -1.494131 1.940592
v -4.869607 -1.181631 2.253092
v -4.869607 -1.494131 1.440592
v -4.869606 -1.181631 1.128092
v -5.000857 0.005869 1.565592
v -5.000857 0.005869 1.440592
v -4.750857 0.005869 1.565592
v -4.750857 0.005869 1.440592
v -5.000857 -0.181631 1.596842
v -5.000857 -0.181631 1.409342
v -4.750857 -0.181631 1.596842
v -4.750857 -0.181631 1.409342
v -5.000857 0.005869 1.940591
v -5.000857 0.005869 1.815591
v -4.750857 0.005869 1.940591
v -4.750857 0.005869 1.815591
v -5.000857 -0.181631 1.971841
v -5.000857 -0.181631 1.784341
v -4.750857 -0.181631 1.971841
v -4.750857 -0.181631 1.784341
v -5.000857 -0.806631 2.628092
v -5.000857 -0.681631 2.628092
v -4.750857 -0.806631 2.628092
v -4.750857 -0.681631 2.628092
v -5.000857 -0.837881 2.440592
v -5.000857 -0.650381 2.440592
v -4.750857 -0.837881 2.440592
v -4.750857 -0.650381 2.440592
v -5.000857 -1.181631 2.628092
v -5.000857 -1.056631 2.628092
v -4.750857 -1.181631 2.628092
v -4.750857 -1.056631 2.628092
v -5.000857 -1.212881 2.440592
v -5.000857 -1.025381 2.440592
v -4.750857 -1.212881 2.440592
v -4.750857 -1.025381 2.440592
v -5.000857 -0.806631 0.753092
v -5.000857 -0.681631 0.753092
v -4.750857 -0.806631 0.753092
v -4.750857 -0.681631 0.753092
v -5.000857 -0.837881 0.940592
v -5.000857 -0.650381 0.940592
v -4.750857 -0.837881 0.940592
v -4.750857 -0.650381 0.940592
v -5.000857 -1.181631 0.753092
v -5.000857 -1.056631 0.753092
v -4.750857 -1.181631 0.753092
v -4.750857 -1.056631 0.753092
v -5.000857 -1.212881 0.940592
v -5.000857 -1.025381 0.940592
v -4.750857 -1.212881 0.940592
v -4.750857 -1.025381 0.940592
v -5.000857 -1.869131 1.565592
v -5.000857 -1.869131 1.440592
v -4.750857 -1.869131 1.565592
v -4.750857 -1.869131 1.440592
v -5.000857 -1.681631 1.596842
v -5.000857 -1.681631 1.409342
v -4.750857 -1.681631 1.596842
v -4.750857 -1.681631 1.409342
v -5.000857 -1.869131 1.940592
v -5.000857 -1.869131 1.815592
v -4.750857 -1.869131 1.940591
v -4.750857 -1.869131 1.815592
v -5.000857 -1.681631 1.971842
v -5.000857 -1.681631 1.784342
v -4.750857 -1.681631 1.971841
v -4.750857 -1.681631 1.784342
v -5.000857 -1.495431 0.957641
v -5.000857 -1.407043 0.869253
v -4.750857 -1.495431 0.957641
v -4.750857 -1.407043 0.869253
v -5.000857 -1.384946 1.112321
v -5.000857 -1.252364 0.979738
v -4.750857 -1.384946 1.112321
v -4.750857 -1.252364 0.979738
v -5.000857 -1.760597 1.222806
v -5.000857 -1.672208 1.134418
v -4.750857 -1.760597 1.222806
v -4.750857 -1.672208 1.134418
v -5.000857 -1.650111 1.377486
v -5.000857 -1.517529 1.244904
v -4.750857 -1.650111 1.377486
v -4.750857 -1.517529 1.244904
v -5.000857 -0.367830 0.957641
v -5.000857 -0.456218 0.869253
v -4.750857 -0.367830 0.957641
v -4.750857 -0.456218 0.869253
v -5.000857 -0.478315 1.112321
v -5.000857 -0.610898 0.979738
v -4.750857 -0.478315 1.112321
v -4.750857 -0.610898 0.979738
v -5.000857 -0.102665 1.222807
v -5.000857 -0.191053 1.134418
v -4.750857 -0.102665 1.222807
v -4.750857 -0.191053 1.134418
v -5.000857 -0.213150 1.377486
v -5.000857 -0.345733 1.244903
v -4.750857 -0.213150 1.377486
v -4.750857 -0.345733 1.244903
v -5.000857 -0.367830 2.423543
v -5.000857 -0.456218 2.511930
v -4.750857 -0.367830 2.423543
v -4.750857 -0.456218 2.511930
v -5.000857 -0.478315 2.268862
v -5.000857 -0.610898 2.401445
v -4.750857 -0.478315 2.268862
v -4.750857 -0.610898 2.401445
v -5.000857 -0.102665 2.158377
v -5.000857 -0.191053 2.246766
v -4.750857 -0.102665 2.158377
v -4.750857 -0.191053 2.246766
v -5.000857 -0.213150 2.003698
v -5.000857 -0.345733 2.136280
v -4.750857 -0.213150 2.003698
v -4.750857 -0.345733 2.136280
v -5.000857 -1.495431 2.423543
v -5.000857 -1.407043 2.511930
v -4.750857 -1.495431 2.423543
v -4.750857 -1.407043 2.511930
v -5.000857 -1.384946 2.268862
v -5.000857 -1.252364 2.401445
v -4.750857 -1.384946 2.268862
v -4.750857 -1.252364 2.401445
v -5.000857 -1.760597 2.158378
v -5.000857 -1.672208 2.246766
v -4.750857 -1.760597 2.158378
v -4.750857 -1.672208 2.246766
v -5.000857 -1.650111 2.003698
v -5.000857 -1.517529 2.136280
v -4.750857 -1.650111 2.003698
v -4.750857 -1.517529 2.136280
v -4.750857 -0.181631 -0.337136
v -5.000857 -0.181631 -0.337136
v -4.750857 -0.393736 -0.399105
v -5.000857 -0.393736 -0.399105
v -4.750857 -0.646859 0.128092
v -5.000857 -0.646859 0.128092
v -4.750857 -0.708828 -0.084013
v -5.000857 -0.708827 -0.084013
v -4.750857 -1.216403 0.128092
v -5.000857 -1.216403 0.128092
v -4.750857 -1.154434 -0.084013
v -5.000857 -1.154434 -0.084013
v -4.750857 -1.681631 -0.337136
v -5.000857 -1.681631 -0.337136
v -4.750857 -1.469525 -0.399105
v -5.000857 -1.469525 -0.399105
v -4.750857 -1.681631 -0.906680
v -5.000857 -1.681631 -0.906680
v -4.750857 -1.469525 -0.844712
v -5.000857 -1.469525 -0.844712
v -4.750857 -1.216403 -1.371908
v -5.000857 -1.216403 -1.371908
v -4.750857 -1.154434 -1.159803
v -5.000857 -1.154434 -1.159803
v -4.750857 -0.646859 -1.371908
v -5.000857 -0.646859 -1.371908
v -4.750857 -0.708828 -1.159803
v -5.000857 -0.708828 -1.159803
v -4.750857 -0.181631 -0.906680
v -5.000857 -0.181631 -0.906680
v -4.750857 -0.393736 -0.844712
v -5.000857 -0.393736 -0.844712
v -4.750857 -1.681631 -0.337136
v -4.750857 -1.469525 -0.399105
v -4.750857 -1.216403 0.128092
v -4.750857 -1.154434 -0.084013
v -4.750857 -0.646859 0.128092
v -4.750857 -0.708828 -0.084013
v -4.750857 -0.181631 -0.337136
v -4.750857 -0.393736 -0.399105
v -4.750857 -0.181631 -0.906680
v -4.750857 -0.393736 -0.844712
v -4.750857 -0.646859 -1.371908
v -4.750857 -0.708828 -1.159803
v -4.750857 -1.216403 -1.371908
v -4.750857 -1.154434 -1.159803
v -4.750857 -1.681631 -0.906680
v -4.750857 -1.469525 -0.844712
v -5.000857 -0.681631 -0.371908
v -5.000857 -1.181631 -0.371908
v -4.750857 -0.681631 -0.371908
v -4.750857 -1.181631 -0.371908
v -5.000857 -0.681631 -0.871908
v -5.000857 -1.181631 -0.871908
v -4.750857 -0.681631 -0.871908
v -4.750857 -1.181631 -0.871908
v -4.875857 -1.494131 -0.371908
v -4.875857 -1.181631 -0.059408
v -4.875857 -1.494131 -0.871908
v -4.875857 -1.181631 -1.184408
v -4.875857 -0.681631 -0.059408
v -4.875857 -1.181631 -0.059408
v -4.875857 -0.681631 -1.184408
v -4.875857 -1.181631 -1.184408
v -4.875857 -0.369131 -0.371908
v -4.875857 -0.681631 -0.059408
v -4.875857 -0.369131 -0.871908
v -4.875857 -0.681631 -1.184408
v -4.869606 -0.369131 -0.371908
v -4.869606 -0.681631 -0.059408
v -4.869606 -0.369131 -0.871908
v -4.869606 -0.681631 -1.184408
v -4.869606 -1.181631 -0.059408
v -4.869606 -0.681631 -0.059408
v -4.869606 -1.181631 -1.184408
v -4.869606 -0.681631 -1.184408
v -4.869606 -1.494131 -0.371908
v -4.869606 -1.181631 -0.059408
v -4.869606 -1.494131 -0.871908
v -4.869606 -1.181631 -1.184408
v -5.000857 0.005869 -0.746908
v -5.000857 0.005869 -0.871908
v -4.750857 0.005869 -0.746908
v -4.750857 0.005869 -0.871908
v -5.000857 -0.181631 -0.715658
v -5.000857 -0.181631 -0.903158
v -4.750857 -0.181631 -0.715658
v -4.750857 -0.181631 -0.903158
v -5.000857 0.005869 -0.371908
v -5.000857 0.005869 -0.496908
v -4.750857 0.005869 -0.371908
v -4.750857 0.005869 -0.496908
v -5.000857 -0.181631 -0.340658
v -5.000857 -0.181631 -0.528158
v -4.750857 -0.181631 -0.340658
v -4.750857 -0.181631 -0.528158
v -5.000857 -0.806631 0.315592
v -5.000857 -0.681631 0.315592
v -4.750857 -0.806631 0.315592
v -4.750857 -0.681631 0.315592
v -5.000857 -0.837881 0.128092
v -5.000857 -0.650381 0.128092
v -4.750857 -0.837881 0.128092
v -4.750857 -0.650381 0.128092
v -5.000857 -1.181631 0.315592
v -5.000857 -1.056631 0.315592
v -4.750857 -1.181631 0.315592
v -4.750857 -1.056631 0.315592
v -5.000857 -1.212881 0.128092
v -5.000857 -1.025381 0.128092
v -4.750857 -1.212881 0.128092
v -4.750857 -1.025381 0.128092
v -5.000857 -0.806631 -1.559408
v -5.000857 -0.681631 -1.559408
v -4.750857 -0.806631 -1.559408
v -4.750857 -0.681631 -1.559408
v -5.000857 -0.837881 -1.371908
v -5.000857 -0.650381 -1.371908
v -4.750857 -0.837881 -1.371908
v -4.750857 -0.650381 -1.371908
v -5.000857 -1.181631 -1.559408
v -5.000857 -1.056631 -1.559408
v -4.750857 -1.181631 -1.559408
v -4.750857 -1.056631 -1.559408
v -5.000857 -1.212881 -1.371908
v -5.000857 -1.025381 -1.371908
v -4.750857 -1.212881 -1.371908
v -4.750857 -1.025381 -1.371908
v -5.000857 -1.869130 -0.746908
v -5.000857 -1.869131 -0.871908
v -4.750857 -1.869131 -0.746908
v -4.750857 -1.869131 -0.871908
v -5.000857 -1.681631 -0.715658
v -5.000857 -1.681631 -0.903158
v -4.750857 -1.681631 -0.715658
v -4.750857 -1.681631 -0.903158
v -5.000857 -1.869131 -0.371908
v -5.000857 -1.869131 -0.496908
v -4.750857 -1.869131 -0.371908
v -4.750857 -1.869131 -0.496908
v -5.000857 -1.681631 -0.340658
v -5.000857 -1.681631 -0.528158
v -4.750857 -1.681631 -0.340658
v -4.750857 -1.681631 -0.528158
v -5.000857 -1.495432 -1.354859
v -5.000857 -1.407043 -1.443247
v -4.750857 -1.495432 -1.354859
v -4.750857 -1.407043 -1.443247
v -5.000857 -1.384946 -1.200179
v -5.000857 -1.252364 -1.332762
v -4.750857 -1.384946 -1.200179
v -4.750857 -1.252364 -1.332762
v -5.000857 -1.760597 -1.089694
v -5.000857 -1.672208 -1.178082
v -4.750857 -1.760597 -1.089694
v -4.750857 -1.672208 -1.178082
v -5.000857 -1.650111 -0.935014
v -5.000857 -1.517529 -1.067597
v -4.750857 -1.650111 -0.935014
v -4.750857 -1.517529 -1.067597
v -5.000857 -0.367830 -1.354859
v -5.000857 -0.456218 -1.443247
v -4.750857 -0.367830 -1.354859
v -4.750857 -0.456218 -1.443247
v -5.000857 -0.478315 -1.200179
v -5.000857 -0.610898 -1.332762
v -4.750857 -0.478315 -1.200179
v -4.750857 -0.610898 -1.332762
v -5.000857 -0.102665 -1.089694
v -5.000857 -0.191053 -1.178082
v -4.750857 -0.102665 -1.089694
v -4.750857 -0.191053 -1.178082
v -5.000857 -0.213150 -0.935014
v -5.000857 -0.345733 -1.067597
v -4.750857 -0.213150 -0.935014
v -4.750857 -0.345733 -1.067597
v -5.000857 -0.367830 0.111042
v -5.000857 -0.456218 0.199430
v -4.750857 -0.367830 0.111042
v -4.750857 -0.456218 0.199430
v -5.000857 -0.478315 -0.043637
v -5.000857 -0.610898 0.088945
v -4.750857 -0.478315 -0.043637
v -4.750857 -0.610898 0.088945
v -5.000857 -0.102664 -0.154123
v -5.000857 -0.191053 -0.065734
v -4.750857 -0.102665 -0.154123
v -4.750857 -0.191053 -0.065734
v -5.000857 -0.213150 -0.308802
v -5.000857 -0.345733 -0.176220
v -4.750857 -0.213150 -0.308802
v -4.750857 -0.345733 -0.176220
v -5.000857 -1.495431 0.111043
v -5.000857 -1.407043 0.199431
v -4.750857 -1.495431 0.111043
v -4.750857 -1.407043 0.199431
v -5.000857 -1.384946 -0.043637
v -5.000857 -1.252364 0.088945
v -4.750857 -1.384946 -0.043637
v -4.750857 -1.252364 0.088945
v -5.000857 -1.760597 -0.154123
v -5.000857 -1.672208 -0.065734
v -4.750857 -1.760597 -0.154123
v -4.750857 -1.672208 -0.065734
v -5.000857 -1.650111 -0.308802
v -5.000857 -1.517529 -0.176220
v -4.750857 -1.650111 -0.308802
v -4.750857 -1.517529 -0.176220
v -6.250857 -0.181631 -0.559408
v -6.500857 -0.181631 -0.559408
v -6.250857 -0.681631 -0.559408
v -6.500857 -0.681631 -0.559408
v -6.250857 -0.181631 -1.309408
v -6.500857 -0.181631 -1.309408
v -6.250857 -0.681631 -1.309408
v -6.500857 -0.681631 -1.309408
v -6.250857 -0.681631 -0.559408
v -6.500857 -0.681631 -0.559408
v -6.250857 -1.431630 -0.559408
v -6.500857 -1.431630 -0.559408
v -6.250857 -0.681631 -1.309408
v -6.500857 -0.681631 -1.309408
v -6.250857 -1.431630 -0.684408
v -6.500857 -1.431630 -0.684408
v -6.250857 -0.181631 1.565592
v -6.500857 -0.181631 1.565592
v -6.250857 -1.431630 1.565592
v -6.500857 -1.431630 1.565592
v -6.250857 -0.181631 -0.559408
v -6.500857 -0.181631 -0.559408
v -6.250857 -1.431630 -0.559408
v -6.500857 -1.431630 -0.559408
v -6.250857 -0.181631 1.565592
v -6.500857 -0.181631 1.565592
v -6.250857 -0.681631 1.565591
v -6.500857 -0.681631 1.565591
v -6.250857 -0.181631 2.315592
v -6.500857 -0.181631 2.315592
v -6.250857 -0.681631 2.315592
v -6.500857 -0.681631 2.315592
v -6.250857 -0.681631 1.565591
v -6.500857 -0.681631 1.565591
v -6.250857 -1.431630 1.565592
v -6.500857 -1.431630 1.565592
v -6.250857 -0.681631 2.315592
v -6.500857 -0.681631 2.315592
v -6.250857 -1.431630 1.690592
v -6.500857 -1.431630 1.690592
v -4.500857 -0.181631 -0.559408
v -4.750857 -0.181631 -0.559408
v -4.500857 -0.681631 -0.559408
v -4.750857 -0.681631 -0.559408
v -4.500857 -0.181631 -1.309408
v -4.750857 -0.181631 -1.309408
v -4.500857 -0.681631 -1.309408
v -4.750857 -0.681631 -1.309408
v -4.500857 -0.681631 -0.559408
v -4.750857 -0.681631 -0.559408
v -4.500857 -1.431631 -0.559408
v -4.750857 -1.431631 -0.559408
v -4.500857 -0.681631 -1.309408
v -4.750857 -0.681631 -1.309408
v -4.500857 -1.431631 -0.684408
v -4.750857 -1.431631 -0.684408
v -4.500857 -0.181631 1.565592
v -4.750857 -0.181631 1.565592
v -4.500857 -1.431631 1.565592
v -4.750857 -1.431631 1.565592
v -4.500857 -0.181631 -0.559408
v -4.750857 -0.181631 -0.559408
v -4.500857 -1.431631 -0.559408
v -4.750857 -1.431631 -0.559408
v -4.500857 -0.181631 1.565592
v -4.750857 -0.181631 1.565592
v -4.500857 -0.681631 1.565592
v -4.750857 -0.681631 1.565592
v -4.500857 -0.181631 2.315592
v -4.750857 -0.181631 2.315592
v -4.500857 -0.681631 2.315592
v -4.750857 -0.681631 2.315592
v -4.500857 -0.681631 1.565592
v -4.750857 -0.681631 1.565592
v -4.500857 -1.431631 1.565592
v -4.750857 -1.431631 1.565592
v -4.500857 -0.681631 2.315592
v -4.750857 -0.681631 2.315592
v -4.500857 -1.431631 1.690591
v -4.750857 -1.431631 1.690592
v -5.000857 -0.181631 1.003092
v -6.000857 -0.181631 1.003092
v -5.000857 -0.681631 1.003092
v -6.000857 -0.681631 1.003091
v -5.000857 -0.181631 2.315592
v -6.000857 -0.181631 2.315592
v -5.000857 -0.681631 2.315592
v -6.000857 -0.681631 2.315592
v -5.000857 -0.681631 1.003092
v -6.000857 -0.681631 1.003091
v -5.000857 -1.431631 1.003092
v -6.000857 -1.431630 1.003092
v -5.000857 -0.681631 2.315592
v -6.000857 -0.681631 2.315592
v -5.000857 -1.431631 1.690592
v -6.000857 -1.431630 1.690592
v -5.000857 -0.181631 0.003092
v -6.000857 -0.181631 0.003092
v -5.000857 -0.681631 0.003092
v -6.000857 -0.681631 0.003092
v -5.000857 -0.181631 -1.309408
v -6.000857 -0.181631 -1.309408
v -5.000857 -0.681631 -1.309408
v -6.000857 -0.681631 -1.309408
v -5.000857 -0.681631 0.003092
v -6.000857 -0.681631 0.003092
v -5.000857 -1.431631 0.003092
v -6.000857 -1.431631 0.003092
v -5.000857 -0.681631 -1.309408
v -6.000857 -0.681631 -1.309408
v -5.000857 -1.431631 -0.684408
v -6.000857 -1.431630 -0.684408
v -3.806313 -0.244131 -1.938850
v -4.513420 -0.244131 -1.231743
v -3.806313 -1.119131 -1.938850
v -4.513420 -1.119131 -1.231743
v -3.099206 -0.244131 -1.231743
v -4.513420 -0.244131 0.182471
v -3.099206 -1.119131 -1.231743
v -4.513420 -1.119131 0.182470
v -4.513357 -0.244131 0.190592
v -4.513357 -0.244131 0.190592
v -4.513357 -1.119131 0.190592
v -4.513357 -1.119131 0.190592
v -4.513357 -0.244131 -1.234408
v -4.513357 -0.244131 -1.234408
v -4.513357 -1.119131 -1.234408
v -4.513357 -1.119131 -1.234408
v -6.000856 -0.181631 -4.656681
v -6.250856 -0.181631 -4.656681
v -6.000856 -0.393736 -4.594712
v -6.250856 -0.393736 -4.594712
v -6.000856 -0.646859 -5.121909
v -6.250856 -0.646859 -5.121909
v -6.000856 -0.708827 -4.909803
v -6.250856 -0.708827 -4.909803
v -6.000856 -1.216403 -5.121909
v -6.250856 -1.216402 -5.121909
v -6.000856 -1.154434 -4.909803
v -6.250856 -1.154434 -4.909803
v -6.000857 -1.681630 -4.656681
v -6.250857 -1.681630 -4.656681
v -6.000856 -1.469525 -4.594712
v -6.250856 -1.469525 -4.594712
v -6.000857 -1.681631 -4.087137
v -6.250857 -1.681631 -4.087137
v -6.000857 -1.469525 -4.149106
v -6.250857 -1.469525 -4.149106
v -6.000857 -1.216403 -3.621908
v -6.250857 -1.216402 -3.621908
v -6.000857 -1.154434 -3.834014
v -6.250857 -1.154434 -3.834014
v -6.000856 -0.646859 -3.621908
v -6.250856 -0.646859 -3.621908
v -6.000856 -0.708828 -3.834013
v -6.250856 -0.708828 -3.834013
v -6.000856 -0.181631 -4.087137
v -6.250856 -0.181631 -4.087137
v -6.000856 -0.393736 -4.149106
v -6.250856 -0.393736 -4.149106
v -6.000857 -1.681630 -4.656681
v -6.000856 -1.469525 -4.594712
v -6.000856 -1.216403 -5.121909
v -6.000856 -1.154434 -4.909803
v -6.000856 -0.646859 -5.121909
v -6.000856 -0.708827 -4.909803
v -6.000856 -0.181631 -4.656681
v -6.000856 -0.393736 -4.594712
v -6.000856 -0.181631 -4.087137
v -6.000856 -0.393736 -4.149106
v -6.000856 -0.646859 -3.621908
v -6.000856 -0.708828 -3.834013
v -6.000857 -1.216403 -3.621908
v -6.000857 -1.154434 -3.834014
v -6.000857 -1.681631 -4.087137
v -6.000857 -1.469525 -4.149106
v -6.250856 -0.681631 -4.621909
v -6.000856 -0.681631 -4.621909
v -6.000856 -1.181631 -4.621909
v -6.250856 -0.681631 -4.121909
v -6.250856 -1.181631 -4.121909
v -6.000856 -0.681631 -4.121909
v -6.000856 -1.181631 -4.121909
v -6.125856 -1.494130 -4.621909
v -6.125856 -1.181630 -4.934409
v -6.125857 -1.494131 -4.121909
v -6.125857 -1.181630 -3.809408
v -6.125856 -0.681631 -4.934409
v -6.125856 -1.181630 -4.934409
v -6.125856 -0.681631 -3.809408
v -6.125857 -1.181630 -3.809408
v -6.125856 -0.369131 -4.621909
v -6.125856 -0.681631 -4.934409
v -6.125856 -0.369131 -4.121909
v -6.125856 -0.681631 -3.809408
v -6.119606 -0.369131 -4.621909
v -6.119606 -0.681631 -4.934409
v -6.119606 -0.369131 -4.121909
v -6.119606 -0.681631 -3.809408
v -6.119606 -1.181630 -4.934409
v -6.119606 -0.681631 -4.934409
v -6.119606 -1.181630 -3.809408
v -6.119606 -0.681631 -3.809408
v -6.119606 -1.494130 -4.621909
v -6.119606 -1.181630 -4.934409
v -6.119606 -1.494131 -4.121909
v -6.119606 -1.181630 -3.809408
v -6.250856 0.005869 -4.246909
v -6.250856 0.005869 -4.121909
v -6.000856 0.005869 -4.246909
v -6.000856 0.005869 -4.121909
v -6.250856 -0.181631 -4.278159
v -6.250856 -0.181631 -4.090659
v -6.000856 -0.181631 -4.278159
v -6.000856 -0.181631 -4.090659
v -6.250856 0.005869 -4.621909
v -6.250856 0.005869 -4.496909
v -6.000856 0.005869 -4.621909
v -6.000856 0.005869 -4.496909
v -6.250856 -0.181631 -4.653159
v -6.250856 -0.181631 -4.465659
v -6.000856 -0.181631 -4.653159
v -6.000856 -0.181631 -4.465659
v -6.250856 -0.806631 -5.309409
v -6.250856 -0.681631 -5.309409
v -6.000856 -0.806631 -5.309409
v -6.000856 -0.681631 -5.309409
v -6.250856 -0.837881 -5.121909
v -6.250856 -0.650381 -5.121909
v -6.000856 -0.837881 -5.121909
v -6.000856 -0.650381 -5.121909
v -6.250856 -1.181630 -5.309409
v -6.250856 -1.056630 -5.309409
v -6.000856 -1.181630 -5.309409
v -6.000856 -1.056630 -5.309409
v -6.250856 -1.212880 -5.121909
v -6.250856 -1.025380 -5.121909
v -6.000856 -1.212881 -5.121909
v -6.000856 -1.025381 -5.121909
v -6.250856 -0.806631 -3.434408
v -6.250856 -0.681631 -3.434408
v -6.000856 -0.806631 -3.434408
v -6.000856 -0.681631 -3.434408
v -6.250856 -0.837881 -3.621908
v -6.250856 -0.650381 -3.621908
v -6.000856 -0.837881 -3.621908
v -6.000856 -0.650381 -3.621908
v -6.250857 -1.181631 -3.434408
v -6.250857 -1.056631 -3.434408
v -6.000857 -1.181631 -3.434408
v -6.000857 -1.056631 -3.434408
v -6.250857 -1.212880 -3.621908
v -6.250857 -1.025380 -3.621908
v -6.000857 -1.212881 -3.621908
v -6.000857 -1.025381 -3.621908
v -6.250857 -1.869130 -4.246909
v -6.250857 -1.869130 -4.121909
v -6.000857 -1.869131 -4.246909
v -6.000857 -1.869131 -4.121909
v -6.250857 -1.681630 -4.278159
v -6.250857 -1.681631 -4.090659
v -6.000857 -1.681631 -4.278159
v -6.000857 -1.681631 -4.090659
v -6.250857 -1.869130 -4.621909
v -6.250857 -1.869130 -4.496909
v -6.000857 -1.869130 -4.621909
v -6.000857 -1.869130 -4.496909
v -6.250857 -1.681630 -4.653159
v -6.250857 -1.681630 -4.465659
v -6.000857 -1.681630 -4.653159
v -6.000857 -1.681630 -4.465659
v -6.250857 -1.495431 -3.638958
v -6.250857 -1.407043 -3.550570
v -6.000857 -1.495431 -3.638958
v -6.000857 -1.407043 -3.550570
v -6.250857 -1.384946 -3.793638
v -6.250857 -1.252364 -3.661055
v -6.000857 -1.384946 -3.793638
v -6.000857 -1.252364 -3.661055
v -6.250857 -1.760597 -3.904123
v -6.250857 -1.672208 -3.815734
v -6.000857 -1.760597 -3.904123
v -6.000857 -1.672208 -3.815734
v -6.250857 -1.650111 -4.058803
v -6.250857 -1.517528 -3.926220
v -6.000857 -1.650111 -4.058803
v -6.000857 -1.517528 -3.926220
v -6.250856 -0.367830 -3.638957
v -6.250856 -0.456218 -3.550569
v -6.000856 -0.367830 -3.638957
v -6.000856 -0.456218 -3.550569
v -6.250856 -0.478315 -3.793637
v -6.250856 -0.610898 -3.661054
v -6.000856 -0.478315 -3.793637
v -6.000856 -0.610898 -3.661054
v -6.250856 -0.102665 -3.904123
v -6.250856 -0.191053 -3.815734
v -6.000856 -0.102665 -3.904123
v -6.000856 -0.191053 -3.815734
v -6.250856 -0.213150 -4.058803
v -6.250856 -0.345733 -3.926220
v -6.000856 -0.213150 -4.058803
v -6.000856 -0.345733 -3.926220
v -6.250856 -0.367830 -5.104859
v -6.250856 -0.456218 -5.193247
v -6.000856 -0.367830 -5.104859
v -6.000856 -0.456218 -5.193247
v -6.250856 -0.478315 -4.950180
v -6.250856 -0.610898 -5.082762
v -6.000856 -0.478315 -4.950180
v -6.000856 -0.610898 -5.082762
v -6.250856 -0.102664 -4.839694
v -6.250856 -0.191053 -4.928082
v -6.000856 -0.102664 -4.839694
v -6.000856 -0.191053 -4.928082
v -6.250856 -0.213150 -4.685014
v -6.250856 -0.345733 -4.817597
v -6.000856 -0.213150 -4.685014
v -6.000856 -0.345733 -4.817597
v -6.250856 -1.495431 -5.104859
v -6.250856 -1.407043 -5.193247
v -6.000856 -1.495431 -5.104859
v -6.000856 -1.407043 -5.193247
v -6.250856 -1.384946 -4.950180
v -6.250856 -1.252364 -5.082762
v -6.000856 -1.384946 -4.950180
v -6.000856 -1.252364 -5.082762
v -6.250857 -1.760597 -4.839694
v -6.250856 -1.672208 -4.928082
v -6.000857 -1.760597 -4.839694
v -6.000856 -1.672208 -4.928082
v -6.250857 -1.650111 -4.685014
v -6.250856 -1.517528 -4.817597
v -6.000857 -1.650111 -4.685014
v -6.000856 -1.517528 -4.817597
v -6.000856 -0.181631 -6.906680
v -6.250856 -0.181631 -6.906680
v -6.000856 -0.393736 -6.844712
v -6.250856 -0.393736 -6.844711
v -6.000856 -0.646859 -7.371908
v -6.250856 -0.646859 -7.371908
v -6.000856 -0.708828 -7.159802
v -6.250856 -0.708828 -7.159802
v -6.000856 -1.216403 -7.371908
v -6.250856 -1.216403 -7.371908
v -6.000856 -1.154434 -7.159802
v -6.250856 -1.154434 -7.159802
v -6.000856 -1.681630 -6.906680
v -6.250856 -1.681630 -6.906680
v -6.000856 -1.469525 -6.844712
v -6.250856 -1.469525 -6.844711
v -6.000856 -1.681630 -6.337137
v -6.250856 -1.681630 -6.337137
v -6.000856 -1.469525 -6.399106
v -6.250856 -1.469525 -6.399106
v -6.000856 -1.216403 -5.871909
v -6.250856 -1.216403 -5.871909
v -6.000856 -1.154434 -6.084013
v -6.250856 -1.154434 -6.084013
v -6.000856 -0.646859 -5.871909
v -6.250856 -0.646859 -5.871909
v -6.000856 -0.708828 -6.084013
v -6.250856 -0.708828 -6.084013
v -6.000856 -0.181631 -6.337137
v -6.250856 -0.181631 -6.337137
v -6.000856 -0.393736 -6.399106
v -6.250856 -0.393736 -6.399106
v -6.000856 -1.681630 -6.906680
v -6.000856 -1.469525 -6.844712
v -6.000856 -1.216403 -7.371908
v -6.000856 -1.154434 -7.159802
v -6.000856 -0.646859 -7.371908
v -6.000856 -0.708828 -7.159802
v -6.000856 -0.181631 -6.906680
v -6.000856 -0.393736 -6.844712
v -6.000856 -0.181631 -6.337137
v -6.000856 -0.393736 -6.399106
v -6.000856 -0.646859 -5.871909
v -6.000856 -0.708828 -6.084013
v -6.000856 -1.216403 -5.871909
v -6.000856 -1.154434 -6.084013
v -6.000856 -1.681630 -6.337137
v -6.000856 -1.469525 -6.399106
v -6.250856 -0.681631 -6.871908
v -6.250856 -1.181630 -6.871908
v -6.000856 -0.681631 -6.871908
v -6.000856 -1.181631 -6.871908
v -6.250856 -0.681631 -6.371909
v -6.250856 -1.181631 -6.371909
v -6.000856 -0.681631 -6.371909
v -6.000856 -1.181631 -6.371909
v -6.125856 -1.494130 -6.871908
v -6.125856 -1.181631 -7.184408
v -6.125856 -1.494131 -6.371909
v -6.125856 -1.181631 -6.059409
v -6.125856 -0.681631 -7.184408
v -6.125856 -1.181631 -7.184408
v -6.125856 -0.681631 -6.059409
v -6.125856 -1.181631 -6.059409
v -6.125856 -0.369131 -6.871908
v -6.125856 -0.681631 -7.184408
v -6.125856 -0.369131 -6.371909
v -6.125856 -0.681631 -6.059409
v -6.119606 -0.369131 -6.871909
v -6.119606 -0.681631 -7.184409
v -6.119606 -0.369131 -6.371909
v -6.119606 -0.681631 -6.059409
v -6.119606 -1.181631 -7.184409
v -6.119606 -0.681631 -7.184409
v -6.119606 -1.181631 -6.059409
v -6.119606 -0.681631 -6.059409
v -6.119606 -1.494130 -6.871909
v -6.119606 -1.181631 -7.184409
v -6.119606 -1.494131 -6.371909
v -6.119606 -1.181631 -6.059409
v -6.250856 0.005869 -6.496909
v -6.250856 0.005869 -6.371909
v -6.000856 0.005869 -6.496909
v -6.000856 0.005869 -6.371909
v -6.250856 -0.181631 -6.528159
v -6.250856 -0.181631 -6.340659
v -6.000856 -0.181631 -6.528159
v -6.000856 -0.181631 -6.340659
v -6.250856 0.005869 -6.871908
v -6.250856 0.005869 -6.746908
v -6.000856 0.005869 -6.871908
v -6.000856 0.005869 -6.746909
v -6.250856 -0.181631 -6.903158
v -6.250856 -0.181631 -6.715658
v -6.000856 -0.181631 -6.903158
v -6.000856 -0.181631 -6.715659
v -6.250856 -0.806631 -7.559408
v -6.250856 -0.681631 -7.559408
v -6.000856 -0.806631 -7.559408
v -6.000856 -0.681631 -7.559408
v -6.250856 -0.837881 -7.371908
v -6.250856 -0.650381 -7.371908
v -6.000856 -0.837881 -7.371908
v -6.000856 -0.650381 -7.371908
v -6.250856 -1.181630 -7.559408
v -6.250856 -1.056630 -7.559408
v -6.000856 -1.181631 -7.559408
v -6.000856 -1.056631 -7.559408
v -6.250856 -1.212881 -7.371908
v -6.250856 -1.025381 -7.371908
v -6.000856 -1.212881 -7.371908
v -6.000856 -1.025381 -7.371908
v -6.250856 -0.806631 -5.684409
v -6.250856 -0.681631 -5.684409
v -6.000856 -0.806631 -5.684409
v -6.000856 -0.681631 -5.684409
v -6.250856 -0.837881 -5.871909
v -6.250856 -0.650381 -5.871909
v -6.000856 -0.837881 -5.871909
v -6.000856 -0.650381 -5.871909
v -6.250856 -1.181631 -5.684409
v -6.250856 -1.056631 -5.684409
v -6.000856 -1.181631 -5.684409
v -6.000856 -1.056631 -5.684409
v -6.250856 -1.212881 -5.871909
v -6.250856 -1.025381 -5.871909
v -6.000856 -1.212881 -5.871909
v -6.000856 -1.025381 -5.871909
v -6.250856 -1.869130 -6.496909
v -6.250856 -1.869130 -6.371909
v -6.000856 -1.869130 -6.496909
v -6.000856 -1.869130 -6.371909
v -6.250856 -1.681630 -6.528159
v -6.250856 -1.681630 -6.340659
v -6.000856 -1.681630 -6.528159
v -6.000856 -1.681630 -6.340659
v -6.250856 -1.869130 -6.871908
v -6.250856 -1.869130 -6.746908
v -6.000856 -1.869130 -6.871908
v -6.000856 -1.869130 -6.746909
v -6.250856 -1.681630 -6.903158
v -6.250856 -1.681630 -6.715658
v -6.000856 -1.681630 -6.903158
v -6.000856 -1.681630 -6.715659
v -6.250856 -1.495431 -5.888958
v -6.250856 -1.407043 -5.800570
v -6.000856 -1.495431 -5.888958
v -6.000856 -1.407043 -5.800570
v -6.250856 -1.384946 -6.043638
v -6.250856 -1.252364 -5.911055
v -6.000856 -1.384946 -6.043638
v -6.000856 -1.252364 -5.911055
v -6.250856 -1.760597 -6.154123
v -6.250856 -1.672208 -6.065734
v -6.000856 -1.760597 -6.154123
v -6.000856 -1.672208 -6.065734
v -6.250856 -1.650111 -6.308803
v -6.250856 -1.517528 -6.176220
v -6.000856 -1.650111 -6.308803
v -6.000856 -1.517529 -6.176220
v -6.250856 -0.367830 -5.888958
v -6.250856 -0.456218 -5.800570
v -6.000856 -0.367830 -5.888958
v -6.000856 -0.456218 -5.800570
v -6.250856 -0.478315 -6.043638
v -6.250856 -0.610898 -5.911055
v -6.000856 -0.478315 -6.043638
v -6.000856 -0.610898 -5.911055
v -6.250856 -0.102665 -6.154123
v -6.250856 -0.191053 -6.065734
v -6.000856 -0.102665 -6.154123
v -6.000856 -0.191053 -6.065734
v -6.250856 -0.213150 -6.308803
v -6.250856 -0.345733 -6.176220
v -6.000856 -0.213150 -6.308803
v -6.000856 -0.345733 -6.176220
v -6.250856 -0.367830 -7.354858
v -6.250856 -0.456218 -7.443247
v -6.000856 -0.367830 -7.354858
v -6.000856 -0.456218 -7.443247
v -6.250856 -0.478315 -7.200179
v -6.250856 -0.610898 -7.332762
v -6.000856 -0.478315 -7.200179
v -6.000856 -0.610898 -7.332762
v -6.250856 -0.102665 -7.089693
v -6.250856 -0.191053 -7.178082
v -6.000856 -0.102665 -7.089693
v -6.000856 -0.191053 -7.178082
v -6.250856 -0.213150 -6.935014
v -6.250856 -0.345733 -7.067596
v -6.000856 -0.213150 -6.935014
v -6.000856 -0.345733 -7.067596
v -6.250856 -1.495431 -7.354858
v -6.250856 -1.407043 -7.443247
v -6.000856 -1.495431 -7.354858
v -6.000856 -1.407043 -7.443247
v -6.250856 -1.384946 -7.200179
v -6.250856 -1.252364 -7.332762
v -6.000856 -1.384946 -7.200179
v -6.000856 -1.252364 -7.332762
v -6.250856 -1.760597 -7.089693
v -6.250856 -1.672208 -7.178082
v -6.000856 -1.760597 -7.089693
v -6.000856 -1.672208 -7.178082
v -6.250856 -1.650111 -6.935014
v -6.250856 -1.517528 -7.067596
v -6.000856 -1.650111 -6.935014
v -6.000856 -1.517528 -7.067596
v -4.750856 -0.181631 -6.969181
v -5.000856 -0.181631 -6.969181
v -4.750856 -0.393736 -6.907212
v -5.000856 -0.393736 -6.907212
v -4.750856 -0.646859 -7.434409
v -5.000856 -0.646859 -7.434409
v -4.750856 -0.708828 -7.222303
v -5.000856 -0.708828 -7.222303
v -4.750856 -1.216403 -7.434409
v -5.000856 -1.216403 -7.434409
v -4.750856 -1.154434 -7.222303
v -5.000856 -1.154434 -7.222303
v -4.750856 -1.681631 -6.969181
v -5.000856 -1.681631 -6.969181
v -4.750856 -1.469525 -6.907212
v -5.000856 -1.469525 -6.907212
v -4.750856 -1.681631 -6.399637
v -5.000856 -1.681631 -6.399637
v -4.750856 -1.469525 -6.461606
v -5.000856 -1.469525 -6.461606
v -4.750856 -1.216403 -5.934409
v -5.000856 -1.216403 -5.934409
v -4.750856 -1.154434 -6.146513
v -5.000856 -1.154434 -6.146513
v -4.750856 -0.646859 -5.934409
v -5.000856 -0.646859 -5.934409
v -4.750856 -0.708828 -6.146513
v -5.000856 -0.708828 -6.146513
v -4.750856 -0.181631 -6.399637
v -5.000856 -0.181631 -6.399637
v -4.750856 -0.393736 -6.461606
v -5.000856 -0.393736 -6.461606
v -4.750856 -1.681631 -6.969181
v -4.750856 -1.469525 -6.907212
v -4.750856 -1.216403 -7.434409
v -4.750856 -1.154434 -7.222303
v -4.750856 -0.646859 -7.434409
v -4.750856 -0.708828 -7.222303
v -4.750856 -0.181631 -6.969181
v -4.750856 -0.393736 -6.907212
v -4.750856 -0.181631 -6.399637
v -4.750856 -0.393736 -6.461606
v -4.750856 -0.646859 -5.934409
v -4.750856 -0.708828 -6.146513
v -4.750856 -1.216403 -5.934409
v -4.750856 -1.154434 -6.146513
v -4.750856 -1.681631 -6.399637
v -4.750856 -1.469525 -6.461606
v -5.000856 -0.681631 -6.934409
v -5.000856 -1.181631 -6.934409
v -4.750856 -0.681631 -6.934409
v -4.750856 -1.181631 -6.934409
v -5.000856 -0.681631 -6.434409
v -5.000856 -1.181631 -6.434409
v -4.750856 -0.681631 -6.434409
v -4.750856 -1.181631 -6.434409
v -4.875856 -1.494131 -6.934409
v -4.875856 -1.181631 -7.246909
v -4.875856 -1.494131 -6.434409
v -4.875856 -1.181631 -6.121909
v -4.875856 -0.681631 -7.246909
v -4.875856 -1.181631 -7.246909
v -4.875856 -0.681631 -6.121909
v -4.875856 -1.181631 -6.121909
v -4.875856 -0.369131 -6.934409
v -4.875856 -0.681631 -7.246909
v -4.875856 -0.369131 -6.434409
v -4.875856 -0.681631 -6.121909
v -4.869606 -0.369131 -6.934409
v -4.869606 -0.681631 -7.246909
v -4.869606 -0.369131 -6.434409
v -4.869606 -0.681631 -6.121909
v -4.869606 -1.181631 -7.246909
v -4.869606 -0.681631 -7.246909
v -4.869606 -1.181631 -6.121909
v -4.869606 -0.681631 -6.121909
v -4.869606 -1.494131 -6.934409
v -4.869606 -1.181631 -7.246909
v -4.869606 -1.494131 -6.434409
v -4.869606 -1.181631 -6.121909
v -5.000856 0.005869 -6.559409
v -5.000856 0.005869 -6.434409
v -4.750856 0.005869 -6.559409
v -4.750856 0.005869 -6.434409
v -5.000856 -0.181631 -6.590659
v -5.000856 -0.181631 -6.403159
v -4.750856 -0.181631 -6.590659
v -4.750856 -0.181631 -6.403159
v -5.000856 0.005869 -6.934409
v -5.000856 0.005869 -6.809409
v -4.750856 0.005869 -6.934409
v -4.750856 0.005869 -6.809409
v -5.000856 -0.181631 -6.965659
v -5.000856 -0.181631 -6.778159
v -4.750856 -0.181631 -6.965659
v -4.750856 -0.181631 -6.778159
v -5.000856 -0.806631 -7.621909
v -5.000856 -0.681631 -7.621909
v -4.750856 -0.806631 -7.621909
v -4.750856 -0.681631 -7.621909
v -5.000856 -0.837881 -7.434409
v -5.000856 -0.650381 -7.434409
v -4.750856 -0.837881 -7.434409
v -4.750856 -0.650381 -7.434409
v -5.000856 -1.181631 -7.621909
v -5.000856 -1.056631 -7.621909
v -4.750856 -1.181631 -7.621909
v -4.750856 -1.056631 -7.621909
v -5.000856 -1.212881 -7.434409
v -5.000856 -1.025381 -7.434409
v -4.750856 -1.212881 -7.434409
v -4.750856 -1.025381 -7.434409
v -5.000856 -0.806631 -5.746909
v -5.000856 -0.681631 -5.746909
v -4.750856 -0.806631 -5.746909
v -4.750856 -0.681631 -5.746909
v -5.000856 -0.837881 -5.934409
v -5.000856 -0.650381 -5.934409
v -4.750856 -0.837881 -5.934409
v -4.750856 -0.650381 -5.934409
v -5.000856 -1.181631 -5.746909
v -5.000856 -1.056631 -5.746909
v -4.750856 -1.181631 -5.746909
v -4.750856 -1.056631 -5.746909
v -5.000856 -1.212881 -5.934409
v -5.000856 -1.025381 -5.934409
v -4.750856 -1.212881 -5.934409
v -4.750856 -1.025381 -5.934409
v -5.000856 -1.869131 -6.559409
v -5.000856 -1.869131 -6.434409
v -4.750856 -1.869131 -6.559409
v -4.750856 -1.869131 -6.434409
v -5.000856 -1.681631 -6.590659
v -5.000856 -1.681631 -6.403159
v -4.750856 -1.681631 -6.590659
v -4.750856 -1.681631 -6.403159
v -5.000856 -1.869131 -6.934409
v -5.000856 -1.869131 -6.809409
v -4.750856 -1.869131 -6.934409
v -4.750856 -1.869131 -6.809409
v -5.000856 -1.681631 -6.965659
v -5.000856 -1.681631 -6.778159
v -4.750856 -1.681631 -6.965659
v -4.750856 -1.681631 -6.778159
v -5.000856 -1.495431 -5.951458
v -5.000856 -1.407043 -5.863070
v -4.750856 -1.495431 -5.951458
v -4.750856 -1.407043 -5.863070
v -5.000856 -1.384946 -6.106138
v -5.000856 -1.252364 -5.973555
v -4.750856 -1.384946 -6.106138
v -4.750856 -1.252364 -5.973555
v -5.000856 -1.760597 -6.216623
v -5.000856 -1.672208 -6.128234
v -4.750856 -1.760597 -6.216623
v -4.750856 -1.672208 -6.128234
v -5.000856 -1.650111 -6.371303
v -5.000856 -1.517529 -6.238720
v -4.750856 -1.650111 -6.371303
v -4.750856 -1.517529 -6.238720
v -5.000856 -0.367830 -5.951458
v -5.000856 -0.456218 -5.863070
v -4.750856 -0.367830 -5.951458
v -4.750856 -0.456218 -5.863070
v -5.000856 -0.478315 -6.106138
v -5.000856 -0.610898 -5.973555
v -4.750856 -0.478315 -6.106138
v -4.750856 -0.610898 -5.973555
v -5.000856 -0.102665 -6.216622
v -5.000856 -0.191053 -6.128234
v -4.750856 -0.102665 -6.216622
v -4.750856 -0.191053 -6.128234
v -5.000856 -0.213150 -6.371303
v -5.000856 -0.345733 -6.238720
v -4.750856 -0.213150 -6.371303
v -4.750856 -0.345733 -6.238720
v -5.000856 -0.367830 -7.417359
v -5.000856 -0.456218 -7.505747
v -4.750856 -0.367830 -7.417359
v -4.750856 -0.456218 -7.505747
v -5.000856 -0.478315 -7.262680
v -5.000856 -0.610898 -7.395262
v -4.750856 -0.478315 -7.262680
v -4.750856 -0.610898 -7.395262
v -5.000856 -0.102665 -7.152194
v -5.000856 -0.191053 -7.240582
v -4.750856 -0.102665 -7.152194
v -4.750856 -0.191053 -7.240582
v -5.000856 -0.213150 -6.997514
v -5.000856 -0.345733 -7.130097
v -4.750856 -0.213150 -6.997514
v -4.750856 -0.345733 -7.130097
v -5.000856 -1.495432 -7.417359
v -5.000856 -1.407044 -7.505747
v -4.750856 -1.495432 -7.417359
v -4.750856 -1.407044 -7.505747
v -5.000856 -1.384946 -7.262680
v -5.000856 -1.252364 -7.395262
v -4.750856 -1.384946 -7.262680
v -4.750856 -1.252364 -7.395262
v -5.000856 -1.760597 -7.152194
v -5.000856 -1.672208 -7.240582
v -4.750856 -1.760597 -7.152194
v -4.750856 -1.672208 -7.240582
v -5.000856 -1.650111 -6.997514
v -5.000856 -1.517529 -7.130097
v -4.750856 -1.650111 -6.997514
v -4.750856 -1.517529 -7.130097
v -4.750856 -0.181631 -4.656680
v -5.000856 -0.181631 -4.656680
v -4.750856 -0.393736 -4.594712
v -5.000856 -0.393736 -4.594712
v -4.750856 -0.646859 -5.121909
v -5.000856 -0.646859 -5.121909
v -4.750856 -0.708828 -4.909803
v -5.000856 -0.708827 -4.909803
v -4.750856 -1.216403 -5.121909
v -5.000856 -1.216403 -5.121909
v -4.750856 -1.154434 -4.909803
v -5.000856 -1.154434 -4.909803
v -4.750857 -1.681631 -4.656681
v -5.000857 -1.681631 -4.656681
v -4.750856 -1.469525 -4.594712
v -5.000856 -1.469525 -4.594712
v -4.750857 -1.681631 -4.087137
v -5.000857 -1.681631 -4.087137
v -4.750857 -1.469525 -4.149106
v -5.000857 -1.469525 -4.149106
v -4.750857 -1.216403 -3.621908
v -5.000857 -1.216403 -3.621908
v -4.750857 -1.154434 -3.834014
v -5.000857 -1.154434 -3.834014
v -4.750856 -0.646859 -3.621908
v -5.000856 -0.646859 -3.621908
v -4.750856 -0.708828 -3.834013
v -5.000856 -0.708828 -3.834013
v -4.750856 -0.181631 -4.087137
v -5.000856 -0.181631 -4.087137
v -4.750856 -0.393736 -4.149106
v -5.000856 -0.393736 -4.149106
v -4.750857 -1.681631 -4.656681
v -4.750856 -1.469525 -4.594712
v -4.750856 -1.216403 -5.121909
v -4.750856 -1.154434 -4.909803
v -4.750856 -0.646859 -5.121909
v -4.750856 -0.708828 -4.909803
v -4.750856 -0.181631 -4.656680
v -4.750856 -0.393736 -4.594712
v -4.750856 -0.181631 -4.087137
v -4.750856 -0.393736 -4.149106
v -4.750856 -0.646859 -3.621908
v -4.750856 -0.708828 -3.834013
v -4.750857 -1.216403 -3.621908
v -4.750857 -1.154434 -3.834014
v -4.750857 -1.681631 -4.087137
v -4.750857 -1.469525 -4.149106
v -5.000856 -0.681631 -4.621909
v -5.000856 -1.181631 -4.621909
v -4.750856 -0.681631 -4.621909
v -4.750856 -1.181631 -4.621909
v -5.000856 -0.681631 -4.121909
v -5.000856 -1.181631 -4.121909
v -4.750856 -0.681631 -4.121909
v -4.750856 -1.181631 -4.121909
v -4.875856 -1.494131 -4.621909
v -4.875856 -1.181631 -4.934409
v -4.875857 -1.494131 -4.121909
v -4.875857 -1.181631 -3.809408
v -4.875856 -0.681631 -4.934409
v -4.875856 -1.181631 -4.934409
v -4.875856 -0.681631 -3.809408
v -4.875857 -1.181631 -3.809408
v -4.875856 -0.369131 -4.621909
v -4.875856 -0.681631 -4.934409
v -4.875856 -0.369131 -4.121909
v -4.875856 -0.681631 -3.809408
v -4.869606 -0.369131 -4.621909
v -4.869606 -0.681631 -4.934409
v -4.869606 -0.369131 -4.121909
v -4.869606 -0.681631 -3.809408
v -4.869606 -1.181631 -4.934409
v -4.869606 -0.681631 -4.934409
v -4.869606 -1.181631 -3.809408
v -4.869606 -0.681631 -3.809408
v -4.869606 -1.494131 -4.621909
v -4.869606 -1.181631 -4.934409
v -4.869606 -1.494131 -4.121909
v -4.869606 -1.181631 -3.809408
v -5.000856 0.005869 -4.246909
v -5.000856 0.005869 -4.121909
v -4.750856 0.005869 -4.246909
v -4.750856 0.005869 -4.121909
v -5.000856 -0.181631 -4.278159
v -5.000856 -0.181631 -4.090659
v -4.750856 -0.181631 -4.278159
v -4.750856 -0.181631 -4.090659
v -5.000856 0.005869 -4.621908
v -5.000856 0.005869 -4.496908
v -4.750856 0.005869 -4.621908
v -4.750856 0.005869 -4.496908
v -5.000856 -0.181631 -4.653158
v -5.000856 -0.181631 -4.465658
v -4.750856 -0.181631 -4.653158
v -4.750856 -0.181631 -4.465658
v -5.000856 -0.806631 -5.309409
v -5.000856 -0.681631 -5.309409
v -4.750856 -0.806631 -5.309409
v -4.750856 -0.681631 -5.309409
v -5.000856 -0.837881 -5.121909
v -5.000856 -0.650381 -5.121909
v -4.750856 -0.837881 -5.121909
v -4.750856 -0.650381 -5.121909
v -5.000856 -1.181631 -5.309409
v -5.000856 -1.056631 -5.309409
v -4.750856 -1.181631 -5.309409
v -4.750856 -1.056631 -5.309409
v -5.000856 -1.212881 -5.121909
v -5.000856 -1.025381 -5.121909
v -4.750856 -1.212881 -5.121909
v -4.750856 -1.025381 -5.121909
v -5.000856 -0.806631 -3.434408
v -5.000856 -0.681631 -3.434408
v -4.750856 -0.806631 -3.434408
v -4.750856 -0.681631 -3.434408
v -5.000856 -0.837881 -3.621908
v -5.000856 -0.650381 -3.621908
v -4.750856 -0.837881 -3.621908
v -4.750856 -0.650381 -3.621908
v -5.000857 -1.181631 -3.434408
v -5.000857 -1.056631 -3.434408
v -4.750857 -1.181631 -3.434408
v -4.750857 -1.056631 -3.434408
v -5.000857 -1.212881 -3.621908
v -5.000857 -1.025381 -3.621908
v -4.750857 -1.212881 -3.621908
v -4.750857 -1.025381 -3.621908
v -5.000857 -1.869131 -4.246909
v -5.000857 -1.869131 -4.121909
v -4.750857 -1.869131 -4.246909
v -4.750857 -1.869131 -4.121909
v -5.000857 -1.681631 -4.278159
v -5.000857 -1.681631 -4.090659
v -4.750857 -1.681631 -4.278159
v -4.750857 -1.681631 -4.090659
v -5.000857 -1.869131 -4.621909
v -5.000857 -1.869131 -4.496909
v -4.750857 -1.869131 -4.621909
v -4.750857 -1.869131 -4.496909
v -5.000857 -1.681631 -4.653159
v -5.000857 -1.681631 -4.465659
v -4.750857 -1.681631 -4.653159
v -4.750857 -1.681631 -4.465659
v -5.000857 -1.495431 -3.638958
v -5.000857 -1.407043 -3.550570
v -4.750857 -1.495431 -3.638958
v -4.750857 -1.407043 -3.550570
v -5.000857 -1.384946 -3.793638
v -5.000857 -1.252364 -3.661055
v -4.750857 -1.384946 -3.793638
v -4.750857 -1.252364 -3.661055
v -5.000857 -1.760597 -3.904123
v -5.000857 -1.672208 -3.815734
v -4.750857 -1.760597 -3.904123
v -4.750857 -1.672208 -3.815734
v -5.000857 -1.650111 -4.058803
v -5.000857 -1.517529 -3.926220
v -4.750857 -1.650111 -4.058803
v -4.750857 -1.517529 -3.926220
v -5.000856 -0.367830 -3.638958
v -5.000856 -0.456218 -3.550570
v -4.750856 -0.367830 -3.638958
v -4.750856 -0.456218 -3.550570
v -5.000856 -0.478315 -3.793637
v -5.000856 -0.610898 -3.661055
v -4.750856 -0.478315 -3.793637
v -4.750856 -0.610898 -3.661055
v -5.000856 -0.102665 -3.904123
v -5.000856 -0.191053 -3.815734
v -4.750856 -0.102665 -3.904123
v -4.750856 -0.191053 -3.815734
v -5.000856 -0.213150 -4.058803
v -5.000856 -0.345733 -3.926220
v -4.750856 -0.213150 -4.058803
v -4.750856 -0.345733 -3.926220
v -5.000856 -0.367830 -5.104859
v -5.000856 -0.456218 -5.193247
v -4.750856 -0.367830 -5.104859
v -4.750856 -0.456218 -5.193247
v -5.000856 -0.478315 -4.950180
v -5.000856 -0.610898 -5.082762
v -4.750856 -0.478315 -4.950180
v -4.750856 -0.610898 -5.082762
v -5.000856 -0.102664 -4.839693
v -5.000856 -0.191053 -4.928082
v -4.750856 -0.102665 -4.839693
v -4.750856 -0.191053 -4.928082
v -5.000856 -0.213150 -4.685014
v -5.000856 -0.345733 -4.817597
v -4.750856 -0.213150 -4.685014
v -4.750856 -0.345733 -4.817597
v -5.000856 -1.495431 -5.104859
v -5.000856 -1.407043 -5.193247
v -4.750856 -1.495431 -5.104859
v -4.750856 -1.407043 -5.193247
v -5.000856 -1.384946 -4.950180
v -5.000856 -1.252364 -5.082762
v -4.750856 -1.384946 -4.950180
v -4.750856 -1.252364 -5.082762
v -5.000857 -1.760597 -4.839694
v -5.000856 -1.672208 -4.928082
v -4.750857 -1.760597 -4.839694
v -4.750856 -1.672208 -4.928082
v -5.000857 -1.650111 -4.685014
v -5.000856 -1.517529 -4.817597
v -4.750857 -1.650111 -4.685014
v -4.750856 -1.517529 -4.817597
v -6.250856 -0.181631 -4.434409
v -6.500857 -0.181631 -4.434409
v -6.250856 -0.681631 -4.434409
v -6.500857 -0.681631 -4.434409
v -6.250856 -0.181631 -3.684408
v -6.500857 -0.181631 -3.684408
v -6.250856 -0.681631 -3.684408
v -6.500857 -0.681631 -3.684408
v -6.250856 -0.681631 -4.434409
v -6.500857 -0.681631 -4.434409
v -6.250856 -1.431630 -4.434409
v -6.500857 -1.431630 -4.434409
v -6.250856 -0.681631 -3.684408
v -6.500857 -0.681631 -3.684408
v -6.250857 -1.431630 -4.309409
v -6.500857 -1.431630 -4.309409
v -6.250856 -0.181631 -6.559409
v -6.500856 -0.181631 -6.559408
v -6.250856 -1.431630 -6.559409
v -6.500857 -1.431630 -6.559408
v -6.250856 -0.181631 -4.434409
v -6.500857 -0.181631 -4.434409
v -6.250856 -1.431630 -4.434409
v -6.500857 -1.431630 -4.434409
v -6.250856 -0.181631 -6.559409
v -6.500856 -0.181631 -6.559408
v -6.250856 -0.681631 -6.559409
v -6.500856 -0.681630 -6.559408
v -6.250856 -0.181631 -7.309408
v -6.500856 -0.181631 -7.309408
v -6.250856 -0.681631 -7.309408
v -6.500856 -0.681631 -7.309408
v -6.250856 -0.681631 -6.559409
v -6.500856 -0.681630 -6.559408
v -6.250856 -1.431630 -6.559409
v -6.500857 -1.431630 -6.559408
v -6.250856 -0.681631 -7.309408
v -6.500856 -0.681631 -7.309408
v -6.250856 -1.431630 -6.684408
v -6.500857 -1.431630 -6.684408
v -4.500856 -0.181631 -4.434408
v -4.750856 -0.181631 -4.434408
v -4.500856 -0.681631 -4.434409
v -4.750856 -0.681631 -4.434409
v -4.500856 -0.181631 -3.684408
v -4.750856 -0.181631 -3.684408
v -4.500856 -0.681631 -3.684408
v -4.750856 -0.681631 -3.684408
v -4.500856 -0.681631 -4.434409
v -4.750856 -0.681631 -4.434409
v -4.500856 -1.431631 -4.434409
v -4.750856 -1.431631 -4.434409
v -4.500856 -0.681631 -3.684408
v -4.750856 -0.681631 -3.684408
v -4.500857 -1.431631 -4.309409
v -4.750857 -1.431631 -4.309409
v -4.500856 -0.181631 -6.559409
v -4.750856 -0.181631 -6.559409
v -4.500856 -1.431631 -6.559409
v -4.750856 -1.431631 -6.559409
v -4.500856 -0.181631 -4.434408
v -4.750856 -0.181631 -4.434408
v -4.500856 -1.431631 -4.434409
v -4.750856 -1.431631 -4.434409
v -4.500856 -0.181631 -6.559409
v -4.750856 -0.181631 -6.559409
v -4.500856 -0.681631 -6.559409
v -4.750856 -0.681631 -6.559409
v -4.500856 -0.181631 -7.309409
v -4.750856 -0.181631 -7.309409
v -4.500856 -0.681631 -7.309409
v -4.750856 -0.681631 -7.309409
v -4.500856 -0.681631 -6.559409
v -4.750856 -0.681631 -6.559409
v -4.500856 -1.431631 -6.559409
v -4.750856 -1.431631 -6.559409
v -4.500856 -0.681631 -7.309409
v -4.750856 -0.681631 -7.309409
v -4.500856 -1.431631 -6.684409
v -4.750856 -1.431631 -6.684409
v -5.000856 -0.181631 -5.996908
v -6.000856 -0.181631 -5.996909
v -5.000856 -0.681631 -5.996909
v -6.000856 -0.681631 -5.996909
v -5.000856 -0.181631 -7.309409
v -6.000856 -0.181631 -7.309408
v -5.000856 -0.681631 -7.309409
v -6.000856 -0.681631 -7.309408
v -5.000856 -0.681631 -5.996909
v -6.000856 -0.681631 -5.996909
v -5.000856 -1.431631 -5.996909
v -6.000856 -1.431631 -5.996909
v -5.000856 -0.681631 -7.309409
v -6.000856 -0.681631 -7.309408
v -5.000856 -1.431631 -6.684409
v -6.000856 -1.431630 -6.684409
v -5.000856 -0.181631 -4.996908
v -6.000856 -0.181631 -4.996909
v -5.000856 -0.681631 -4.996909
v -6.000856 -0.681631 -4.996909
v -5.000856 -0.181631 -3.684408
v -6.000856 -0.181631 -3.684408
v -5.000856 -0.681631 -3.684408
v -6.000856 -0.681631 -3.684408
v -5.000856 -0.681631 -4.996909
v -6.000856 -0.681631 -4.996909
v -5.000856 -1.431631 -4.996909
v -6.000856 -1.431630 -4.996909
v -5.000856 -0.681631 -3.684408
v -6.000856 -0.681631 -3.684408
v -5.000857 -1.431631 -4.309409
v -6.000857 -1.431631 -4.309409
v -3.806313 -0.244131 -3.054966
v -4.513420 -0.244131 -3.762073
v -3.806313 -1.119131 -3.054966
v -4.513420 -1.119131 -3.762073
v -3.099206 -0.244131 -3.762073
v -4.513420 -0.244131 -5.176287
v -3.099206 -1.119131 -3.762073
v -4.513420 -1.119131 -5.176287
v -4.513356 -0.244131 -5.184408
v -4.513356 -0.244131 -5.184408
v -4.513356 -1.119131 -5.184409
v -4.513356 -1.119131 -5.184409
v -4.513356 -0.244131 -3.759408
v -4.513356 -0.244131 -3.759408
v -4.513357 -1.119131 -3.759408
v -4.513357 -1.119131 -3.759408
v 0.999144 -0.181631 -4.656680
v 1.249144 -0.181631 -4.656680
v 0.999144 -0.393736 -4.594711
v 1.249144 -0.393736 -4.594711
v 0.999144 -0.646859 -5.121908
v 1.249144 -0.646859 -5.121908
v 0.999144 -0.708828 -4.909802
v 1.249144 -0.708828 -4.909802
v 0.999144 -1.216403 -5.121908
v 1.249144 -1.216403 -5.121908
v 0.999144 -1.154434 -4.909802
v 1.249144 -1.154434 -4.909802
v 0.999143 -1.681631 -4.656680
v 1.249143 -1.681631 -4.656680
v 0.999144 -1.469526 -4.594711
v 1.249144 -1.469526 -4.594711
v 0.999143 -1.681631 -4.087136
v 1.249143 -1.681631 -4.087136
v 0.999143 -1.469526 -4.149105
v 1.249143 -1.469526 -4.149105
v 0.999143 -1.216403 -3.621908
v 1.249143 -1.216403 -3.621908
v 0.999144 -1.154434 -3.834013
v 1.249144 -1.154434 -3.834013
v 0.999144 -0.646859 -3.621908
v 1.249144 -0.646859 -3.621908
v 0.999144 -0.708828 -3.834013
v 1.249144 -0.708828 -3.834013
v 0.999144 -0.181631 -4.087136
v 1.249144 -0.181631 -4.087136
v 0.999144 -0.393736 -4.149105
v 1.249144 -0.393736 -4.149105
v 0.999143 -1.681631 -4.656680
v 0.999144 -1.469526 -4.594711
v 0.999144 -1.216403 -5.121908
v 0.999144 -1.154434 -4.909802
v 0.999144 -0.646859 -5.121908
v 0.999144 -0.708828 -4.909802
v 0.999144 -0.181631 -4.656680
v 0.999144 -0.393736 -4.594711
v 0.999144 -0.181631 -4.087136
v 0.999144 -0.393736 -4.149105
v 0.999144 -0.646859 -3.621908
v 0.999144 -0.708828 -3.834013
v 0.999143 -1.216403 -3.621908
v 0.999144 -1.154434 -3.834013
v 0.999143 -1.681631 -4.087136
v 0.999143 -1.469526 -4.149105
v 1.249144 -0.681631 -4.621908
v 1.249144 -1.181631 -4.621908
v 0.999144 -0.681631 -4.621908
v 0.999144 -1.181631 -4.621908
v 1.249144 -0.681631 -4.121908
v 1.249144 -1.181631 -4.121908
v 0.999144 -0.681631 -4.121908
v 0.999144 -1.181631 -4.121908
v 1.124144 -1.494131 -4.621908
v 1.124144 -1.181631 -4.934408
v 1.124143 -1.494131 -4.121908
v 1.124143 -1.181631 -3.809408
v 1.124144 -0.681631 -4.934408
v 1.124144 -1.181631 -4.934408
v 1.124144 -0.681631 -3.809408
v 1.124143 -1.181631 -3.809408
v 1.124144 -0.369131 -4.621908
v 1.124144 -0.681631 -4.934408
v 1.124144 -0.369131 -4.121908
v 1.124144 -0.681631 -3.809408
v 1.117894 -0.369131 -4.621908
v 1.117894 -0.681631 -4.934408
v 1.117894 -0.369131 -4.121908
v 1.117894 -0.681631 -3.809408
v 1.117894 -1.181631 -4.934408
v 1.117894 -0.681631 -4.934408
v 1.117894 -1.181631 -3.809408
v 1.117894 -0.681631 -3.809408
v 1.117894 -1.494131 -4.621908
v 1.117894 -1.181631 -4.934408
v 1.117894 -1.494131 -4.121908
v 1.117894 -1.181631 -3.809408
v 1.249144 0.005869 -4.246908
v 1.249144 0.005869 -4.121908
v 0.999144 0.005869 -4.246908
v 0.999144 0.005869 -4.121908
v 1.249144 -0.181631 -4.278158
v 1.249144 -0.181631 -4.090658
v 0.999144 -0.181631 -4.278158
v 0.999144 -0.181631 -4.090658
v 1.249144 0.005869 -4.621908
v 1.249144 0.005869 -4.496908
v 0.999144 0.005869 -4.621908
v 0.999144 0.005869 -4.496908
v 1.249144 -0.181631 -4.653158
v 1.249144 -0.181631 -4.465658
v 0.999144 -0.181631 -4.653158
v 0.999144 -0.181631 -4.465658
v 1.249144 -0.806631 -5.309408
v 1.249144 -0.681631 -5.309408
v 0.999144 -0.806631 -5.309408
v 0.999144 -0.681631 -5.309408
v 1.249144 -0.837881 -5.121908
v 1.249144 -0.650381 -5.121908
v 0.999144 -0.837881 -5.121908
v 0.999144 -0.650381 -5.121908
v 1.249144 -1.181631 -5.309408
v 1.249144 -1.056631 -5.309408
v 0.999144 -1.181631 -5.309408
v 0.999144 -1.056631 -5.309408
v 1.249144 -1.212881 -5.121908
v 1.249144 -1.025381 -5.121908
v 0.999144 -1.212881 -5.121908
v 0.999144 -1.025381 -5.121908
v 1.249144 -0.806631 -3.434408
v 1.249144 -0.681631 -3.434408
v 0.999144 -0.806631 -3.434408
v 0.999144 -0.681631 -3.434408
v 1.249144 -0.837881 -3.621908
v 1.249144 -0.650381 -3.621908
v 0.999144 -0.837881 -3.621908
v 0.999144 -0.650381 -3.621908
v 1.249143 -1.181631 -3.434408
v 1.249143 -1.056631 -3.434408
v 0.999143 -1.181631 -3.434408
v 0.999143 -1.056631 -3.434408
v 1.249143 -1.212881 -3.621908
v 1.249143 -1.025381 -3.621908
v 0.999143 -1.212881 -3.621908
v 0.999143 -1.025381 -3.621908
v 1.249143 -1.869131 -4.246908
v 1.249143 -1.869131 -4.121908
v 0.999143 -1.869131 -4.246908
v 0.999143 -1.869131 -4.121908
v 1.249143 -1.681631 -4.278158
v 1.249143 -1.681631 -4.090658
v 0.999143 -1.681631 -4.278158
v 0.999143 -1.681631 -4.090658
v 1.249143 -1.869131 -4.621908
v 1.249143 -1.869131 -4.496908
v 0.999143 -1.869131 -4.621908
v 0.999143 -1.869131 -4.496908
v 1.249143 -1.681631 -4.653158
v 1.249143 -1.681631 -4.465658
v 0.999143 -1.681631 -4.653158
v 0.999143 -1.681631 -4.465658
v 1.249144 -1.495432 -3.638957
v 1.249143 -1.407044 -3.550569
v 0.999144 -1.495432 -3.638957
v 0.999143 -1.407044 -3.550569
v 1.249143 -1.384947 -3.793637
v 1.249143 -1.252364 -3.661054
v 0.999143 -1.384947 -3.793637
v 0.999143 -1.252364 -3.661054
v 1.249144 -1.760597 -3.904122
v 1.249144 -1.672209 -3.815734
v 0.999144 -1.760597 -3.904122
v 0.999144 -1.672209 -3.815734
v 1.249143 -1.650112 -4.058803
v 1.249143 -1.517529 -3.926220
v 0.999143 -1.650112 -4.058803
v 0.999143 -1.517529 -3.926220
v 1.249144 -0.367830 -3.638957
v 1.249144 -0.456218 -3.550569
v 0.999144 -0.367830 -3.638957
v 0.999144 -0.456218 -3.550569
v 1.249144 -0.478315 -3.793637
v 1.249144 -0.610898 -3.661054
v 0.999144 -0.478315 -3.793637
v 0.999144 -0.610898 -3.661054
v 1.249144 -0.102665 -3.904123
v 1.249144 -0.191053 -3.815734
v 0.999144 -0.102665 -3.904123
v 0.999144 -0.191053 -3.815734
v 1.249144 -0.213151 -4.058803
v 1.249144 -0.345733 -3.926220
v 0.999144 -0.213151 -4.058803
v 0.999144 -0.345733 -3.926220
v 1.249144 -0.367830 -5.104858
v 1.249144 -0.456218 -5.193247
v 0.999144 -0.367830 -5.104858
v 0.999144 -0.456218 -5.193247
v 1.249144 -0.478315 -4.950179
v 1.249144 -0.610898 -5.082762
v 0.999144 -0.478315 -4.950179
v 0.999144 -0.610898 -5.082762
v 1.249144 -0.102665 -4.839693
v 1.249144 -0.191053 -4.928081
v 0.999144 -0.102665 -4.839693
v 0.999144 -0.191053 -4.928081
v 1.249144 -0.213151 -4.685013
v 1.249144 -0.345733 -4.817596
v 0.999144 -0.213151 -4.685013
v 0.999144 -0.345733 -4.817596
v 1.249144 -1.495432 -5.104858
v 1.249144 -1.407044 -5.193247
v 0.999144 -1.495432 -5.104858
v 0.999144 -1.407044 -5.193247
v 1.249144 -1.384947 -4.950179
v 1.249144 -1.252364 -5.082762
v 0.999144 -1.384947 -4.950179
v 0.999144 -1.252364 -5.082762
v 1.249143 -1.760597 -4.839693
v 1.249144 -1.672209 -4.928082
v 0.999143 -1.760597 -4.839693
v 0.999144 -1.672209 -4.928082
v 1.249143 -1.650112 -4.685014
v 1.249144 -1.517529 -4.817596
v 0.999143 -1.650112 -4.685014
v 0.999144 -1.517529 -4.817596
v 0.999144 -0.181631 -6.906681
v 1.249144 -0.181631 -6.906681
v 0.999144 -0.393736 -6.844712
v 1.249143 -0.393736 -6.844712
v 0.999143 -0.646859 -7.371909
v 1.249143 -0.646859 -7.371909
v 0.999144 -0.708828 -7.159803
v 1.249144 -0.708828 -7.159803
v 0.999143 -1.216403 -7.371909
v 1.249143 -1.216403 -7.371909
v 0.999144 -1.154434 -7.159803
v 1.249144 -1.154434 -7.159803
v 0.999144 -1.681631 -6.906681
v 1.249144 -1.681631 -6.906681
v 0.999144 -1.469526 -6.844712
v 1.249143 -1.469526 -6.844712
v 0.999144 -1.681631 -6.337136
v 1.249144 -1.681631 -6.337136
v 0.999144 -1.469526 -6.399106
v 1.249144 -1.469526 -6.399106
v 0.999144 -1.216403 -5.871908
v 1.249144 -1.216403 -5.871908
v 0.999144 -1.154434 -6.084013
v 1.249144 -1.154434 -6.084013
v 0.999144 -0.646859 -5.871908
v 1.249144 -0.646859 -5.871908
v 0.999144 -0.708828 -6.084013
v 1.249144 -0.708828 -6.084013
v 0.999144 -0.181631 -6.337136
v 1.249144 -0.181631 -6.337136
v 0.999144 -0.393736 -6.399106
v 1.249144 -0.393736 -6.399106
v 0.999144 -1.681631 -6.906681
v 0.999144 -1.469526 -6.844712
v 0.999143 -1.216403 -7.371909
v 0.999144 -1.154434 -7.159803
v 0.999143 -0.646859 -7.371909
v 0.999144 -0.708828 -7.159803
v 0.999144 -0.181631 -6.906681
v 0.999144 -0.393736 -6.844712
v 0.999144 -0.181631 -6.337136
v 0.999144 -0.393736 -6.399106
v 0.999144 -0.646859 -5.871908
v 0.999144 -0.708828 -6.084013
v 0.999144 -1.216403 -5.871908
v 0.999144 -1.154434 -6.084013
v 0.999144 -1.681631 -6.337136
v 0.999144 -1.469526 -6.399106
v 1.249143 -0.681631 -6.871909
v 1.249143 -1.181631 -6.871909
v 0.999144 -0.681631 -6.871909
v 0.999144 -1.181631 -6.871909
v 1.249144 -0.681631 -6.371908
v 1.249144 -1.181631 -6.371908
v 0.999144 -0.681631 -6.371908
v 0.999144 -1.181631 -6.371908
v 1.124143 -1.494131 -6.871909
v 1.124143 -1.181631 -7.184409
v 1.124144 -1.494131 -6.371908
v 1.124144 -1.181631 -6.059408
v 1.124143 -0.681631 -7.184409
v 1.124143 -1.181631 -7.184409
v 1.124144 -0.681631 -6.059408
v 1.124144 -1.181631 -6.059408
v 1.124143 -0.369131 -6.871909
v 1.124143 -0.681631 -7.184409
v 1.124144 -0.369131 -6.371908
v 1.124144 -0.681631 -6.059408
v 1.117894 -0.369131 -6.871909
v 1.117894 -0.681631 -7.184409
v 1.117894 -0.369131 -6.371908
v 1.117894 -0.681631 -6.059408
v 1.117894 -1.181631 -7.184409
v 1.117894 -0.681631 -7.184409
v 1.117894 -1.181631 -6.059408
v 1.117894 -0.681631 -6.059408
v 1.117894 -1.494131 -6.871909
v 1.117894 -1.181631 -7.184409
v 1.117894 -1.494131 -6.371908
v 1.117894 -1.181631 -6.059408
v 1.249144 0.005869 -6.496909
v 1.249144 0.005869 -6.371908
v 0.999144 0.005869 -6.496909
v 0.999144 0.005869 -6.371908
v 1.249144 -0.181631 -6.528159
v 1.249144 -0.181631 -6.340658
v 0.999144 -0.181631 -6.528159
v 0.999144 -0.181631 -6.340658
v 1.249143 0.005869 -6.871909
v 1.249143 0.005869 -6.746909
v 0.999144 0.005869 -6.871909
v 0.999144 0.005869 -6.746909
v 1.249143 -0.181631 -6.903159
v 1.249143 -0.181631 -6.715659
v 0.999143 -0.181631 -6.903159
v 0.999144 -0.181631 -6.715659
v 1.249143 -0.806631 -7.559409
v 1.249143 -0.681631 -7.559409
v 0.999143 -0.806631 -7.559409
v 0.999143 -0.681631 -7.559409
v 1.249143 -0.837881 -7.371909
v 1.249143 -0.650381 -7.371909
v 0.999143 -0.837881 -7.371909
v 0.999143 -0.650381 -7.371909
v 1.249143 -1.181631 -7.559409
v 1.249143 -1.056631 -7.559409
v 0.999143 -1.181631 -7.559409
v 0.999143 -1.056631 -7.559409
v 1.249143 -1.212881 -7.371909
v 1.249143 -1.025381 -7.371909
v 0.999143 -1.212881 -7.371909
v 0.999143 -1.025381 -7.371909
v 1.249144 -0.806631 -5.684408
v 1.249144 -0.681631 -5.684408
v 0.999144 -0.806631 -5.684408
v 0.999144 -0.681631 -5.684408
v 1.249144 -0.837881 -5.871908
v 1.249144 -0.650381 -5.871908
v 0.999144 -0.837881 -5.871908
v 0.999144 -0.650381 -5.871908
v 1.249144 -1.181631 -5.684408
v 1.249144 -1.056631 -5.684408
v 0.999144 -1.181631 -5.684408
v 0.999144 -1.056631 -5.684408
v 1.249144 -1.212881 -5.871908
v 1.249144 -1.025381 -5.871908
v 0.999144 -1.212881 -5.871908
v 0.999144 -1.025381 -5.871908
v 1.249144 -1.869131 -6.496909
v 1.249144 -1.869131 -6.371908
v 0.999144 -1.869131 -6.496909
v 0.999144 -1.869131 -6.371908
v 1.249144 -1.681631 -6.528159
v 1.249144 -1.681631 -6.340658
v 0.999144 -1.681631 -6.528159
v 0.999144 -1.681631 -6.340658
v 1.249143 -1.869131 -6.871909
v 1.249143 -1.869131 -6.746909
v 0.999144 -1.869131 -6.871909
v 0.999144 -1.869131 -6.746909
v 1.249143 -1.681631 -6.903159
v 1.249143 -1.681631 -6.715659
v 0.999143 -1.681631 -6.903159
v 0.999144 -1.681631 -6.715659
v 1.249144 -1.495432 -5.888958
v 1.249144 -1.407044 -5.800570
v 0.999144 -1.495432 -5.888958
v 0.999144 -1.407044 -5.800570
v 1.249144 -1.384947 -6.043637
v 1.249144 -1.252364 -5.911055
v 0.999144 -1.384947 -6.043637
v 0.999144 -1.252364 -5.911055
v 1.249144 -1.760597 -6.154122
v 1.249144 -1.672209 -6.065734
v 0.999144 -1.760597 -6.154122
v 0.999144 -1.672209 -6.065734
v 1.249144 -1.650112 -6.308803
v 1.249144 -1.517529 -6.176220
v 0.999144 -1.650112 -6.308803
v 0.999144 -1.517529 -6.176220
v 1.249144 -0.367830 -5.888958
v 1.249144 -0.456218 -5.800570
v 0.999144 -0.367830 -5.888958
v 0.999144 -0.456218 -5.800570
v 1.249144 -0.478315 -6.043637
v 1.249144 -0.610898 -5.911055
v 0.999144 -0.478315 -6.043637
v 0.999144 -0.610898 -5.911055
v 1.249144 -0.102665 -6.154122
v 1.249144 -0.191054 -6.065733
v 0.999144 -0.102665 -6.154122
v 0.999144 -0.191054 -6.065733
v 1.249144 -0.213151 -6.308802
v 1.249144 -0.345733 -6.176220
v 0.999144 -0.213151 -6.308802
v 0.999144 -0.345733 -6.176220
v 1.249143 -0.367830 -7.354859
v 1.249143 -0.456218 -7.443247
v 0.999143 -0.367830 -7.354859
v 0.999143 -0.456218 -7.443247
v 1.249144 -0.478315 -7.200180
v 1.249143 -0.610898 -7.332762
v 0.999144 -0.478315 -7.200180
v 0.999143 -0.610898 -7.332762
v 1.249143 -0.102665 -7.089694
v 1.249143 -0.191053 -7.178082
v 0.999143 -0.102665 -7.089694
v 0.999143 -0.191053 -7.178082
v 1.249144 -0.213151 -6.935014
v 1.249143 -0.345733 -7.067597
v 0.999144 -0.213151 -6.935014
v 0.999143 -0.345733 -7.067597
v 1.249143 -1.495432 -7.354859
v 1.249143 -1.407044 -7.443247
v 0.999143 -1.495432 -7.354859
v 0.999143 -1.407044 -7.443247
v 1.249144 -1.384947 -7.200180
v 1.249143 -1.252364 -7.332762
v 0.999144 -1.384947 -7.200180
v 0.999143 -1.252364 -7.332762
v 1.249143 -1.760597 -7.089694
v 1.249143 -1.672209 -7.178082
v 0.999143 -1.760597 -7.089694
v 0.999143 -1.672209 -7.178082
v 1.249144 -1.650112 -6.935014
v 1.249143 -1.517529 -7.067597
v 0.999144 -1.650112 -6.935014
v 0.999143 -1.517529 -7.067597
v -0.250856 -0.181631 -6.969181
v -0.000856 -0.181631 -6.969181
v -0.250856 -0.393736 -6.907212
v -0.000856 -0.393736 -6.907212
v -0.250856 -0.646859 -7.434409
v -0.000856 -0.646859 -7.434409
v -0.250856 -0.708828 -7.222303
v -0.000856 -0.708828 -7.222303
v -0.250856 -1.216403 -7.434409
v -0.000856 -1.216403 -7.434409
v -0.250856 -1.154434 -7.222303
v -0.000856 -1.154434 -7.222303
v -0.250856 -1.681631 -6.969181
v -0.000856 -1.681631 -6.969181
v -0.250856 -1.469526 -6.907212
v -0.000856 -1.469526 -6.907212
v -0.250856 -1.681631 -6.399637
v -0.000856 -1.681631 -6.399637
v -0.250856 -1.469526 -6.461606
v -0.000856 -1.469526 -6.461606
v -0.250856 -1.216403 -5.934409
v -0.000856 -1.216403 -5.934409
v -0.250856 -1.154434 -6.146513
v -0.000856 -1.154434 -6.146513
v -0.250856 -0.646859 -5.934409
v -0.000856 -0.646859 -5.934409
v -0.250856 -0.708828 -6.146513
v -0.000856 -0.708828 -6.146513
v -0.250856 -0.181631 -6.399637
v -0.000856 -0.181631 -6.399637
v -0.250856 -0.393736 -6.461606
v -0.000856 -0.393736 -6.461606
v -0.250856 -1.681631 -6.969181
v -0.250856 -1.469526 -6.907212
v -0.250856 -1.216403 -7.434409
v -0.250856 -1.154434 -7.222303
v -0.250856 -0.646859 -7.434409
v -0.250856 -0.708828 -7.222303
v -0.250856 -0.181631 -6.969181
v -0.250856 -0.393736 -6.907212
v -0.250856 -0.181631 -6.399637
v -0.250856 -0.393736 -6.461606
v -0.250856 -0.646859 -5.934409
v -0.250856 -0.708828 -6.146513
v -0.250856 -1.216403 -5.934409
v -0.250856 -1.154434 -6.146513
v -0.250856 -1.681631 -6.399637
v -0.250856 -1.469526 -6.461606
v -0.000856 -0.681631 -6.934409
v -0.000856 -1.181631 -6.934409
v -0.250856 -0.681631 -6.934409
v -0.250856 -1.181631 -6.934409
v -0.000856 -0.681631 -6.434409
v -0.000856 -1.181631 -6.434409
v -0.250856 -0.681631 -6.434409
v -0.250856 -1.181631 -6.434409
v -0.125856 -1.494131 -6.934409
v -0.125856 -1.181631 -7.246909
v -0.125856 -1.494131 -6.434409
v -0.125856 -1.181631 -6.121909
v -0.125856 -0.681631 -7.246909
v -0.125856 -1.181631 -7.246909
v -0.125856 -0.681631 -6.121909
v -0.125856 -1.181631 -6.121909
v -0.125856 -0.369131 -6.934409
v -0.125856 -0.681631 -7.246909
v -0.125856 -0.369131 -6.434409
v -0.125856 -0.681631 -6.121909
v -0.132106 -0.681631 -7.246909
v -0.132106 -0.369131 -6.434409
v -0.132106 -0.681631 -6.121909
v -0.132106 -1.181631 -7.246909
v -0.132106 -0.681631 -7.246909
v -0.132106 -1.181631 -6.121909
v -0.132106 -0.681631 -6.121909
v -0.132106 -1.494131 -6.934409
v -0.132106 -1.181631 -7.246909
v -0.132106 -1.494131 -6.434409
v -0.132106 -1.181631 -6.121909
v -0.000856 0.005869 -6.559409
v -0.000856 0.005869 -6.434409
v -0.250856 0.005869 -6.559409
v -0.250856 0.005869 -6.434409
v -0.000856 -0.181631 -6.590659
v -0.000856 -0.181631 -6.403159
v -0.250856 -0.181631 -6.590659
v -0.250856 -0.181631 -6.403159
v -0.000856 0.005869 -6.934409
v -0.000856 0.005869 -6.809409
v -0.250856 0.005869 -6.934409
v -0.250856 0.005869 -6.809409
v -0.000856 -0.181631 -6.965659
v -0.000856 -0.181631 -6.778159
v -0.250856 -0.181631 -6.965659
v -0.250856 -0.181631 -6.778159
v -0.000856 -0.806631 -7.621909
v -0.000856 -0.681631 -7.621909
v -0.250856 -0.806631 -7.621909
v -0.250856 -0.681631 -7.621909
v -0.000856 -0.837881 -7.434409
v -0.000856 -0.650381 -7.434409
v -0.250856 -0.837881 -7.434409
v -0.250856 -0.650381 -7.434409
v -0.000856 -1.181631 -7.621909
v -0.000856 -1.056631 -7.621909
v -0.250856 -1.181631 -7.621909
v -0.250856 -1.056631 -7.621909
v -0.000856 -1.212881 -7.434409
v -0.000856 -1.025381 -7.434409
v -0.250856 -1.212881 -7.434409
v -0.250856 -1.025381 -7.434409
v -0.000856 -0.806631 -5.746909
v -0.000856 -0.681631 -5.746909
v -0.250856 -0.806631 -5.746909
v -0.250856 -0.681631 -5.746909
v -0.000856 -0.837881 -5.934409
v -0.000856 -0.650381 -5.934409
v -0.250856 -0.837881 -5.934409
v -0.250856 -0.650381 -5.934409
v -0.000856 -1.181631 -5.746909
v -0.000856 -1.056631 -5.746909
v -0.250856 -1.181631 -5.746909
v -0.250856 -1.056631 -5.746909
v -0.000856 -1.212881 -5.934409
v -0.000856 -1.025381 -5.934409
v -0.250856 -1.212881 -5.934409
v -0.250856 -1.025381 -5.934409
v -0.000856 -1.869131 -6.559409
v -0.000856 -1.869131 -6.434409
v -0.250856 -1.869131 -6.559409
v -0.250856 -1.869131 -6.434409
v -0.000856 -1.681631 -6.590659
v -0.000856 -1.681631 -6.403159
v -0.250856 -1.681631 -6.590659
v -0.250856 -1.681631 -6.403159
v -0.000856 -1.869131 -6.934409
v -0.000856 -1.869131 -6.809409
v -0.250856 -1.869131 -6.934409
v -0.250856 -1.869131 -6.809409
v -0.000856 -1.681631 -6.965659
v -0.000856 -1.681631 -6.778159
v -0.250856 -1.681631 -6.965659
v -0.250856 -1.681631 -6.778159
v -0.000856 -1.495432 -5.951458
v -0.000856 -1.407044 -5.863070
v -0.250856 -1.495432 -5.951458
v -0.250856 -1.407044 -5.863070
v -0.000856 -1.384947 -6.106138
v -0.000856 -1.252364 -5.973555
v -0.250856 -1.384947 -6.106138
v -0.250856 -1.252364 -5.973555
v -0.000856 -1.760597 -6.216623
v -0.000856 -1.672209 -6.128234
v -0.250856 -1.760597 -6.216623
v -0.250856 -1.672209 -6.128234
v -0.000856 -1.650112 -6.371303
v -0.000856 -1.517529 -6.238720
v -0.250856 -1.650112 -6.371303
v -0.250856 -1.517529 -6.238720
v -0.000856 -0.367830 -5.951458
v -0.000856 -0.456218 -5.863070
v -0.250856 -0.367830 -5.951458
v -0.250856 -0.456218 -5.863070
v -0.000856 -0.478315 -6.106138
v -0.000856 -0.610898 -5.973555
v -0.250856 -0.478315 -6.106138
v -0.250856 -0.610898 -5.973555
v -0.000856 -0.102665 -6.216622
v -0.000856 -0.191054 -6.128234
v -0.250856 -0.102665 -6.216622
v -0.250856 -0.191053 -6.128234
v -0.000856 -0.213151 -6.371303
v -0.000856 -0.345733 -6.238720
v -0.250856 -0.213150 -6.371303
v -0.250856 -0.345733 -6.238720
v -0.000856 -0.367830 -7.417359
v -0.000856 -0.456218 -7.505747
v -0.250856 -0.367830 -7.417359
v -0.250856 -0.456218 -7.505747
v -0.000856 -0.478315 -7.262680
v -0.000856 -0.610898 -7.395262
v -0.250856 -0.478315 -7.262680
v -0.250856 -0.610898 -7.395262
v -0.000856 -0.102665 -7.152194
v -0.000856 -0.191053 -7.240582
v -0.250856 -0.102665 -7.152194
v -0.250856 -0.191053 -7.240582
v -0.000856 -0.213151 -6.997514
v -0.000856 -0.345733 -7.130097
v -0.250856 -0.213150 -6.997514
v -0.250856 -0.345733 -7.130097
v -0.000856 -1.495432 -7.417359
v -0.000856 -1.407044 -7.505747
v -0.250856 -1.495432 -7.417359
v -0.250856 -1.407044 -7.505747
v -0.000856 -1.384947 -7.262680
v -0.000856 -1.252364 -7.395262
v -0.250856 -1.384947 -7.262680
v -0.250856 -1.252364 -7.395262
v -0.000856 -1.760597 -7.152194
v -0.000856 -1.672209 -7.240582
v -0.250856 -1.760597 -7.152194
v -0.250856 -1.672209 -7.240582
v -0.000856 -1.650112 -6.997514
v -0.000856 -1.517529 -7.130097
v -0.250856 -1.650112 -6.997514
v -0.250856 -1.517529 -7.130097
v -0.250856 -0.181631 -4.656680
v -0.000856 -0.181631 -4.656680
v -0.250856 -0.393736 -4.594712
v -0.000856 -0.393736 -4.594712
v -0.250856 -0.646859 -5.121909
v -0.000856 -0.646859 -5.121909
v -0.250856 -0.708828 -4.909803
v -0.000856 -0.708828 -4.909803
v -0.250856 -1.216403 -5.121909
v -0.000856 -1.216403 -5.121909
v -0.250856 -1.154434 -4.909803
v -0.000856 -1.154434 -4.909803
v -0.250857 -1.681631 -4.656681
v -0.000857 -1.681631 -4.656681
v -0.250856 -1.469526 -4.594712
v -0.000856 -1.469526 -4.594712
v -0.250857 -1.681631 -4.087136
v -0.000857 -1.681631 -4.087136
v -0.250857 -1.469526 -4.149105
v -0.000857 -1.469526 -4.149105
v -0.250857 -1.216403 -3.621908
v -0.000857 -1.216403 -3.621908
v -0.250857 -1.154434 -3.834013
v -0.000857 -1.154434 -3.834013
v -0.250856 -0.646859 -3.621908
v -0.000856 -0.646859 -3.621908
v -0.250856 -0.708828 -3.834013
v -0.000856 -0.708828 -3.834013
v -0.250856 -0.181631 -4.087136
v -0.000856 -0.181631 -4.087136
v -0.250856 -0.393736 -4.149105
v -0.000856 -0.393736 -4.149105
v -0.250857 -1.681631 -4.656681
v -0.250856 -1.469526 -4.594712
v -0.250856 -1.216403 -5.121909
v -0.250856 -1.154434 -4.909803
v -0.250856 -0.646859 -5.121909
v -0.250856 -0.708828 -4.909803
v -0.250856 -0.181631 -4.656680
v -0.250856 -0.393736 -4.594712
v -0.250856 -0.181631 -4.087136
v -0.250856 -0.393736 -4.149105
v -0.250856 -0.646859 -3.621908
v -0.250856 -0.708828 -3.834013
v -0.250857 -1.216403 -3.621908
v -0.250857 -1.154434 -3.834013
v -0.250857 -1.681631 -4.087136
v -0.250857 -1.469526 -4.149105
v -0.000856 -0.681631 -4.621909
v -0.000856 -1.181631 -4.621909
v -0.250856 -0.681631 -4.621909
v -0.250856 -1.181631 -4.621909
v -0.000856 -0.681631 -4.121908
v -0.000856 -1.181631 -4.121908
v -0.250856 -0.681631 -4.121908
v -0.250856 -1.181631 -4.121908
v -0.125856 -1.494131 -4.621909
v -0.125856 -1.181631 -4.934409
v -0.125857 -1.494131 -4.121908
v -0.125857 -1.181631 -3.809408
v -0.125856 -0.681631 -4.934409
v -0.125856 -1.181631 -4.934409
v -0.125856 -0.681631 -3.809408
v -0.125857 -1.181631 -3.809408
v -0.125856 -0.369131 -4.621909
v -0.125856 -0.681631 -4.934409
v -0.125856 -0.369131 -4.121908
v -0.125856 -0.681631 -3.809408
v -0.132106 -0.369131 -4.621909
v -0.132106 -0.681631 -4.934409
v -0.132106 -0.369131 -4.121908
v -0.132106 -0.681631 -3.809408
v -0.132106 -1.181631 -4.934409
v -0.132106 -0.681631 -4.934409
v -0.132107 -1.181631 -3.809408
v -0.132106 -0.681631 -3.809408
v -0.132106 -1.494131 -4.621909
v -0.132106 -1.181631 -4.934409
v -0.132106 -1.494131 -4.121908
v -0.132107 -1.181631 -3.809408
v -0.000856 0.005869 -4.246908
v -0.000856 0.005869 -4.121908
v -0.250856 0.005869 -4.246908
v -0.250856 0.005869 -4.121908
v -0.000856 -0.181631 -4.278158
v -0.000856 -0.181631 -4.090658
v -0.250856 -0.181631 -4.278158
v -0.250856 -0.181631 -4.090658
v -0.000856 0.005869 -4.621908
v -0.000856 0.005869 -4.496908
v -0.250856 0.005869 -4.621908
v -0.250856 0.005869 -4.496908
v -0.000856 -0.181631 -4.653158
v -0.000856 -0.181631 -4.465658
v -0.250856 -0.181631 -4.653158
v -0.250856 -0.181631 -4.465658
v -0.000856 -0.806631 -5.309409
v -0.000856 -0.681631 -5.309409
v -0.250856 -0.806631 -5.309409
v -0.250856 -0.681631 -5.309409
v -0.000856 -0.837881 -5.121909
v -0.000856 -0.650381 -5.121909
v -0.250856 -0.837881 -5.121909
v -0.250856 -0.650381 -5.121909
v -0.000856 -1.181631 -5.309409
v -0.000856 -1.056631 -5.309409
v -0.250856 -1.181631 -5.309409
v -0.250856 -1.056631 -5.309409
v -0.000856 -1.212881 -5.121909
v -0.000856 -1.025381 -5.121909
v -0.250856 -1.212881 -5.121909
v -0.250856 -1.025381 -5.121909
v -0.000856 -0.806631 -3.434408
v -0.000856 -0.681631 -3.434408
v -0.250856 -0.806631 -3.434408
v -0.250856 -0.681631 -3.434408
v -0.000856 -0.837881 -3.621908
v -0.000856 -0.650381 -3.621908
v -0.250856 -0.837881 -3.621908
v -0.250856 -0.650381 -3.621908
v -0.000857 -1.181631 -3.434408
v -0.000857 -1.056631 -3.434408
v -0.250857 -1.181631 -3.434408
v -0.250857 -1.056631 -3.434408
v -0.000857 -1.212881 -3.621908
v -0.000857 -1.025381 -3.621908
v -0.250857 -1.212881 -3.621908
v -0.250857 -1.025381 -3.621908
v -0.000857 -1.869131 -4.246908
v -0.000857 -1.869131 -4.121908
v -0.250857 -1.869131 -4.246908
v -0.250857 -1.869131 -4.121908
v -0.000857 -1.681631 -4.278158
v -0.000857 -1.681631 -4.090658
v -0.250857 -1.681631 -4.278158
v -0.250857 -1.681631 -4.090658
v -0.000857 -1.869131 -4.621909
v -0.000857 -1.869131 -4.496909
v -0.250857 -1.869131 -4.621909
v -0.250857 -1.869131 -4.496909
v -0.000857 -1.681631 -4.653159
v -0.000857 -1.681631 -4.465659
v -0.250857 -1.681631 -4.653159
v -0.250857 -1.681631 -4.465659
v -0.000857 -1.495432 -3.638957
v -0.000857 -1.407044 -3.550569
v -0.250857 -1.495432 -3.638957
v -0.250857 -1.407044 -3.550569
v -0.000857 -1.384947 -3.793637
v -0.000857 -1.252364 -3.661054
v -0.250857 -1.384947 -3.793637
v -0.250857 -1.252364 -3.661054
v -0.000856 -1.760597 -3.904122
v -0.000857 -1.672209 -3.815734
v -0.250857 -1.760597 -3.904122
v -0.250857 -1.672209 -3.815734
v -0.000857 -1.650112 -4.058803
v -0.000857 -1.517529 -3.926220
v -0.250857 -1.650112 -4.058803
v -0.250857 -1.517529 -3.926220
v -0.000856 -0.367830 -3.638957
v -0.000856 -0.456218 -3.550569
v -0.250856 -0.367830 -3.638957
v -0.250856 -0.456218 -3.550569
v -0.000856 -0.478315 -3.793637
v -0.000856 -0.610898 -3.661054
v -0.250856 -0.478315 -3.793637
v -0.250856 -0.610898 -3.661054
v -0.000856 -0.102665 -3.904123
v -0.000856 -0.191053 -3.815734
v -0.250856 -0.102665 -3.904123
v -0.250856 -0.191053 -3.815734
v -0.000856 -0.213151 -4.058803
v -0.000856 -0.345733 -3.926220
v -0.250856 -0.213150 -4.058803
v -0.250856 -0.345733 -3.926220
v -0.000856 -0.367830 -5.104859
v -0.000856 -0.456218 -5.193247
v -0.250856 -0.367830 -5.104859
v -0.250856 -0.456218 -5.193247
v -0.000856 -0.478315 -4.950180
v -0.000856 -0.610898 -5.082762
v -0.250856 -0.478315 -4.950180
v -0.250856 -0.610898 -5.082762
v -0.000856 -0.102665 -4.839693
v -0.000856 -0.191053 -4.928082
v -0.250856 -0.102665 -4.839693
v -0.250856 -0.191053 -4.928082
v -0.000856 -0.213151 -4.685014
v -0.000856 -0.345733 -4.817597
v -0.250856 -0.213151 -4.685014
v -0.250856 -0.345733 -4.817597
v -0.000856 -1.495432 -5.104859
v -0.000856 -1.407044 -5.193247
v -0.250856 -1.495432 -5.104859
v -0.250856 -1.407044 -5.193247
v -0.000856 -1.384947 -4.950180
v -0.000856 -1.252364 -5.082762
v -0.250856 -1.384947 -4.950180
v -0.250856 -1.252364 -5.082762
v -0.000857 -1.760597 -4.839694
v -0.000856 -1.672209 -4.928082
v -0.250857 -1.760597 -4.839694
v -0.250856 -1.672209 -4.928082
v -0.000857 -1.650112 -4.685014
v -0.000856 -1.517529 -4.817597
v -0.250857 -1.650112 -4.685014
v -0.250856 -1.517529 -4.817597
v 1.249144 -0.181631 -4.434408
v 1.499144 -0.181631 -4.434408
v 1.249144 -0.681631 -4.434408
v 1.499144 -0.681631 -4.434408
v 1.249144 -0.181631 -3.684408
v 1.499144 -0.181631 -3.684408
v 1.249144 -0.681631 -3.684408
v 1.499144 -0.681631 -3.684408
v 1.249144 -0.681631 -4.434408
v 1.499144 -0.681631 -4.434408
v 1.249144 -1.431631 -4.434408
v 1.499144 -1.431631 -4.434408
v 1.249144 -0.681631 -3.684408
v 1.499144 -0.681631 -3.684408
v 1.249143 -1.431631 -4.309408
v 1.499143 -1.431631 -4.309408
v 1.249144 -0.181631 -6.559409
v 1.499143 -0.181631 -6.559409
v 1.249144 -1.431631 -6.559409
v 1.499143 -1.431631 -6.559409
v 1.249144 -0.181631 -4.434408
v 1.499144 -0.181631 -4.434408
v 1.249144 -1.431631 -4.434408
v 1.499144 -1.431631 -4.434408
v 1.249144 -0.181631 -6.559409
v 1.499143 -0.181631 -6.559409
v 1.249144 -0.681631 -6.559409
v 1.499143 -0.681631 -6.559409
v 1.249143 -0.181631 -7.309409
v 1.499143 -0.181631 -7.309409
v 1.249143 -0.681631 -7.309409
v 1.499143 -0.681631 -7.309409
v 1.249144 -0.681631 -6.559409
v 1.499143 -0.681631 -6.559409
v 1.249144 -1.431631 -6.559409
v 1.499143 -1.431631 -6.559409
v 1.249143 -0.681631 -7.309409
v 1.499143 -0.681631 -7.309409
v 1.249143 -1.431631 -6.684409
v 1.499143 -1.431631 -6.684409
v -0.500856 -0.181631 -4.434408
v -0.250856 -0.181631 -4.434408
v -0.500856 -0.681631 -4.434409
v -0.250856 -0.681631 -4.434409
v -0.500856 -0.181631 -3.684408
v -0.250856 -0.181631 -3.684408
v -0.500856 -0.681631 -3.684408
v -0.250856 -0.681631 -3.684408
v -0.500856 -0.681631 -4.434409
v -0.250856 -0.681631 -4.434409
v -0.500856 -1.431631 -4.434409
v -0.250856 -1.431631 -4.434409
v -0.500856 -0.681631 -3.684408
v -0.250856 -0.681631 -3.684408
v -0.500856 -1.431631 -4.309408
v -0.250857 -1.431631 -4.309408
v -0.500856 -0.181631 -6.559409
v -0.250856 -0.181631 -6.559409
v -0.500856 -1.431631 -6.559409
v -0.250856 -1.431631 -6.559409
v -0.500856 -0.181631 -4.434408
v -0.250856 -0.181631 -4.434408
v -0.500856 -1.431631 -4.434409
v -0.250856 -1.431631 -4.434409
v -0.500856 -0.181631 -6.559409
v -0.250856 -0.181631 -6.559409
v -0.500856 -0.681631 -6.559409
v -0.250856 -0.681631 -6.559409
v -0.500856 -0.181631 -7.309409
v -0.250856 -0.181631 -7.309409
v -0.500856 -0.681631 -7.309409
v -0.250856 -0.681631 -7.309409
v -0.500856 -0.681631 -6.559409
v -0.250856 -0.681631 -6.559409
v -0.500856 -1.431631 -6.559409
v -0.250856 -1.431631 -6.559409
v -0.500856 -0.681631 -7.309409
v -0.250856 -0.681631 -7.309409
v -0.500856 -1.431631 -6.684409
v -0.250856 -1.431631 -6.684409
v -0.000856 -0.181631 -5.996908
v 0.999144 -0.181631 -5.996908
v -0.000856 -0.681631 -5.996909
v 0.999144 -0.681631 -5.996908
v -0.000856 -0.181631 -7.309409
v 0.999143 -0.181631 -7.309409
v -0.000856 -0.681631 -7.309409
v 0.999143 -0.681631 -7.309409
v -0.000856 -0.681631 -5.996909
v 0.999144 -0.681631 -5.996908
v -0.000856 -1.431631 -5.996909
v 0.999144 -1.431631 -5.996908
v -0.000856 -0.681631 -7.309409
v 0.999143 -0.681631 -7.309409
v -0.000856 -1.431631 -6.684409
v 0.999144 -1.431631 -6.684409
v -0.000856 -0.181631 -4.996908
v 0.999144 -0.181631 -4.996908
v -0.000856 -0.681631 -4.996909
v 0.999144 -0.681631 -4.996908
v -0.000856 -0.181631 -3.684408
v 0.999144 -0.181631 -3.684408
v -0.000856 -0.681631 -3.684408
v 0.999144 -0.681631 -3.684408
v -0.000856 -0.681631 -4.996909
v 0.999144 -0.681631 -4.996908
v -0.000856 -1.431631 -4.996909
v 0.999144 -1.431631 -4.996908
v -0.000856 -0.681631 -3.684408
v 0.999144 -0.681631 -3.684408
v -0.000857 -1.431631 -4.309408
v 0.999143 -1.431631 -4.309408
v -1.195400 -0.244131 -3.054966
v -0.488293 -0.244131 -3.762073
v -1.195400 -1.119131 -3.054966
v -0.488293 -1.119131 -3.762073
v -1.902507 -0.244131 -3.762073
v -0.488293 -0.244131 -5.176287
v -1.902507 -1.119131 -3.762073
v -0.488293 -1.119131 -5.176287
v -0.488356 -0.244131 -5.184408
v -0.488356 -0.244131 -5.184408
v -0.488356 -1.119131 -5.184409
v -0.488356 -1.119131 -5.184409
v -0.488356 -0.244131 -3.759408
v -0.488356 -0.244131 -3.759408
v -0.488356 -1.119131 -3.759408
v -0.488356 -1.119131 -3.759408
v 0.999143 -3.994131 1.003092
v 0.999143 -3.994131 0.003092
v 0.999143 -5.994131 1.003092
v 0.999143 -5.994131 0.003092
v -0.000857 -3.994131 1.003092
v -0.000857 -3.994131 0.003092
v -0.000857 -5.994131 1.003092
v -0.000857 -5.994130 0.003092
v 0.811643 -3.994131 0.815592
v 0.811643 -3.994131 0.190592
v 0.811643 -5.994131 0.815592
v 0.811643 -5.994131 0.190592
v 0.186643 -3.994131 0.815592
v 0.186643 -3.994131 0.190592
v 0.186643 -5.994131 0.815592
v 0.186643 -5.994130 0.190592
v 0.999143 -1.994131 1.003092
v 0.999143 -1.994131 0.003092
v 0.999143 -3.994131 1.003092
v 0.999143 -3.994131 0.003092
v -0.000857 -1.994131 1.003092
v -0.000857 -1.994131 0.003092
v -0.000857 -3.994131 1.003092
v -0.000857 -3.994131 0.003092
v 0.811643 -1.994131 0.815592
v 0.811643 -1.994131 0.190592
v 0.811643 -3.994131 0.815592
v 0.811643 -3.994131 0.190592
v 0.186643 -1.994131 0.815592
v 0.186643 -1.994131 0.190592
v 0.186643 -3.994131 0.815592
v 0.186643 -3.994131 0.190592
v 0.999144 2.005869 1.003092
v 0.999144 2.005869 0.003092
v 0.999143 0.005869 1.003092
v 0.999143 0.005869 0.003092
v -0.000856 2.005869 1.003092
v -0.000856 2.005869 0.003092
v -0.000857 0.005869 1.003092
v -0.000857 0.005869 0.003092
v 0.811644 2.005869 0.815592
v 0.811644 2.005869 0.190592
v 0.811643 0.005869 0.815592
v 0.811643 0.005869 0.190592
v 0.186644 2.005869 0.815592
v 0.186644 2.005869 0.190592
v 0.186643 0.005869 0.815592
v 0.186643 0.005869 0.190592
v 0.999144 4.005868 1.003092
v 0.999144 4.005868 0.003092
v 0.999144 2.005869 1.003092
v 0.999144 2.005869 0.003092
v -0.000856 4.005868 1.003092
v -0.000856 4.005869 0.003092
v -0.000856 2.005869 1.003092
v -0.000856 2.005869 0.003092
v 0.811644 3.999618 0.815592
v 0.811644 3.999618 0.190592
v 0.811644 2.005869 0.815592
v 0.811644 2.005869 0.190592
v 0.186644 3.999618 0.815592
v 0.186644 3.999619 0.190592
v 0.186644 2.005869 0.815592
v 0.186644 2.005869 0.190592
v 0.999143 0.005869 1.003092
v 0.999143 0.005869 0.003092
v 0.999143 -1.994131 1.003092
v 0.999143 -1.994131 0.003092
v -0.000857 0.005869 1.003092
v -0.000857 0.005869 0.003092
v -0.000857 -1.994131 1.003092
v -0.000857 -1.994131 0.003092
v 0.811643 0.005869 0.815592
v 0.811643 0.005869 0.190592
v 0.811643 -1.994131 0.815592
v 0.811643 -1.994131 0.190592
v 0.186643 0.005869 0.815592
v 0.186643 0.005869 0.190592
v 0.186643 -1.994131 0.815592
v 0.186643 -1.994131 0.190592
v 0.999144 4.005868 1.003092
v 0.999144 4.005868 0.003092
v 0.999144 4.005868 1.003092
v 0.999144 4.005868 0.003092
v -0.000856 4.005868 1.003092
v -0.000856 4.005869 0.003092
v -0.000856 4.005868 1.003092
v -0.000856 4.005869 0.003092
v 1.249143 -1.994131 0.628092
v 1.249143 -1.994131 0.378092
v 1.249143 -3.994131 0.628092
v 1.249143 -3.994131 0.378092
v 0.999143 -1.994131 0.628092
v 0.999143 -1.994131 0.378092
v 0.999143 -3.994131 0.628092
v 0.999143 -3.994131 0.378092
v 1.249143 0.005869 0.628092
v 1.249143 0.005869 0.378092
v 1.249143 -1.994131 0.628092
v 1.249143 -1.994131 0.378092
v 0.999143 0.005869 0.628092
v 0.999143 0.005869 0.378092
v 0.999143 -1.994131 0.628092
v 0.999143 -1.994131 0.378092
v 1.249143 -3.994131 0.628092
v 1.249143 -3.994131 0.378092
v 1.249143 -5.994131 0.628092
v 1.249143 -5.994131 0.378092
v 0.999143 -3.994131 0.628092
v 0.999143 -3.994131 0.378092
v 0.999143 -5.994131 0.628092
v 0.999143 -5.994131 0.378092
v 1.249143 -2.431631 0.190592
v 1.249143 -2.556631 0.190592
v 0.999143 -2.431631 0.190592
v 0.999143 -2.556631 0.190592
v 1.249143 -2.400381 0.378092
v 1.249143 -2.587881 0.378092
v 0.999143 -2.400381 0.378092
v 0.999143 -2.587881 0.378092
v 1.249143 -2.056631 0.190592
v 1.249143 -2.181631 0.190592
v 0.999143 -2.056631 0.190592
v 0.999143 -2.181631 0.190592
v 1.249143 -2.025381 0.378092
v 1.249143 -2.212881 0.378092
v 0.999143 -2.025381 0.378092
v 0.999143 -2.212881 0.378092
v 1.249143 -3.181631 0.190592
v 1.249143 -3.306631 0.190592
v 0.999143 -3.181631 0.190592
v 0.999143 -3.306631 0.190592
v 1.249143 -3.150381 0.378092
v 1.249143 -3.337881 0.378092
v 0.999143 -3.150381 0.378092
v 0.999143 -3.337881 0.378092
v 1.249143 -2.806631 0.190592
v 1.249143 -2.931631 0.190592
v 0.999143 -2.806631 0.190592
v 0.999143 -2.931631 0.190592
v 1.249143 -2.775381 0.378092
v 1.249143 -2.962881 0.378092
v 0.999143 -2.775381 0.378092
v 0.999143 -2.962881 0.378092
v 1.249143 -3.556631 0.190592
v 1.249143 -3.681631 0.190592
v 0.999143 -3.556631 0.190592
v 0.999143 -3.681631 0.190592
v 1.249143 -3.525381 0.378092
v 1.249143 -3.712881 0.378092
v 0.999143 -3.525381 0.378092
v 0.999143 -3.712881 0.378092
v 1.249143 -4.306631 0.190592
v 1.249143 -4.431631 0.190592
v 0.999143 -4.306631 0.190592
v 0.999143 -4.431631 0.190592
v 1.249143 -4.275381 0.378092
v 1.249143 -4.462881 0.378092
v 0.999143 -4.275381 0.378092
v 0.999143 -4.462881 0.378092
v 1.249143 -3.931631 0.190592
v 1.249143 -4.056631 0.190592
v 0.999143 -3.931631 0.190592
v 0.999143 -4.056631 0.190592
v 1.249143 -3.900381 0.378092
v 1.249143 -4.087881 0.378092
v 0.999143 -3.900381 0.378092
v 0.999143 -4.087881 0.378092
v 1.249143 -5.056631 0.190592
v 1.249143 -5.181631 0.190592
v 0.999143 -5.056631 0.190592
v 0.999143 -5.181631 0.190592
v 1.249143 -5.025381 0.378092
v 1.249143 -5.212881 0.378092
v 0.999143 -5.025381 0.378092
v 0.999143 -5.212881 0.378092
v 1.249143 -4.681631 0.190592
v 1.249143 -4.806631 0.190592
v 0.999143 -4.681631 0.190592
v 0.999143 -4.806631 0.190592
v 1.249143 -4.650381 0.378092
v 1.249143 -4.837881 0.378092
v 0.999143 -4.650381 0.378092
v 0.999143 -4.837881 0.378092
v 1.249143 -5.431631 0.190592
v 1.249143 -5.556631 0.190592
v 0.999143 -5.431631 0.190592
v 0.999143 -5.556631 0.190592
v 1.249143 -5.400381 0.378092
v 1.249143 -5.587881 0.378092
v 0.999143 -5.400381 0.378092
v 0.999143 -5.587881 0.378092
v 1.249143 -0.556631 0.190592
v 1.249143 -0.681631 0.190592
v 0.999143 -0.556631 0.190592
v 0.999143 -0.681631 0.190592
v 1.249143 -0.525381 0.378092
v 1.249143 -0.712881 0.378092
v 0.999143 -0.525381 0.378092
v 0.999143 -0.712881 0.378092
v 1.249143 -0.181631 0.190592
v 1.249143 -0.306631 0.190592
v 0.999143 -0.181631 0.190592
v 0.999143 -0.306631 0.190592
v 1.249143 -0.150381 0.378092
v 1.249143 -0.337881 0.378092
v 0.999143 -0.150381 0.378092
v 0.999143 -0.337881 0.378092
v 1.249143 -1.306631 0.190592
v 1.249143 -1.431631 0.190592
v 0.999143 -1.306631 0.190592
v 0.999143 -1.431631 0.190592
v 1.249143 -1.275381 0.378092
v 1.249143 -1.462881 0.378092
v 0.999143 -1.275381 0.378092
v 0.999143 -1.462881 0.378092
v 1.249143 -0.931631 0.190592
v 1.249143 -1.056631 0.190592
v 0.999143 -0.931631 0.190592
v 0.999143 -1.056631 0.190592
v 1.249143 -0.900381 0.378092
v 1.249143 -1.087881 0.378092
v 0.999143 -0.900381 0.378092
v 0.999143 -1.087881 0.378092
v 1.249143 -1.681631 0.190592
v 1.249143 -1.806631 0.190592
v 0.999143 -1.681631 0.190592
v 0.999143 -1.806631 0.190592
v 1.249143 -1.650381 0.378092
v 1.249143 -1.837881 0.378092
v 0.999143 -1.650381 0.378092
v 0.999143 -1.837881 0.378092
v 1.249143 -0.556631 0.815592
v 1.249143 -0.681631 0.815592
v 0.999143 -0.556631 0.815592
v 0.999143 -0.681631 0.815592
v 1.249143 -0.525381 0.628092
v 1.249143 -0.712881 0.628092
v 0.999143 -0.525381 0.628092
v 0.999143 -0.712881 0.628092
v 1.249143 -0.181631 0.815592
v 1.249143 -0.306631 0.815592
v 0.999143 -0.181631 0.815592
v 0.999143 -0.306631 0.815592
v 1.249143 -0.150381 0.628092
v 1.249143 -0.337881 0.628092
v 0.999143 -0.150381 0.628092
v 0.999143 -0.337881 0.628092
v 1.249143 -1.306631 0.815592
v 1.249143 -1.431631 0.815592
v 0.999143 -1.306631 0.815592
v 0.999143 -1.431631 0.815592
v 1.249143 -1.275381 0.628092
v 1.249143 -1.462881 0.628092
v 0.999143 -1.275381 0.628092
v 0.999143 -1.462881 0.628092
v 1.249143 -0.931631 0.815592
v 1.249143 -1.056631 0.815592
v 0.999143 -0.931631 0.815592
v 0.999143 -1.056631 0.815592
v 1.249143 -0.900381 0.628092
v 1.249143 -1.087881 0.628092
v 0.999143 -0.900381 0.628092
v 0.999143 -1.087881 0.628092
v 1.249143 -1.681631 0.815592
v 1.249143 -1.806631 0.815592
v 0.999143 -1.681631 0.815592
v 0.999143 -1.806631 0.815592
v 1.249143 -1.650381 0.628092
v 1.249143 -1.837881 0.628092
v 0.999143 -1.650381 0.628092
v 0.999143 -1.837881 0.628092
v 1.249143 -2.431631 0.815592
v 1.249143 -2.556631 0.815592
v 0.999143 -2.431631 0.815592
v 0.999143 -2.556631 0.815592
v 1.249143 -2.400381 0.628092
v 1.249143 -2.587881 0.628092
v 0.999143 -2.400381 0.628092
v 0.999143 -2.587881 0.628092
v 1.249143 -2.056631 0.815592
v 1.249143 -2.181631 0.815592
v 0.999143 -2.056631 0.815592
v 0.999143 -2.181631 0.815592
v 1.249143 -2.025381 0.628092
v 1.249143 -2.212881 0.628092
v 0.999143 -2.025381 0.628092
v 0.999143 -2.212881 0.628092
v 1.249143 -3.181631 0.815592
v 1.249143 -3.306631 0.815592
v 0.999143 -3.181631 0.815592
v 0.999143 -3.306631 0.815592
v 1.249143 -3.150381 0.628092
v 1.249143 -3.337881 0.628092
v 0.999143 -3.150381 0.628092
v 0.999143 -3.337881 0.628092
v 1.249143 -2.806631 0.815592
v 1.249143 -2.931631 0.815592
v 0.999143 -2.806631 0.815592
v 0.999143 -2.931631 0.815592
v 1.249143 -2.775381 0.628092
v 1.249143 -2.962881 0.628092
v 0.999143 -2.775381 0.628092
v 0.999143 -2.962881 0.628092
v 1.249143 -3.556631 0.815592
v 1.249143 -3.681631 0.815592
v 0.999143 -3.556631 0.815592
v 0.999143 -3.681631 0.815592
v 1.249143 -3.525381 0.628092
v 1.249143 -3.712881 0.628092
v 0.999143 -3.525381 0.628092
v 0.999143 -3.712881 0.628092
v 1.249143 -4.306631 0.815592
v 1.249143 -4.431631 0.815592
v 0.999143 -4.306631 0.815592
v 0.999143 -4.431631 0.815592
v 1.249143 -4.275381 0.628092
v 1.249143 -4.462881 0.628092
v 0.999143 -4.275381 0.628092
v 0.999143 -4.462881 0.628092
v 1.249143 -3.931631 0.815592
v 1.249143 -4.056631 0.815592
v 0.999143 -3.931631 0.815592
v 0.999143 -4.056631 0.815592
v 1.249143 -3.900381 0.628092
v 1.249143 -4.087881 0.628092
v 0.999143 -3.900381 0.628092
v 0.999143 -4.087881 0.628092
v 1.249143 -5.056631 0.815592
v 1.249143 -5.181631 0.815592
v 0.999143 -5.056631 0.815592
v 0.999143 -5.181631 0.815592
v 1.249143 -5.025381 0.628092
v 1.249143 -5.212881 0.628092
v 0.999143 -5.025381 0.628092
v 0.999143 -5.212881 0.628092
v 1.249143 -4.681631 0.815592
v 1.249143 -4.806631 0.815592
v 0.999143 -4.681631 0.815592
v 0.999143 -4.806631 0.815592
v 1.249143 -4.650381 0.628092
v 1.249143 -4.837881 0.628092
v 0.999143 -4.650381 0.628092
v 0.999143 -4.837881 0.628092
v 1.249143 -5.431631 0.815592
v 1.249143 -5.556631 0.815592
v 0.999143 -5.431631 0.815592
v 0.999143 -5.556631 0.815592
v 1.249143 -5.400381 0.628092
v 1.249143 -5.587881 0.628092
v 0.999143 -5.400381 0.628092
v 0.999143 -5.587881 0.628092
v -0.000857 -1.994131 0.628092
v -0.000857 -1.994131 0.378092
v -0.000857 -3.994131 0.628092
v -0.000857 -3.994131 0.378092
v -0.250857 -1.994131 0.628092
v -0.250857 -1.994131 0.378092
v -0.250857 -3.994131 0.628092
v -0.250857 -3.994131 0.378092
v -0.000857 0.005869 0.628092
v -0.000857 0.005869 0.378092
v -0.000857 -1.994131 0.628092
v -0.000857 -1.994131 0.378092
v -0.250857 0.005869 0.628092
v -0.250857 0.005869 0.378092
v -0.250857 -1.994131 0.628092
v -0.250857 -1.994131 0.378092
v -0.000857 -3.994131 0.628092
v -0.000857 -3.994131 0.378092
v -0.000857 -5.994130 0.628092
v -0.000857 -5.994130 0.378092
v -0.250857 -3.994131 0.628092
v -0.250857 -3.994131 0.378092
v -0.250857 -5.994130 0.628092
v -0.250857 -5.994130 0.378092
v -0.000857 -2.431631 0.190592
v -0.000857 -2.556631 0.190592
v -0.250857 -2.431631 0.190592
v -0.250857 -2.556631 0.190592
v -0.000857 -2.400381 0.378092
v -0.000857 -2.587881 0.378092
v -0.250857 -2.400381 0.378092
v -0.250857 -2.587881 0.378092
v -0.000857 -2.056631 0.190592
v -0.000857 -2.181631 0.190592
v -0.250857 -2.056631 0.190592
v -0.250857 -2.181631 0.190592
v -0.000857 -2.025381 0.378092
v -0.000857 -2.212881 0.378092
v -0.250857 -2.025381 0.378092
v -0.250857 -2.212881 0.378092
v -0.000857 -3.181631 0.190592
v -0.000857 -3.306631 0.190592
v -0.250857 -3.181631 0.190592
v -0.250857 -3.306631 0.190592
v -0.000857 -3.150381 0.378092
v -0.000857 -3.337881 0.378092
v -0.250857 -3.150381 0.378092
v -0.250857 -3.337881 0.378092
v -0.000857 -2.806631 0.190592
v -0.000857 -2.931631 0.190592
v -0.250857 -2.806631 0.190592
v -0.250857 -2.931631 0.190592
v -0.000857 -2.775381 0.378092
v -0.000857 -2.962881 0.378092
v -0.250857 -2.775381 0.378092
v -0.250857 -2.962881 0.378092
v -0.000857 -3.556631 0.190592
v -0.000857 -3.681631 0.190592
v -0.250857 -3.556631 0.190592
v -0.250857 -3.681631 0.190592
v -0.000857 -3.525381 0.378092
v -0.000857 -3.712881 0.378092
v -0.250857 -3.525381 0.378092
v -0.250857 -3.712881 0.378092
v -0.000857 -4.306631 0.190592
v -0.000857 -4.431631 0.190592
v -0.250857 -4.306631 0.190592
v -0.250857 -4.431631 0.190592
v -0.000857 -4.275381 0.378092
v -0.000857 -4.462881 0.378092
v -0.250857 -4.275381 0.378092
v -0.250857 -4.462881 0.378092
v -0.000857 -3.931631 0.190592
v -0.000857 -4.056631 0.190592
v -0.250857 -3.931631 0.190592
v -0.250857 -4.056631 0.190592
v -0.000857 -3.900381 0.378092
v -0.000857 -4.087881 0.378092
v -0.250857 -3.900381 0.378092
v -0.250857 -4.087881 0.378092
v -0.000857 -5.056631 0.190592
v -0.000857 -5.181631 0.190592
v -0.250857 -5.056631 0.190592
v -0.250857 -5.181631 0.190592
v -0.000857 -5.025381 0.378092
v -0.000857 -5.212881 0.378092
v -0.250857 -5.025381 0.378092
v -0.250857 -5.212881 0.378092
v -0.000857 -4.681631 0.190592
v -0.000857 -4.806631 0.190592
v -0.250857 -4.681631 0.190592
v -0.250857 -4.806631 0.190592
v -0.000857 -4.650381 0.378092
v -0.000857 -4.837881 0.378092
v -0.250857 -4.650381 0.378092
v -0.250857 -4.837881 0.378092
v -0.000857 -5.431631 0.190592
v -0.000857 -5.556631 0.190592
v -0.250857 -5.431631 0.190592
v -0.250857 -5.556631 0.190592
v -0.000857 -5.400381 0.378092
v -0.000857 -5.587881 0.378092
v -0.250857 -5.400381 0.378092
v -0.250857 -5.587881 0.378092
v -0.000857 -0.556631 0.190592
v -0.000857 -0.681631 0.190592
v -0.250857 -0.556631 0.190592
v -0.250857 -0.681631 0.190592
v -0.000857 -0.525381 0.378092
v -0.000857 -0.712881 0.378092
v -0.250857 -0.525381 0.378092
v -0.250857 -0.712881 0.378092
v -0.000857 -0.181631 0.190592
v -0.000857 -0.306631 0.190592
v -0.250857 -0.181631 0.190592
v -0.250857 -0.306631 0.190592
v -0.000857 -0.150381 0.378092
v -0.000857 -0.337881 0.378092
v -0.250857 -0.150381 0.378092
v -0.250857 -0.337881 0.378092
v -0.000857 -1.306631 0.190592
v -0.000857 -1.431631 0.190592
v -0.250857 -1.306631 0.190592
v -0.250857 -1.431631 0.190592
v -0.000857 -1.275381 0.378092
v -0.000857 -1.462881 0.378092
v -0.250857 -1.275381 0.378092
v -0.250857 -1.462881 0.378092
v -0.000857 -0.931631 0.190592
v -0.000857 -1.056631 0.190592
v -0.250857 -0.931631 0.190592
v -0.250857 -1.056631 0.190592
v -0.000857 -0.900381 0.378092
v -0.000857 -1.087881 0.378092
v -0.250857 -0.900381 0.378092
v -0.250857 -1.087881 0.378092
v -0.000857 -1.681631 0.190592
v -0.000857 -1.806631 0.190592
v -0.250857 -1.681631 0.190592
v -0.250857 -1.806631 0.190592
v -0.000857 -1.650381 0.378092
v -0.000857 -1.837881 0.378092
v -0.250857 -1.650381 0.378092
v -0.250857 -1.837881 0.378092
v -0.000857 -0.556631 0.815592
v -0.000857 -0.681631 0.815592
v -0.250857 -0.556631 0.815592
v -0.250857 -0.681631 0.815592
v -0.000857 -0.525381 0.628092
v -0.000857 -0.712881 0.628092
v -0.250857 -0.525381 0.628092
v -0.250857 -0.712881 0.628092
v -0.000857 -0.181631 0.815592
v -0.000857 -0.306631 0.815592
v -0.250857 -0.181631 0.815592
v -0.250857 -0.306631 0.815592
v -0.000857 -0.150381 0.628092
v -0.000857 -0.337881 0.628092
v -0.250857 -0.150381 0.628092
v -0.250857 -0.337881 0.628092
v -0.000857 -1.306631 0.815592
v -0.000857 -1.431631 0.815592
v -0.250857 -1.306631 0.815592
v -0.250857 -1.431631 0.815592
v -0.000857 -1.275381 0.628092
v -0.000857 -1.462881 0.628092
v -0.250857 -1.275381 0.628092
v -0.250857 -1.462881 0.628092
v -0.000857 -0.931631 0.815592
v -0.000857 -1.056631 0.815592
v -0.250857 -0.931631 0.815592
v -0.250857 -1.056631 0.815592
v -0.000857 -0.900381 0.628092
v -0.000857 -1.087881 0.628092
v -0.250857 -0.900381 0.628092
v -0.250857 -1.087881 0.628092
v -0.000857 -1.681631 0.815592
v -0.000857 -1.806631 0.815592
v -0.250857 -1.681631 0.815592
v -0.250857 -1.806631 0.815592
v -0.000857 -1.650381 0.628092
v -0.000857 -1.837881 0.628092
v -0.250857 -1.650381 0.628092
v -0.250857 -1.837881 0.628092
v -0.000857 -2.431631 0.815592
v -0.000857 -2.556631 0.815592
v -0.250857 -2.431631 0.815592
v -0.250857 -2.556631 0.815592
v -0.000857 -2.400381 0.628092
v -0.000857 -2.587881 0.628092
v -0.250857 -2.400381 0.628092
v -0.250857 -2.587881 0.628092
v -0.000857 -2.056631 0.815592
v -0.000857 -2.181631 0.815592
v -0.250857 -2.056631 0.815592
v -0.250857 -2.181631 0.815592
v -0.000857 -2.025381 0.628092
v -0.000857 -2.212881 0.628092
v -0.250857 -2.025381 0.628092
v -0.250857 -2.212881 0.628092
v -0.000857 -3.181631 0.815592
v -0.000857 -3.306631 0.815592
v -0.250857 -3.181631 0.815592
v -0.250857 -3.306631 0.815592
v -0.000857 -3.150381 0.628092
v -0.000857 -3.337881 0.628092
v -0.250857 -3.150381 0.628092
v -0.250857 -3.337881 0.628092
v -0.000857 -2.806631 0.815592
v -0.000857 -2.931631 0.815592
v -0.250857 -2.806631 0.815592
v -0.250857 -2.931631 0.815592
v -0.000857 -2.775381 0.628092
v -0.000857 -2.962881 0.628092
v -0.250857 -2.775381 0.628092
v -0.250857 -2.962881 0.628092
v -0.000857 -3.556631 0.815592
v -0.000857 -3.681631 0.815592
v -0.250857 -3.556631 0.815592
v -0.250857 -3.681631 0.815592
v -0.000857 -3.525381 0.628092
v -0.000857 -3.712881 0.628092
v -0.250857 -3.525381 0.628092
v -0.250857 -3.712881 0.628092
v -0.000857 -4.306631 0.815592
v -0.000857 -4.431631 0.815592
v -0.250857 -4.306631 0.815592
v -0.250857 -4.431631 0.815592
v -0.000857 -4.275381 0.628092
v -0.000857 -4.462881 0.628092
v -0.250857 -4.275381 0.628092
v -0.250857 -4.462881 0.628092
v -0.000857 -3.931631 0.815592
v -0.000857 -4.056631 0.815592
v -0.250857 -3.931631 0.815592
v -0.250857 -4.056631 0.815592
v -0.000857 -3.900381 0.628092
v -0.000857 -4.087881 0.628092
v -0.250857 -3.900381 0.628092
v -0.250857 -4.087881 0.628092
v -0.000857 -5.056631 0.815592
v -0.000857 -5.181631 0.815592
v -0.250857 -5.056631 0.815592
v -0.250857 -5.181631 0.815592
v -0.000857 -5.025381 0.628092
v -0.000857 -5.212881 0.628092
v -0.250857 -5.025381 0.628092
v -0.250857 -5.212881 0.628092
v -0.000857 -4.681631 0.815592
v -0.000857 -4.806631 0.815592
v -0.250857 -4.681631 0.815592
v -0.250857 -4.806631 0.815592
v -0.000857 -4.650381 0.628092
v -0.000857 -4.837881 0.628092
v -0.250857 -4.650381 0.628092
v -0.250857 -4.837881 0.628092
v -0.000857 -5.431631 0.815592
v -0.000857 -5.556631 0.815592
v -0.250857 -5.431631 0.815592
v -0.250857 -5.556631 0.815592
v -0.000857 -5.400381 0.628092
v -0.000857 -5.587881 0.628092
v -0.250857 -5.400381 0.628092
v -0.250857 -5.587881 0.628092
v -5.000857 -3.994130 1.003092
v -5.000857 -3.994130 0.003092
v -5.000857 -5.994131 1.003092
v -5.000857 -5.994130 0.003092
v -6.000857 -3.994130 1.003092
v -6.000857 -3.994130 0.003092
v -6.000857 -5.994130 1.003092
v -6.000857 -5.994130 0.003092
v -5.188357 -3.994130 0.815592
v -5.188357 -3.994130 0.190592
v -5.188357 -5.994131 0.815592
v -5.188357 -5.994130 0.190592
v -5.813357 -3.994130 0.815592
v -5.813357 -3.994130 0.190592
v -5.813357 -5.994130 0.815592
v -5.813357 -5.994130 0.190592
v -5.000857 -1.994130 1.003092
v -5.000857 -1.994131 0.003092
v -5.000857 -3.994130 1.003092
v -5.000857 -3.994130 0.003092
v -6.000857 -1.994130 1.003092
v -6.000857 -1.994131 0.003092
v -6.000857 -3.994130 1.003092
v -6.000857 -3.994130 0.003092
v -5.188357 -1.994130 0.815592
v -5.188357 -1.994131 0.190592
v -5.188357 -3.994130 0.815592
v -5.188357 -3.994130 0.190592
v -5.813357 -1.994130 0.815592
v -5.813357 -1.994131 0.190592
v -5.813357 -3.994130 0.815592
v -5.813357 -3.994130 0.190592
v -5.000856 2.005869 1.003092
v -5.000856 2.005869 0.003092
v -5.000857 0.005869 1.003092
v -5.000857 0.005869 0.003092
v -6.000856 2.005869 1.003092
v -6.000856 2.005869 0.003092
v -6.000857 0.005869 1.003092
v -6.000857 0.005869 0.003092
v -5.188356 2.005869 0.815592
v -5.188356 2.005869 0.190592
v -5.188357 0.005869 0.815592
v -5.188357 0.005869 0.190592
v -5.813356 2.005869 0.815592
v -5.813356 2.005869 0.190592
v -5.813357 0.005869 0.815592
v -5.813357 0.005869 0.190592
v -5.000856 4.005868 1.003092
v -5.000856 4.005869 0.003092
v -5.000856 2.005869 1.003092
v -5.000856 2.005869 0.003092
v -6.000856 4.005869 1.003092
v -6.000856 4.005869 0.003092
v -6.000856 2.005869 1.003092
v -6.000856 2.005869 0.003092
v -5.188356 3.999618 0.815592
v -5.188356 3.999619 0.190592
v -5.188356 2.005869 0.815592
v -5.188356 2.005869 0.190592
v -5.813356 3.999619 0.815592
v -5.813356 3.999619 0.190592
v -5.813356 2.005869 0.815592
v -5.813356 2.005869 0.190592
v -5.000857 0.005869 1.003092
v -5.000857 0.005869 0.003092
v -5.000857 -1.994130 1.003092
v -5.000857 -1.994131 0.003092
v -6.000857 0.005869 1.003092
v -6.000857 0.005869 0.003092
v -6.000857 -1.994130 1.003092
v -6.000857 -1.994131 0.003092
v -5.188357 0.005869 0.815592
v -5.188357 0.005869 0.190592
v -5.188357 -1.994130 0.815592
v -5.188357 -1.994131 0.190592
v -5.813357 0.005869 0.815592
v -5.813357 0.005869 0.190592
v -5.813357 -1.994130 0.815592
v -5.813357 -1.994131 0.190592
v -5.000856 4.005868 1.003092
v -5.000856 4.005869 0.003092
v -5.000856 4.005868 1.003092
v -5.000856 4.005869 0.003092
v -6.000856 4.005869 1.003092
v -6.000856 4.005869 0.003092
v -6.000856 4.005869 1.003092
v -6.000856 4.005869 0.003092
v -4.750857 -1.994131 0.628092
v -4.750857 -1.994131 0.378092
v -4.750857 -3.994130 0.628092
v -4.750857 -3.994130 0.378092
v -5.000857 -1.994131 0.628092
v -5.000857 -1.994131 0.378092
v -5.000857 -3.994130 0.628092
v -5.000857 -3.994130 0.378092
v -4.750857 0.005869 0.628092
v -4.750857 0.005869 0.378092
v -4.750857 -1.994131 0.628092
v -4.750857 -1.994131 0.378092
v -5.000857 0.005869 0.628092
v -5.000857 0.005869 0.378092
v -5.000857 -1.994131 0.628092
v -5.000857 -1.994131 0.378092
v -4.750857 -3.994130 0.628092
v -4.750857 -3.994130 0.378092
v -4.750857 -5.994130 0.628092
v -4.750857 -5.994130 0.378092
v -5.000857 -3.994130 0.628092
v -5.000857 -3.994130 0.378092
v -5.000857 -5.994130 0.628092
v -5.000857 -5.994130 0.378092
v -4.750857 -2.431631 0.190592
v -4.750857 -2.556631 0.190592
v -5.000857 -2.431631 0.190592
v -5.000857 -2.556631 0.190592
v -4.750857 -2.400381 0.378092
v -4.750857 -2.587881 0.378092
v -5.000857 -2.400381 0.378092
v -5.000857 -2.587881 0.378092
v -4.750857 -2.056631 0.190592
v -4.750857 -2.181631 0.190592
v -5.000857 -2.056631 0.190592
v -5.000857 -2.181631 0.190592
v -4.750857 -2.025381 0.378092
v -4.750857 -2.212881 0.378092
v -5.000857 -2.025381 0.378092
v -5.000857 -2.212881 0.378092
v -4.750857 -3.181631 0.190592
v -4.750857 -3.306631 0.190592
v -5.000857 -3.181631 0.190592
v -5.000857 -3.306631 0.190592
v -4.750857 -3.150381 0.378092
v -4.750857 -3.337881 0.378092
v -5.000857 -3.150381 0.378092
v -5.000857 -3.337881 0.378092
v -4.750857 -2.806631 0.190592
v -4.750857 -2.931631 0.190592
v -5.000857 -2.806631 0.190592
v -5.000857 -2.931631 0.190592
v -4.750857 -2.775381 0.378092
v -5.000857 -2.775381 0.378092
v -5.000857 -2.962881 0.378092
v -4.750857 -3.556631 0.190592
v -4.750857 -3.681631 0.190592
v -5.000857 -3.556631 0.190592
v -5.000857 -3.681631 0.190592
v -4.750857 -3.525381 0.378092
v -4.750857 -3.712881 0.378092
v -5.000857 -3.525381 0.378092
v -5.000857 -3.712881 0.378092
v -4.750857 -4.306630 0.190592
v -4.750857 -4.431630 0.190592
v -5.000857 -4.306630 0.190592
v -5.000857 -4.431630 0.190592
v -4.750857 -4.275380 0.378092
v -4.750857 -4.462880 0.378092
v -5.000857 -4.275380 0.378092
v -5.000857 -4.462880 0.378092
v -4.750857 -3.931630 0.190592
v -4.750857 -4.056630 0.190592
v -5.000857 -3.931630 0.190592
v -5.000857 -4.056630 0.190592
v -4.750857 -3.900380 0.378092
v -4.750857 -4.087880 0.378092
v -5.000857 -3.900380 0.378092
v -5.000857 -4.087880 0.378092
v -4.750857 -5.056630 0.190592
v -4.750857 -5.181630 0.190592
v -5.000857 -5.056630 0.190592
v -5.000857 -5.181630 0.190592
v -4.750857 -5.025380 0.378092
v -4.750857 -5.212880 0.378092
v -5.000857 -5.025380 0.378092
v -5.000857 -5.212880 0.378092
v -4.750857 -4.681630 0.190592
v -4.750857 -4.806630 0.190592
v -5.000857 -4.681630 0.190592
v -5.000857 -4.806630 0.190592
v -4.750857 -4.650380 0.378092
v -4.750857 -4.837880 0.378092
v -5.000857 -4.650380 0.378092
v -5.000857 -4.837880 0.378092
v -4.750857 -5.431630 0.190592
v -4.750857 -5.556630 0.190592
v -5.000857 -5.431630 0.190592
v -5.000857 -5.556630 0.190592
v -4.750857 -5.400380 0.378092
v -4.750857 -5.587880 0.378092
v -5.000857 -5.400380 0.378092
v -5.000857 -5.587880 0.378092
v -4.750857 -0.556631 0.190592
v -4.750857 -0.681631 0.190592
v -5.000857 -0.556631 0.190592
v -5.000857 -0.681631 0.190592
v -4.750857 -0.525381 0.378092
v -4.750857 -0.712881 0.378092
v -5.000857 -0.525381 0.378092
v -5.000857 -0.712881 0.378092
v -4.750857 -0.181631 0.190592
v -4.750857 -0.306631 0.190592
v -5.000857 -0.181631 0.190592
v -5.000857 -0.306631 0.190592
v -4.750857 -0.150381 0.378092
v -4.750857 -0.337881 0.378092
v -5.000857 -0.150381 0.378092
v -5.000857 -0.337881 0.378092
v -4.750857 -1.306631 0.190592
v -4.750857 -1.431631 0.190592
v -5.000857 -1.306631 0.190592
v -5.000857 -1.431631 0.190592
v -4.750857 -1.275381 0.378092
v -4.750857 -1.462881 0.378092
v -5.000857 -1.275381 0.378092
v -5.000857 -1.462881 0.378092
v -4.750857 -0.931631 0.190592
v -4.750857 -1.056631 0.190592
v -5.000857 -0.931631 0.190592
v -5.000857 -1.056631 0.190592
v -4.750857 -0.900381 0.378092
v -4.750857 -1.087881 0.378092
v -5.000857 -0.900381 0.378092
v -5.000857 -1.087881 0.378092
v -4.750857 -1.681631 0.190592
v -4.750857 -1.806631 0.190592
v -5.000857 -1.681631 0.190592
v -5.000857 -1.806631 0.190592
v -4.750857 -1.650381 0.378092
v -4.750857 -1.837881 0.378092
v -5.000857 -1.650381 0.378092
v -5.000857 -1.837881 0.378092
v -4.750857 -0.556631 0.815592
v -4.750857 -0.681631 0.815592
v -5.000857 -0.556631 0.815592
v -5.000857 -0.681631 0.815592
v -4.750857 -0.525381 0.628092
v -4.750857 -0.712881 0.628092
v -5.000857 -0.525381 0.628092
v -5.000857 -0.712881 0.628092
v -4.750857 -0.181631 0.815592
v -4.750857 -0.306631 0.815592
v -5.000857 -0.181631 0.815592
v -5.000857 -0.306631 0.815592
v -4.750857 -0.150381 0.628092
v -4.750857 -0.337881 0.628092
v -5.000857 -0.150381 0.628092
v -5.000857 -0.337881 0.628092
v -4.750857 -1.306631 0.815592
v -4.750857 -1.431631 0.815592
v -5.000857 -1.306631 0.815592
v -5.000857 -1.431631 0.815592
v -4.750857 -1.275381 0.628092
v -4.750857 -1.462881 0.628092
v -5.000857 -1.275381 0.628092
v -5.000857 -1.462881 0.628092
v -4.750857 -0.931631 0.815592
v -4.750857 -1.056631 0.815592
v -5.000857 -0.931631 0.815592
v -5.000857 -1.056631 0.815592
v -4.750857 -0.900381 0.628092
v -4.750857 -1.087881 0.628092
v -5.000857 -0.900381 0.628092
v -5.000857 -1.087881 0.628092
v -4.750857 -1.681631 0.815592
v -4.750857 -1.806631 0.815592
v -5.000857 -1.681630 0.815592
v -5.000857 -1.806630 0.815592
v -4.750857 -1.650381 0.628092
v -4.750857 -1.837881 0.628092
v -5.000857 -1.650381 0.628092
v -5.000857 -1.837881 0.628092
v -4.750857 -2.431631 0.815592
v -4.750857 -2.556631 0.815592
v -5.000857 -2.431631 0.815592
v -5.000857 -2.556631 0.815592
v -4.750857 -2.400381 0.628092
v -4.750857 -2.587881 0.628092
v -5.000857 -2.400381 0.628092
v -5.000857 -2.587881 0.628092
v -4.750857 -2.056631 0.815592
v -4.750857 -2.181631 0.815592
v -5.000857 -2.056631 0.815592
v -5.000857 -2.181631 0.815592
v -4.750857 -2.025381 0.628092
v -4.750857 -2.212881 0.628092
v -5.000857 -2.025381 0.628092
v -5.000857 -2.212881 0.628092
v -4.750857 -3.181631 0.815592
v -4.750857 -3.306631 0.815592
v -5.000857 -3.181631 0.815592
v -5.000857 -3.306631 0.815592
v -4.750857 -3.150381 0.628092
v -4.750857 -3.337881 0.628092
v -5.000857 -3.150381 0.628092
v -5.000857 -3.337881 0.628092
v -4.750857 -2.806631 0.815592
v -4.750857 -2.931631 0.815592
v -5.000857 -2.806631 0.815592
v -5.000857 -2.931631 0.815592
v -4.750857 -2.775381 0.628092
v -4.750857 -2.962881 0.628092
v -5.000857 -2.775381 0.628092
v -5.000857 -2.962881 0.628092
v -4.750857 -3.556631 0.815592
v -4.750857 -3.681631 0.815592
v -5.000857 -3.556631 0.815592
v -5.000857 -3.681631 0.815592
v -4.750857 -3.525381 0.628092
v -4.750857 -3.712881 0.628092
v -5.000857 -3.525381 0.628092
v -5.000857 -3.712881 0.628092
v -4.750857 -4.306630 0.815592
v -4.750857 -4.431630 0.815592
v -5.000857 -4.306630 0.815592
v -5.000857 -4.431630 0.815592
v -4.750857 -4.275380 0.628092
v -4.750857 -4.462880 0.628092
v -5.000857 -4.275380 0.628092
v -5.000857 -4.462880 0.628092
v -4.750857 -3.931630 0.815592
v -4.750857 -4.056630 0.815592
v -5.000857 -3.931630 0.815592
v -5.000857 -4.056630 0.815592
v -4.750857 -3.900380 0.628092
v -4.750857 -4.087880 0.628092
v -5.000857 -3.900380 0.628092
v -5.000857 -4.087880 0.628092
v -4.750857 -5.056630 0.815592
v -4.750857 -5.181630 0.815592
v -5.000857 -5.056630 0.815592
v -5.000857 -5.181630 0.815592
v -4.750857 -5.025380 0.628092
v -4.750857 -5.212880 0.628092
v -5.000857 -5.025380 0.628092
v -5.000857 -5.212880 0.628092
v -4.750857 -4.681630 0.815592
v -4.750857 -4.806630 0.815592
v -5.000857 -4.681630 0.815592
v -5.000857 -4.806630 0.815592
v -4.750857 -4.650380 0.628092
v -4.750857 -4.837880 0.628092
v -5.000857 -4.650380 0.628092
v -5.000857 -4.837880 0.628092
v -4.750857 -5.431630 0.815592
v -4.750857 -5.556630 0.815592
v -5.000857 -5.431630 0.815592
v -5.000857 -5.556630 0.815592
v -4.750857 -5.400380 0.628092
v -4.750857 -5.587880 0.628092
v -5.000857 -5.400380 0.628092
v -5.000857 -5.587880 0.628092
v -6.000857 -1.994131 0.628092
v -6.000857 -1.994131 0.378092
v -6.000857 -3.994130 0.628092
v -6.000857 -3.994130 0.378092
v -6.250857 -1.994131 0.628092
v -6.250857 -1.994131 0.378092
v -6.250857 -3.994130 0.628092
v -6.250857 -3.994130 0.378092
v -6.000857 0.005869 0.628092
v -6.000857 0.005869 0.378092
v -6.000857 -1.994131 0.628092
v -6.000857 -1.994131 0.378092
v -6.250857 0.005869 0.628092
v -6.250857 0.005869 0.378092
v -6.250857 -1.994131 0.628092
v -6.250857 -1.994131 0.378092
v -6.000857 -3.994130 0.628092
v -6.000857 -3.994130 0.378092
v -6.000857 -5.994130 0.628092
v -6.000857 -5.994130 0.378092
v -6.250857 -3.994130 0.628092
v -6.250857 -3.994130 0.378092
v -6.250857 -5.994130 0.628092
v -6.250857 -5.994130 0.378092
v -6.000857 -2.431631 0.190592
v -6.000857 -2.556631 0.190592
v -6.250857 -2.431630 0.190592
v -6.250857 -2.556630 0.190592
v -6.000857 -2.400381 0.378092
v -6.000857 -2.587881 0.378092
v -6.250857 -2.400380 0.378092
v -6.250857 -2.587880 0.378092
v -6.000857 -2.056631 0.190592
v -6.000857 -2.181631 0.190592
v -6.250857 -2.056631 0.190592
v -6.250857 -2.181631 0.190592
v -6.000857 -2.025381 0.378092
v -6.000857 -2.212881 0.378092
v -6.250857 -2.025381 0.378092
v -6.250857 -2.212881 0.378092
v -6.000857 -3.181631 0.190592
v -6.000857 -3.306631 0.190592
v -6.250857 -3.181631 0.190592
v -6.250857 -3.306631 0.190592
v -6.000857 -3.150381 0.378092
v -6.000857 -3.337881 0.378092
v -6.250857 -3.150381 0.378092
v -6.250857 -3.337881 0.378092
v -6.000857 -2.806631 0.190592
v -6.000857 -2.931631 0.190592
v -6.250857 -2.806630 0.190592
v -6.250857 -2.931631 0.190592
v -6.000857 -2.775381 0.378092
v -6.000857 -2.962881 0.378092
v -6.250857 -2.775380 0.378092
v -6.250857 -2.962881 0.378092
v -6.000857 -3.556631 0.190592
v -6.000857 -3.681631 0.190592
v -6.250857 -3.556631 0.190592
v -6.250857 -3.681631 0.190592
v -6.000857 -3.525381 0.378092
v -6.000857 -3.712881 0.378092
v -6.250857 -3.525381 0.378092
v -6.250857 -3.712881 0.378092
v -6.000857 -4.306630 0.190592
v -6.000857 -4.431630 0.190592
v -6.250857 -4.306630 0.190592
v -6.250857 -4.431630 0.190592
v -6.000857 -4.275380 0.378092
v -6.000857 -4.462880 0.378092
v -6.250857 -4.275380 0.378092
v -6.250857 -4.462880 0.378092
v -6.000857 -3.931630 0.190592
v -6.000857 -4.056630 0.190592
v -6.250857 -3.931630 0.190592
v -6.250857 -4.056630 0.190592
v -6.000857 -3.900380 0.378092
v -6.000857 -4.087880 0.378092
v -6.250857 -3.900380 0.378092
v -6.250857 -4.087880 0.378092
v -6.000857 -5.056630 0.190592
v -6.000857 -5.181630 0.190592
v -6.250857 -5.056630 0.190592
v -6.250857 -5.181630 0.190592
v -6.000857 -5.025380 0.378092
v -6.000857 -5.212880 0.378092
v -6.250857 -5.025380 0.378092
v -6.250857 -5.212880 0.378092
v -6.000857 -4.681630 0.190592
v -6.000857 -4.806630 0.190592
v -6.250857 -4.681630 0.190592
v -6.250857 -4.806630 0.190592
v -6.000857 -4.650380 0.378092
v -6.000857 -4.837880 0.378092
v -6.250857 -4.650380 0.378092
v -6.250857 -4.837880 0.378092
v -6.000857 -5.431630 0.190592
v -6.000857 -5.556630 0.190592
v -6.250857 -5.431630 0.190592
v -6.250857 -5.556630 0.190592
v -6.000857 -5.400380 0.378092
v -6.000857 -5.587880 0.378092
v -6.250857 -5.400380 0.378092
v -6.250857 -5.587880 0.378092
v -6.000857 -0.556631 0.190592
v -6.000857 -0.681631 0.190592
v -6.250857 -0.556631 0.190592
v -6.250857 -0.681631 0.190592
v -6.000857 -0.525381 0.378092
v -6.000857 -0.712881 0.378092
v -6.250857 -0.525381 0.378092
v -6.250857 -0.712881 0.378092
v -6.000857 -0.181631 0.190592
v -6.000857 -0.306631 0.190592
v -6.250857 -0.181631 0.190592
v -6.250857 -0.306631 0.190592
v -6.000857 -0.150381 0.378092
v -6.000857 -0.337881 0.378092
v -6.250857 -0.150381 0.378092
v -6.250857 -0.337881 0.378092
v -6.000857 -1.306631 0.190592
v -6.000857 -1.431631 0.190592
v -6.250857 -1.306631 0.190592
v -6.250857 -1.431631 0.190592
v -6.000857 -1.275381 0.378092
v -6.000857 -1.462881 0.378092
v -6.250857 -1.275381 0.378092
v -6.250857 -1.462881 0.378092
v -6.000857 -0.931631 0.190592
v -6.000857 -1.056631 0.190592
v -6.250857 -0.931631 0.190592
v -6.250857 -1.056631 0.190592
v -6.000857 -0.900381 0.378092
v -6.000857 -1.087881 0.378092
v -6.250857 -0.900381 0.378092
v -6.250857 -1.087881 0.378092
v -6.000857 -1.681631 0.190592
v -6.000857 -1.806630 0.190592
v -6.250857 -1.681630 0.190592
v -6.250857 -1.806630 0.190592
v -6.000857 -1.650381 0.378092
v -6.000857 -1.837881 0.378092
v -6.250857 -1.650381 0.378092
v -6.250857 -1.837880 0.378092
v -6.000857 -0.556631 0.815592
v -6.000857 -0.681631 0.815592
v -6.250857 -0.556631 0.815592
v -6.250857 -0.681631 0.815592
v -6.000857 -0.525381 0.628092
v -6.000857 -0.712881 0.628092
v -6.250857 -0.525381 0.628092
v -6.250857 -0.712881 0.628092
v -6.000857 -0.181631 0.815592
v -6.000857 -0.306631 0.815592
v -6.250857 -0.181631 0.815592
v -6.250857 -0.306631 0.815592
v -6.000857 -0.150381 0.628092
v -6.000857 -0.337881 0.628092
v -6.250857 -0.150381 0.628092
v -6.250857 -0.337881 0.628092
v -6.000857 -1.306630 0.815592
v -6.000857 -1.431630 0.815592
v -6.250857 -1.306630 0.815592
v -6.250857 -1.431630 0.815592
v -6.000857 -1.275381 0.628092
v -6.000857 -1.462881 0.628092
v -6.250857 -1.275381 0.628092
v -6.250857 -1.462881 0.628092
v -6.000857 -0.931631 0.815592
v -6.000857 -1.056630 0.815592
v -6.250857 -0.931631 0.815592
v -6.250857 -1.056630 0.815592
v -6.000857 -0.900381 0.628092
v -6.000857 -1.087881 0.628092
v -6.250857 -0.900381 0.628092
v -6.250857 -1.087881 0.628092
v -6.000857 -1.681630 0.815592
v -6.000857 -1.806630 0.815592
v -6.250857 -1.681630 0.815592
v -6.250857 -1.806630 0.815592
v -6.000857 -1.650381 0.628092
v -6.000857 -1.837881 0.628092
v -6.250857 -1.650381 0.628092
v -6.250857 -1.837881 0.628092
v -6.000857 -2.431631 0.815592
v -6.000857 -2.556631 0.815592
v -6.250857 -2.431631 0.815592
v -6.250857 -2.556631 0.815592
v -6.000857 -2.400381 0.628092
v -6.000857 -2.587881 0.628092
v -6.250857 -2.400381 0.628092
v -6.250857 -2.587881 0.628092
v -6.000857 -2.056631 0.815592
v -6.000857 -2.181631 0.815592
v -6.250857 -2.056631 0.815592
v -6.250857 -2.181631 0.815592
v -6.000857 -2.025381 0.628092
v -6.000857 -2.212881 0.628092
v -6.250857 -2.025381 0.628092
v -6.250857 -2.212881 0.628092
v -6.000857 -3.181631 0.815592
v -6.000857 -3.306631 0.815592
v -6.250857 -3.181631 0.815592
v -6.250857 -3.306631 0.815592
v -6.000857 -3.150381 0.628092
v -6.000857 -3.337881 0.628092
v -6.250857 -3.150381 0.628092
v -6.250857 -3.337881 0.628092
v -6.000857 -2.806631 0.815592
v -6.000857 -2.931631 0.815592
v -6.250857 -2.806631 0.815592
v -6.250857 -2.931631 0.815592
v -6.000857 -2.775381 0.628092
v -6.000857 -2.962881 0.628092
v -6.250857 -2.775381 0.628092
v -6.250857 -2.962881 0.628092
v -6.000857 -3.556631 0.815592
v -6.000857 -3.681631 0.815592
v -6.250857 -3.556631 0.815592
v -6.250857 -3.681631 0.815592
v -6.000857 -3.525381 0.628092
v -6.000857 -3.712881 0.628092
v -6.250857 -3.525381 0.628092
v -6.250857 -3.712881 0.628092
v -6.000857 -4.306630 0.815592
v -6.000857 -4.431630 0.815592
v -6.250857 -4.306630 0.815592
v -6.250857 -4.431630 0.815592
v -6.000857 -4.275380 0.628092
v -6.000857 -4.462880 0.628092
v -6.250857 -4.275380 0.628092
v -6.250857 -4.462880 0.628092
v -6.000857 -3.931630 0.815592
v -6.000857 -4.056630 0.815592
v -6.250857 -3.931630 0.815592
v -6.250857 -4.056630 0.815592
v -6.000857 -3.900380 0.628092
v -6.000857 -4.087880 0.628092
v -6.250857 -3.900380 0.628092
v -6.250857 -4.087880 0.628092
v -6.000857 -5.056630 0.815592
v -6.000857 -5.181630 0.815592
v -6.250857 -5.056630 0.815592
v -6.250857 -5.181630 0.815592
v -6.000857 -5.025380 0.628092
v -6.000857 -5.212880 0.628092
v -6.250857 -5.025380 0.628092
v -6.250857 -5.212880 0.628092
v -6.000857 -4.681630 0.815592
v -6.000857 -4.806630 0.815592
v -6.250857 -4.681630 0.815592
v -6.250857 -4.806630 0.815592
v -6.000857 -4.650380 0.628092
v -6.000857 -4.837880 0.628092
v -6.250857 -4.650380 0.628092
v -6.250857 -4.837880 0.628092
v -6.000857 -5.431630 0.815592
v -6.000857 -5.556630 0.815592
v -6.250857 -5.431630 0.815592
v -6.250857 -5.556630 0.815592
v -6.000857 -5.400380 0.628092
v -6.000857 -5.587880 0.628092
v -6.250857 -5.400380 0.628092
v -6.250857 -5.587880 0.628092
v -5.000857 -3.994131 -4.996908
v -5.000857 -3.994131 -5.996908
v -5.000857 -5.994131 -4.996908
v -5.000857 -5.994130 -5.996908
v -6.000857 -3.994131 -4.996908
v -6.000857 -3.994131 -5.996908
v -6.000857 -5.994130 -4.996908
v -6.000857 -5.994130 -5.996908
v -5.188357 -3.994131 -5.184408
v -5.188357 -3.994131 -5.809408
v -5.188357 -5.994131 -5.184408
v -5.188357 -5.994130 -5.809408
v -5.813357 -3.994131 -5.184408
v -5.813357 -3.994131 -5.809408
v -5.813357 -5.994130 -5.184408
v -5.813357 -5.994130 -5.809408
v -5.000857 -1.994130 -4.996909
v -5.000856 -1.994131 -5.996909
v -5.000857 -3.994131 -4.996908
v -5.000857 -3.994131 -5.996908
v -6.000857 -1.994130 -4.996909
v -6.000856 -1.994131 -5.996909
v -6.000857 -3.994131 -4.996908
v -6.000857 -3.994131 -5.996908
v -5.188357 -1.994130 -5.184409
v -5.188356 -1.994131 -5.809409
v -5.188357 -3.994131 -5.184408
v -5.188357 -3.994131 -5.809408
v -5.813357 -1.994130 -5.184409
v -5.813356 -1.994131 -5.809409
v -5.813357 -3.994131 -5.184408
v -5.813357 -3.994131 -5.809408
v -5.000856 2.005869 -4.996908
v -5.000856 2.005869 -5.996908
v -5.000856 0.005869 -4.996908
v -5.000856 0.005869 -5.996908
v -6.000856 2.005869 -4.996909
v -6.000856 2.005869 -5.996909
v -6.000856 0.005869 -4.996909
v -6.000856 0.005869 -5.996909
v -5.188356 2.005869 -5.184408
v -5.188356 2.005869 -5.809408
v -5.188356 0.005869 -5.184408
v -5.188356 0.005869 -5.809408
v -5.813356 2.005869 -5.184409
v -5.813356 2.005869 -5.809409
v -5.813356 0.005869 -5.184409
v -5.813356 0.005869 -5.809409
v -5.000856 4.005868 -4.996908
v -5.000856 4.005869 -5.996908
v -5.000856 2.005869 -4.996908
v -5.000856 2.005869 -5.996908
v -6.000856 4.005869 -4.996909
v -6.000856 4.005869 -5.996909
v -6.000856 2.005869 -4.996909
v -6.000856 2.005869 -5.996909
v -5.188356 3.999618 -5.184408
v -5.188356 3.999619 -5.809408
v -5.188356 2.005869 -5.184408
v -5.188356 2.005869 -5.809408
v -5.813356 3.999619 -5.184409
v -5.813356 3.999619 -5.809409
v -5.813356 2.005869 -5.184409
v -5.813356 2.005869 -5.809409
v -5.000856 0.005869 -4.996908
v -5.000856 0.005869 -5.996908
v -5.000857 -1.994130 -4.996909
v -5.000856 -1.994131 -5.996909
v -6.000856 0.005869 -4.996909
v -6.000856 0.005869 -5.996909
v -6.000857 -1.994130 -4.996909
v -6.000856 -1.994131 -5.996909
v -5.188356 0.005869 -5.184408
v -5.188356 0.005869 -5.809408
v -5.188357 -1.994130 -5.184409
v -5.188356 -1.994131 -5.809409
v -5.813356 0.005869 -5.184409
v -5.813356 0.005869 -5.809409
v -5.813357 -1.994130 -5.184409
v -5.813356 -1.994131 -5.809409
v -5.000856 4.005868 -4.996908
v -5.000856 4.005869 -5.996908
v -5.000856 4.005868 -4.996908
v -5.000856 4.005869 -5.996908
v -6.000856 4.005869 -4.996909
v -6.000856 4.005869 -5.996909
v -6.000856 4.005869 -4.996909
v -6.000856 4.005869 -5.996909
v -4.750857 -1.994130 -5.371909
v -4.750856 -1.994131 -5.621909
v -4.750857 -3.994131 -5.371908
v -4.750857 -3.994131 -5.621908
v -5.000857 -1.994130 -5.371909
v -5.000856 -1.994131 -5.621909
v -5.000857 -3.994131 -5.371908
v -5.000857 -3.994131 -5.621908
v -4.750856 0.005869 -5.371908
v -4.750856 0.005869 -5.621908
v -4.750857 -1.994130 -5.371909
v -4.750856 -1.994131 -5.621909
v -5.000856 0.005869 -5.371908
v -5.000856 0.005869 -5.621908
v -5.000857 -1.994130 -5.371909
v -5.000856 -1.994131 -5.621909
v -4.750857 -3.994131 -5.371908
v -4.750857 -3.994131 -5.621908
v -4.750857 -5.994131 -5.371908
v -4.750857 -5.994130 -5.621908
v -5.000857 -3.994131 -5.371908
v -5.000857 -3.994131 -5.621908
v -5.000857 -5.994131 -5.371908
v -5.000857 -5.994130 -5.621908
v -4.750857 -2.431631 -5.809409
v -4.750857 -2.556631 -5.809409
v -5.000857 -2.431631 -5.809409
v -5.000857 -2.556631 -5.809409
v -4.750857 -2.400381 -5.621909
v -4.750857 -2.587881 -5.621909
v -5.000857 -2.400381 -5.621909
v -5.000857 -2.587881 -5.621909
v -4.750856 -2.056631 -5.809409
v -4.750856 -2.181631 -5.809409
v -5.000856 -2.056631 -5.809409
v -5.000856 -2.181631 -5.809409
v -4.750856 -2.025381 -5.621909
v -4.750857 -2.212881 -5.621909
v -5.000856 -2.025381 -5.621909
v -5.000857 -2.212881 -5.621909
v -4.750857 -3.181631 -5.809408
v -4.750857 -3.306631 -5.809408
v -5.000857 -3.181631 -5.809408
v -5.000857 -3.306631 -5.809408
v -4.750857 -3.150381 -5.621909
v -4.750857 -3.337881 -5.621908
v -5.000857 -3.150381 -5.621909
v -5.000857 -3.337881 -5.621908
v -4.750857 -2.806631 -5.809409
v -4.750857 -2.931631 -5.809409
v -5.000857 -2.806631 -5.809409
v -5.000857 -2.931631 -5.809409
v -4.750857 -2.775381 -5.621909
v -4.750857 -2.962881 -5.621909
v -5.000857 -2.775381 -5.621909
v -5.000857 -2.962881 -5.621909
v -4.750857 -3.556631 -5.809408
v -4.750857 -3.681631 -5.809408
v -5.000857 -3.556631 -5.809408
v -5.000857 -3.681631 -5.809408
v -4.750857 -3.525381 -5.621908
v -4.750857 -3.712881 -5.621908
v -5.000857 -3.525381 -5.621908
v -5.000857 -3.712881 -5.621908
v -4.750857 -4.306631 -5.809408
v -4.750857 -4.431631 -5.809408
v -5.000857 -4.306631 -5.809408
v -5.000857 -4.431631 -5.809408
v -4.750857 -4.275381 -5.621908
v -4.750857 -4.462881 -5.621908
v -5.000857 -4.275381 -5.621908
v -5.000857 -4.462881 -5.621908
v -4.750857 -3.931631 -5.809408
v -4.750857 -4.056631 -5.809408
v -5.000857 -3.931631 -5.809408
v -5.000857 -4.056631 -5.809408
v -4.750857 -3.900381 -5.621908
v -4.750857 -4.087881 -5.621908
v -5.000857 -3.900381 -5.621908
v -5.000857 -4.087881 -5.621908
v -4.750857 -5.056631 -5.809408
v -4.750857 -5.181631 -5.809408
v -5.000857 -5.056631 -5.809408
v -5.000857 -5.181631 -5.809408
v -4.750857 -5.025381 -5.621908
v -4.750857 -5.212881 -5.621908
v -5.000857 -5.025381 -5.621908
v -5.000857 -5.212881 -5.621908
v -4.750857 -4.681631 -5.809408
v -4.750857 -4.806631 -5.809408
v -5.000857 -4.681631 -5.809408
v -5.000857 -4.806631 -5.809408
v -4.750857 -4.650381 -5.621908
v -4.750857 -4.837881 -5.621908
v -5.000857 -4.650381 -5.621908
v -5.000857 -4.837881 -5.621908
v -4.750857 -5.431631 -5.809408
v -4.750857 -5.556631 -5.809408
v -5.000857 -5.431631 -5.809408
v -5.000857 -5.556631 -5.809408
v -4.750857 -5.400381 -5.621908
v -4.750857 -5.587881 -5.621908
v -5.000857 -5.400381 -5.621908
v -5.000857 -5.587881 -5.621908
v -4.750856 -0.556631 -5.809409
v -4.750856 -0.681631 -5.809409
v -5.000856 -0.556631 -5.809409
v -5.000856 -0.681631 -5.809409
v -4.750856 -0.525381 -5.621909
v -4.750856 -0.712881 -5.621909
v -5.000856 -0.525381 -5.621909
v -5.000856 -0.712881 -5.621909
v -4.750856 -0.181631 -5.809408
v -4.750856 -0.306631 -5.809409
v -5.000856 -0.181631 -5.809408
v -5.000856 -0.306631 -5.809409
v -4.750856 -0.150381 -5.621908
v -4.750856 -0.337881 -5.621909
v -5.000856 -0.150381 -5.621908
v -5.000856 -0.337881 -5.621909
v -4.750856 -1.306631 -5.809409
v -4.750856 -1.431631 -5.809409
v -5.000856 -1.306631 -5.809409
v -5.000856 -1.431631 -5.809409
v -4.750856 -1.275381 -5.621909
v -4.750856 -1.462881 -5.621909
v -5.000856 -1.275381 -5.621909
v -5.000856 -1.462881 -5.621909
v -4.750856 -0.931631 -5.809409
v -4.750856 -1.056631 -5.809409
v -5.000856 -0.931631 -5.809409
v -5.000856 -1.056631 -5.809409
v -4.750856 -0.900381 -5.621909
v -4.750856 -1.087881 -5.621909
v -5.000856 -0.900381 -5.621909
v -5.000856 -1.087881 -5.621909
v -4.750856 -1.681631 -5.809409
v -4.750856 -1.806631 -5.809409
v -5.000856 -1.681631 -5.809409
v -5.000856 -1.806631 -5.809409
v -4.750856 -1.650381 -5.621909
v -4.750856 -1.837881 -5.621909
v -5.000856 -1.650381 -5.621909
v -5.000856 -1.837881 -5.621909
v -4.750856 -0.556631 -5.184409
v -4.750856 -0.681631 -5.184409
v -5.000856 -0.556631 -5.184409
v -5.000856 -0.681631 -5.184409
v -4.750856 -0.525381 -5.371909
v -4.750856 -0.712881 -5.371909
v -5.000856 -0.525381 -5.371909
v -5.000856 -0.712881 -5.371909
v -4.750856 -0.181631 -5.184408
v -4.750856 -0.306631 -5.184409
v -5.000856 -0.181631 -5.184408
v -5.000856 -0.306631 -5.184409
v -4.750856 -0.150381 -5.371908
v -4.750856 -0.337881 -5.371909
v -5.000856 -0.150381 -5.371908
v -5.000856 -0.337881 -5.371909
v -4.750856 -1.306631 -5.184409
v -4.750856 -1.431631 -5.184409
v -5.000856 -1.306631 -5.184409
v -5.000856 -1.431631 -5.184409
v -4.750856 -1.275381 -5.371909
v -4.750856 -1.462881 -5.371909
v -5.000856 -1.275381 -5.371909
v -5.000856 -1.462881 -5.371909
v -4.750856 -0.931631 -5.184409
v -4.750856 -1.056631 -5.184409
v -5.000856 -0.931631 -5.184409
v -5.000856 -1.056631 -5.184409
v -4.750856 -0.900381 -5.371909
v -4.750856 -1.087881 -5.371909
v -5.000856 -0.900381 -5.371909
v -5.000856 -1.087881 -5.371909
v -4.750856 -1.681631 -5.184409
v -4.750856 -1.806631 -5.184409
v -5.000856 -1.681631 -5.184409
v -5.000856 -1.806631 -5.184409
v -4.750856 -1.650381 -5.371909
v -4.750856 -1.837881 -5.371909
v -5.000856 -1.650381 -5.371909
v -5.000856 -1.837881 -5.371909
v -4.750857 -2.431631 -5.184409
v -4.750857 -2.556631 -5.184409
v -5.000857 -2.431631 -5.184409
v -5.000857 -2.556631 -5.184409
v -4.750857 -2.400381 -5.371909
v -4.750857 -2.587881 -5.371909
v -5.000857 -2.400381 -5.371909
v -5.000857 -2.587881 -5.371909
v -4.750857 -2.056631 -5.184409
v -4.750857 -2.181631 -5.184409
v -5.000857 -2.056631 -5.184409
v -5.000857 -2.181631 -5.184409
v -4.750857 -2.025381 -5.371909
v -4.750857 -2.212881 -5.371909
v -5.000857 -2.025381 -5.371909
v -5.000857 -2.212881 -5.371909
v -4.750857 -3.181631 -5.184408
v -4.750857 -3.306631 -5.184408
v -5.000857 -3.181631 -5.184408
v -5.000857 -3.306631 -5.184408
v -4.750857 -3.150381 -5.371909
v -4.750857 -3.337881 -5.371908
v -5.000857 -3.150381 -5.371909
v -5.000857 -3.337881 -5.371908
v -4.750857 -2.806631 -5.184409
v -4.750857 -2.931631 -5.184409
v -5.000857 -2.806631 -5.184409
v -5.000857 -2.931631 -5.184409
v -4.750857 -2.775381 -5.371909
v -4.750857 -2.962881 -5.371909
v -5.000857 -2.775381 -5.371909
v -5.000857 -2.962881 -5.371909
v -4.750857 -3.556631 -5.184408
v -4.750857 -3.681631 -5.184408
v -5.000857 -3.556631 -5.184408
v -5.000857 -3.681631 -5.184408
v -4.750857 -3.525381 -5.371908
v -4.750857 -3.712881 -5.371908
v -5.000857 -3.525381 -5.371908
v -5.000857 -3.712881 -5.371908
v -4.750857 -4.306631 -5.184408
v -4.750857 -4.431631 -5.184408
v -5.000857 -4.306631 -5.184408
v -5.000857 -4.431631 -5.184408
v -4.750857 -4.275381 -5.371908
v -4.750857 -4.462881 -5.371908
v -5.000857 -4.275381 -5.371908
v -5.000857 -4.462881 -5.371908
v -4.750857 -3.931631 -5.184408
v -4.750857 -4.056631 -5.184408
v -5.000857 -3.931631 -5.184408
v -5.000857 -4.056631 -5.184408
v -4.750857 -3.900381 -5.371908
v -4.750857 -4.087881 -5.371908
v -5.000857 -3.900381 -5.371908
v -5.000857 -4.087881 -5.371908
v -4.750857 -5.056631 -5.184408
v -4.750857 -5.181631 -5.184408
v -5.000857 -5.056631 -5.184408
v -5.000857 -5.181631 -5.184408
v -4.750857 -5.025381 -5.371908
v -4.750857 -5.212881 -5.371908
v -5.000857 -5.025381 -5.371908
v -5.000857 -5.212881 -5.371908
v -4.750857 -4.681631 -5.184408
v -4.750857 -4.806631 -5.184408
v -5.000857 -4.681631 -5.184408
v -5.000857 -4.806631 -5.184408
v -4.750857 -4.650381 -5.371908
v -4.750857 -4.837881 -5.371908
v -5.000857 -4.650381 -5.371908
v -5.000857 -4.837881 -5.371908
v -4.750857 -5.431631 -5.184408
v -4.750857 -5.556631 -5.184408
v -5.000857 -5.431631 -5.184408
v -5.000857 -5.556631 -5.184408
v -4.750857 -5.400381 -5.371908
v -4.750857 -5.587881 -5.371908
v -5.000857 -5.400381 -5.371908
v -5.000857 -5.587881 -5.371908
v -6.000857 -1.994130 -5.371909
v -6.000856 -1.994131 -5.621909
v -6.000857 -3.994131 -5.371908
v -6.000857 -3.994131 -5.621908
v -6.250857 -1.994130 -5.371909
v -6.250856 -1.994131 -5.621909
v -6.250857 -3.994131 -5.371908
v -6.250857 -3.994131 -5.621908
v -6.000856 0.005869 -5.371909
v -6.000856 0.005869 -5.621909
v -6.000857 -1.994130 -5.371909
v -6.000856 -1.994131 -5.621909
v -6.250856 0.005869 -5.371909
v -6.250856 0.005869 -5.621909
v -6.250857 -1.994130 -5.371909
v -6.250856 -1.994131 -5.621909
v -6.000857 -3.994131 -5.371908
v -6.000857 -3.994131 -5.621908
v -6.000857 -5.994130 -5.371908
v -6.000857 -5.994130 -5.621908
v -6.250857 -3.994131 -5.371908
v -6.250857 -3.994131 -5.621908
v -6.250857 -5.994130 -5.371908
v -6.250857 -5.994130 -5.621908
v -6.000857 -2.431631 -5.809409
v -6.000857 -2.556631 -5.809409
v -6.250857 -2.431631 -5.809409
v -6.250857 -2.556631 -5.809409
v -6.000857 -2.400381 -5.621909
v -6.000857 -2.587881 -5.621909
v -6.250857 -2.400381 -5.621909
v -6.250857 -2.587881 -5.621909
v -6.000856 -2.056631 -5.809409
v -6.000856 -2.181631 -5.809409
v -6.250856 -2.056631 -5.809409
v -6.250856 -2.181631 -5.809409
v -6.000856 -2.025381 -5.621909
v -6.000857 -2.212881 -5.621909
v -6.250856 -2.025381 -5.621909
v -6.250857 -2.212881 -5.621909
v -6.000857 -3.181631 -5.809408
v -6.000857 -3.306631 -5.809408
v -6.250857 -3.181631 -5.809408
v -6.250857 -3.306631 -5.809408
v -6.000857 -3.150381 -5.621909
v -6.000857 -3.337881 -5.621908
v -6.250857 -3.150381 -5.621909
v -6.250857 -3.337881 -5.621908
v -6.000857 -2.806631 -5.809409
v -6.000857 -2.931631 -5.809409
v -6.250857 -2.806631 -5.809409
v -6.250857 -2.931631 -5.809409
v -6.000857 -2.775381 -5.621909
v -6.000857 -2.962881 -5.621909
v -6.250857 -2.775381 -5.621909
v -6.250857 -2.962881 -5.621909
v -6.000857 -3.556631 -5.809408
v -6.000857 -3.681631 -5.809408
v -6.250857 -3.556631 -5.809408
v -6.250857 -3.681631 -5.809408
v -6.000857 -3.525381 -5.621908
v -6.000857 -3.712881 -5.621908
v -6.250857 -3.525381 -5.621908
v -6.250857 -3.712881 -5.621908
v -6.000857 -4.306631 -5.809408
v -6.000857 -4.431631 -5.809408
v -6.250857 -4.306631 -5.809408
v -6.250857 -4.431631 -5.809408
v -6.000857 -4.275381 -5.621908
v -6.000857 -4.462881 -5.621908
v -6.250857 -4.275381 -5.621908
v -6.250857 -4.462881 -5.621908
v -6.000857 -3.931631 -5.809408
v -6.000857 -4.056631 -5.809408
v -6.250857 -3.931631 -5.809408
v -6.250857 -4.056631 -5.809408
v -6.000857 -3.900381 -5.621908
v -6.000857 -4.087881 -5.621908
v -6.250857 -3.900381 -5.621908
v -6.250857 -4.087881 -5.621908
v -6.000857 -5.056631 -5.809408
v -6.000857 -5.181631 -5.809408
v -6.250857 -5.056631 -5.809408
v -6.250857 -5.181631 -5.809408
v -6.000857 -5.025381 -5.621908
v -6.000857 -5.212881 -5.621908
v -6.250857 -5.025381 -5.621908
v -6.250857 -5.212881 -5.621908
v -6.000857 -4.681631 -5.809408
v -6.000857 -4.806631 -5.809408
v -6.250857 -4.681631 -5.809408
v -6.250857 -4.806631 -5.809408
v -6.000857 -4.650381 -5.621908
v -6.000857 -4.837881 -5.621908
v -6.250857 -4.650381 -5.621908
v -6.250857 -4.837881 -5.621908
v -6.000857 -5.431631 -5.809408
v -6.000857 -5.556631 -5.809408
v -6.250857 -5.431631 -5.809408
v -6.250857 -5.556631 -5.809408
v -6.000857 -5.400381 -5.621908
v -6.000857 -5.587881 -5.621908
v -6.250857 -5.400381 -5.621908
v -6.250857 -5.587881 -5.621908
v -6.000856 -0.556631 -5.809409
v -6.000856 -0.681631 -5.809409
v -6.250856 -0.556631 -5.809409
v -6.250856 -0.681631 -5.809409
v -6.000856 -0.525381 -5.621909
v -6.000856 -0.712881 -5.621909
v -6.250856 -0.525381 -5.621909
v -6.250856 -0.712881 -5.621909
v -6.000856 -0.181631 -5.809409
v -6.000856 -0.306631 -5.809409
v -6.250856 -0.181631 -5.809409
v -6.250856 -0.306631 -5.809409
v -6.000856 -0.150381 -5.621909
v -6.000856 -0.337881 -5.621909
v -6.250856 -0.150381 -5.621909
v -6.250856 -0.337881 -5.621909
v -6.000856 -1.306631 -5.809409
v -6.000856 -1.431631 -5.809409
v -6.250856 -1.306631 -5.809409
v -6.250856 -1.431631 -5.809409
v -6.000856 -1.275381 -5.621909
v -6.000856 -1.462881 -5.621909
v -6.250856 -1.275381 -5.621909
v -6.250856 -1.462881 -5.621909
v -6.000856 -0.931631 -5.809409
v -6.000856 -1.056631 -5.809409
v -6.250856 -0.931631 -5.809409
v -6.250856 -1.056631 -5.809409
v -6.000856 -0.900381 -5.621909
v -6.000856 -1.087881 -5.621909
v -6.250856 -0.900381 -5.621909
v -6.250856 -1.087881 -5.621909
v -6.000856 -1.681631 -5.809409
v -6.000856 -1.806631 -5.809409
v -6.250856 -1.681631 -5.809409
v -6.250856 -1.806630 -5.809409
v -6.000856 -1.650381 -5.621909
v -6.000856 -1.837881 -5.621909
v -6.250856 -1.650381 -5.621909
v -6.250856 -1.837881 -5.621909
v -6.000856 -0.556631 -5.184409
v -6.000856 -0.681631 -5.184409
v -6.250856 -0.556631 -5.184409
v -6.250856 -0.681631 -5.184409
v -6.000856 -0.525381 -5.371909
v -6.000856 -0.712881 -5.371909
v -6.250856 -0.525381 -5.371909
v -6.250856 -0.712881 -5.371909
v -6.000856 -0.181631 -5.184409
v -6.000856 -0.306631 -5.184409
v -6.250856 -0.181631 -5.184409
v -6.250856 -0.306631 -5.184409
v -6.000856 -0.150381 -5.371909
v -6.000856 -0.337881 -5.371909
v -6.250856 -0.150381 -5.371909
v -6.250856 -0.337881 -5.371909
v -6.000856 -1.306630 -5.184409
v -6.000856 -1.431630 -5.184409
v -6.250856 -1.306630 -5.184409
v -6.250856 -1.431630 -5.184409
v -6.000856 -1.275380 -5.371909
v -6.000856 -1.462880 -5.371909
v -6.250856 -1.275380 -5.371909
v -6.250856 -1.462880 -5.371909
v -6.000856 -0.931631 -5.184409
v -6.000856 -1.056630 -5.184409
v -6.250856 -0.931631 -5.184409
v -6.250856 -1.056630 -5.184409
v -6.000856 -0.900381 -5.371909
v -6.000856 -1.087880 -5.371909
v -6.250856 -0.900381 -5.371909
v -6.250856 -1.087880 -5.371909
v -6.000856 -1.681630 -5.184409
v -6.000856 -1.806630 -5.184409
v -6.250856 -1.681630 -5.184409
v -6.250856 -1.806630 -5.184409
v -6.000856 -1.650380 -5.371909
v -6.000856 -1.837880 -5.371909
v -6.250856 -1.650380 -5.371909
v -6.250856 -1.837880 -5.371909
v -6.000857 -2.431631 -5.184409
v -6.000857 -2.556631 -5.184409
v -6.250857 -2.431631 -5.184409
v -6.250857 -2.556631 -5.184409
v -6.000857 -2.400381 -5.371909
v -6.000857 -2.587881 -5.371909
v -6.250857 -2.400381 -5.371909
v -6.250857 -2.587881 -5.371909
v -6.000857 -2.056631 -5.184409
v -6.000857 -2.181631 -5.184409
v -6.250857 -2.056631 -5.184409
v -6.250857 -2.181631 -5.184409
v -6.000857 -2.025381 -5.371909
v -6.000857 -2.212881 -5.371909
v -6.250857 -2.025381 -5.371909
v -6.250857 -2.212881 -5.371909
v -6.000857 -3.181631 -5.184408
v -6.000857 -3.306631 -5.184408
v -6.250857 -3.181631 -5.184408
v -6.250857 -3.306631 -5.184408
v -6.000857 -3.150381 -5.371909
v -6.000857 -3.337881 -5.371908
v -6.250857 -3.150381 -5.371909
v -6.250857 -3.337881 -5.371908
v -6.000857 -2.806631 -5.184409
v -6.000857 -2.931631 -5.184409
v -6.250857 -2.806631 -5.184409
v -6.250857 -2.931631 -5.184409
v -6.000857 -2.775381 -5.371909
v -6.000857 -2.962881 -5.371909
v -6.250857 -2.775381 -5.371909
v -6.250857 -2.962881 -5.371909
v -6.000857 -3.556631 -5.184408
v -6.000857 -3.681631 -5.184408
v -6.250857 -3.556631 -5.184408
v -6.250857 -3.681631 -5.184408
v -6.000857 -3.525381 -5.371908
v -6.000857 -3.712881 -5.371908
v -6.250857 -3.525381 -5.371908
v -6.250857 -3.712881 -5.371908
v -6.000857 -4.306631 -5.184408
v -6.000857 -4.431631 -5.184408
v -6.250857 -4.306631 -5.184408
v -6.250857 -4.431631 -5.184408
v -6.000857 -4.275381 -5.371908
v -6.000857 -4.462881 -5.371908
v -6.250857 -4.275381 -5.371908
v -6.250857 -4.462881 -5.371908
v -6.000857 -3.931631 -5.184408
v -6.000857 -4.056631 -5.184408
v -6.250857 -3.931631 -5.184408
v -6.250857 -4.056631 -5.184408
v -6.000857 -3.900381 -5.371908
v -6.000857 -4.087881 -5.371908
v -6.250857 -3.900381 -5.371908
v -6.250857 -4.087881 -5.371908
v -6.000857 -5.056631 -5.184408
v -6.000857 -5.181631 -5.184408
v -6.250857 -5.056631 -5.184408
v -6.250857 -5.181631 -5.184408
v -6.000857 -5.025381 -5.371908
v -6.000857 -5.212881 -5.371908
v -6.250857 -5.025381 -5.371908
v -6.250857 -5.212881 -5.371908
v -6.000857 -4.681631 -5.184408
v -6.000857 -4.806631 -5.184408
v -6.250857 -4.681631 -5.184408
v -6.250857 -4.806631 -5.184408
v -6.000857 -4.650381 -5.371908
v -6.000857 -4.837881 -5.371908
v -6.250857 -4.650381 -5.371908
v -6.250857 -4.837881 -5.371908
v -6.000857 -5.431631 -5.184408
v -6.000857 -5.556631 -5.184408
v -6.250857 -5.431631 -5.184408
v -6.250857 -5.556631 -5.184408
v -6.000857 -5.400381 -5.371908
v -6.000857 -5.587881 -5.371908
v -6.250857 -5.400381 -5.371908
v -6.250857 -5.587881 -5.371908
v 0.999143 -3.994131 -4.996908
v 0.999143 -3.994131 -5.996908
v 0.999143 -5.994131 -4.996908
v 0.999143 -5.994131 -5.996908
v -0.000857 -3.994131 -4.996908
v -0.000857 -3.994131 -5.996908
v -0.000857 -5.994131 -4.996908
v -0.000857 -5.994130 -5.996908
v 0.811643 -3.994131 -5.184408
v 0.811643 -3.994131 -5.809408
v 0.811643 -5.994131 -5.184408
v 0.811643 -5.994131 -5.809408
v 0.186643 -3.994131 -5.184408
v 0.186643 -3.994131 -5.809408
v 0.186643 -5.994131 -5.184408
v 0.186643 -5.994130 -5.809408
v 0.999143 -1.994131 -4.996908
v 0.999144 -1.994131 -5.996908
v 0.999143 -3.994131 -4.996908
v 0.999143 -3.994131 -5.996908
v -0.000857 -1.994131 -4.996909
v -0.000856 -1.994131 -5.996909
v -0.000857 -3.994131 -4.996908
v -0.000857 -3.994131 -5.996908
v 0.811643 -1.994131 -5.184408
v 0.811644 -1.994131 -5.809408
v 0.811643 -3.994131 -5.184408
v 0.811643 -3.994131 -5.809408
v 0.186643 -1.994131 -5.184409
v 0.186644 -1.994131 -5.809409
v 0.186643 -3.994131 -5.184408
v 0.186643 -3.994131 -5.809408
v 0.999144 2.005869 -4.996908
v 0.999144 2.005869 -5.996908
v 0.999144 0.005869 -4.996908
v 0.999144 0.005869 -5.996908
v -0.000856 2.005869 -4.996908
v -0.000856 2.005869 -5.996908
v -0.000856 0.005869 -4.996908
v -0.000856 0.005869 -5.996908
v 0.811644 2.005869 -5.184408
v 0.811644 2.005869 -5.809408
v 0.811644 0.005869 -5.184408
v 0.811644 0.005869 -5.809408
v 0.186644 2.005869 -5.184408
v 0.186644 2.005869 -5.809408
v 0.186644 0.005869 -5.184408
v 0.186644 0.005869 -5.809408
v 0.999144 4.005868 -4.996908
v 0.999144 4.005868 -5.996908
v 0.999144 2.005869 -4.996908
v 0.999144 2.005869 -5.996908
v -0.000856 4.005868 -4.996908
v -0.000856 4.005869 -5.996908
v -0.000856 2.005869 -4.996908
v -0.000856 2.005869 -5.996908
v 0.811644 3.999618 -5.184408
v 0.811644 3.999618 -5.809408
v 0.811644 2.005869 -5.184408
v 0.811644 2.005869 -5.809408
v 0.186644 3.999618 -5.184408
v 0.186644 3.999619 -5.809408
v 0.186644 2.005869 -5.184408
v 0.186644 2.005869 -5.809408
v 0.999144 0.005869 -4.996908
v 0.999144 0.005869 -5.996908
v 0.999143 -1.994131 -4.996908
v 0.999144 -1.994131 -5.996908
v -0.000856 0.005869 -4.996908
v -0.000856 0.005869 -5.996908
v -0.000857 -1.994131 -4.996909
v -0.000856 -1.994131 -5.996909
v 0.811644 0.005869 -5.184408
v 0.811644 0.005869 -5.809408
v 0.811643 -1.994131 -5.184408
v 0.811644 -1.994131 -5.809408
v 0.186644 0.005869 -5.184408
v 0.186644 0.005869 -5.809408
v 0.186643 -1.994131 -5.184409
v 0.186644 -1.994131 -5.809409
v 0.999144 4.005868 -4.996908
v 0.999144 4.005868 -5.996908
v 0.999144 4.005868 -4.996908
v 0.999144 4.005868 -5.996908
v -0.000856 4.005868 -4.996908
v -0.000856 4.005869 -5.996908
v -0.000856 4.005868 -4.996908
v -0.000856 4.005869 -5.996908
v 1.249143 -1.994131 -5.371908
v 1.249144 -1.994131 -5.621908
v 1.249143 -3.994131 -5.371908
v 1.249143 -3.994131 -5.621908
v 0.999143 -1.994131 -5.371908
v 0.999144 -1.994131 -5.621908
v 0.999143 -3.994131 -5.371908
v 0.999143 -3.994131 -5.621908
v 1.249144 0.005869 -5.371908
v 1.249144 0.005869 -5.621908
v 1.249143 -1.994131 -5.371908
v 1.249144 -1.994131 -5.621908
v 0.999144 0.005869 -5.371908
v 0.999144 0.005869 -5.621908
v 0.999143 -1.994131 -5.371908
v 0.999144 -1.994131 -5.621908
v 1.249143 -3.994131 -5.371908
v 1.249143 -3.994131 -5.621908
v 1.249143 -5.994131 -5.371908
v 1.249143 -5.994131 -5.621908
v 0.999143 -3.994131 -5.371908
v 0.999143 -3.994131 -5.621908
v 0.999143 -5.994131 -5.371908
v 0.999143 -5.994131 -5.621908
v 1.249143 -2.431631 -5.809408
v 1.249143 -2.556631 -5.809408
v 0.999143 -2.431631 -5.809408
v 0.999143 -2.556631 -5.809408
v 1.249143 -2.400381 -5.621908
v 1.249143 -2.587881 -5.621908
v 0.999143 -2.400381 -5.621908
v 0.999143 -2.587881 -5.621908
v 1.249144 -2.056631 -5.809408
v 1.249144 -2.181631 -5.809408
v 0.999144 -2.056631 -5.809408
v 0.999144 -2.181631 -5.809408
v 1.249144 -2.025381 -5.621908
v 1.249143 -2.212881 -5.621908
v 0.999144 -2.025381 -5.621908
v 0.999143 -2.212881 -5.621908
v 1.249143 -3.181631 -5.809408
v 1.249143 -3.306631 -5.809408
v 0.999143 -3.181631 -5.809408
v 0.999143 -3.306631 -5.809408
v 1.249143 -3.150381 -5.621908
v 1.249143 -3.337881 -5.621908
v 0.999143 -3.150381 -5.621908
v 0.999143 -3.337881 -5.621908
v 1.249143 -2.806631 -5.809408
v 1.249143 -2.931631 -5.809408
v 0.999143 -2.806631 -5.809408
v 0.999143 -2.931631 -5.809408
v 1.249143 -2.775381 -5.621908
v 1.249143 -2.962881 -5.621908
v 0.999143 -2.775381 -5.621908
v 0.999143 -2.962881 -5.621908
v 1.249143 -3.556631 -5.809408
v 1.249143 -3.681631 -5.809408
v 0.999143 -3.556631 -5.809408
v 0.999143 -3.681631 -5.809408
v 1.249143 -3.525381 -5.621908
v 1.249143 -3.712881 -5.621908
v 0.999143 -3.525381 -5.621908
v 0.999143 -3.712881 -5.621908
v 1.249143 -4.306631 -5.809408
v 1.249143 -4.431631 -5.809408
v 0.999143 -4.306631 -5.809408
v 0.999143 -4.431631 -5.809408
v 1.249143 -4.275381 -5.621908
v 1.249143 -4.462881 -5.621908
v 0.999143 -4.275381 -5.621908
v 0.999143 -4.462881 -5.621908
v 1.249143 -3.931631 -5.809408
v 1.249143 -4.056631 -5.809408
v 0.999143 -3.931631 -5.809408
v 0.999143 -4.056631 -5.809408
v 1.249143 -3.900381 -5.621908
v 1.249143 -4.087881 -5.621908
v 0.999143 -3.900381 -5.621908
v 0.999143 -4.087881 -5.621908
v 1.249143 -5.056631 -5.809408
v 1.249143 -5.181631 -5.809408
v 0.999143 -5.056631 -5.809408
v 0.999143 -5.181631 -5.809408
v 1.249143 -5.025381 -5.621908
v 1.249143 -5.212881 -5.621908
v 0.999143 -5.025381 -5.621908
v 0.999143 -5.212881 -5.621908
v 1.249143 -4.681631 -5.809408
v 1.249143 -4.806631 -5.809408
v 0.999143 -4.681631 -5.809408
v 0.999143 -4.806631 -5.809408
v 1.249143 -4.650381 -5.621908
v 1.249143 -4.837881 -5.621908
v 0.999143 -4.650381 -5.621908
v 0.999143 -4.837881 -5.621908
v 1.249143 -5.431631 -5.809408
v 1.249143 -5.556631 -5.809408
v 0.999143 -5.431631 -5.809408
v 0.999143 -5.556631 -5.809408
v 1.249143 -5.400381 -5.621908
v 1.249143 -5.587881 -5.621908
v 0.999143 -5.400381 -5.621908
v 0.999143 -5.587881 -5.621908
v 1.249144 -0.556631 -5.809408
v 1.249144 -0.681631 -5.809408
v 0.999144 -0.556631 -5.809408
v 0.999144 -0.681631 -5.809408
v 1.249144 -0.525381 -5.621908
v 1.249144 -0.712881 -5.621908
v 0.999144 -0.525381 -5.621908
v 0.999144 -0.712881 -5.621908
v 1.249144 -0.181631 -5.809408
v 1.249144 -0.306631 -5.809408
v 0.999144 -0.181631 -5.809408
v 0.999144 -0.306631 -5.809408
v 1.249144 -0.150381 -5.621908
v 1.249144 -0.337881 -5.621908
v 0.999144 -0.150381 -5.621908
v 0.999144 -0.337881 -5.621908
v 1.249144 -1.306631 -5.809408
v 1.249144 -1.431631 -5.809408
v 0.999144 -1.306631 -5.809408
v 0.999144 -1.431631 -5.809408
v 1.249144 -1.275381 -5.621908
v 1.249144 -1.462881 -5.621908
v 0.999144 -1.275381 -5.621908
v 0.999144 -1.462881 -5.621908
v 1.249144 -0.931631 -5.809408
v 1.249144 -1.056631 -5.809408
v 0.999144 -0.931631 -5.809408
v 0.999144 -1.056631 -5.809408
v 1.249144 -0.900381 -5.621908
v 1.249144 -1.087881 -5.621908
v 0.999144 -0.900381 -5.621908
v 0.999144 -1.087881 -5.621908
v 1.249144 -1.681631 -5.809408
v 1.249144 -1.806631 -5.809408
v 0.999144 -1.681631 -5.809408
v 0.999144 -1.806631 -5.809408
v 1.249144 -1.650381 -5.621908
v 1.249144 -1.837881 -5.621908
v 0.999144 -1.650381 -5.621908
v 0.999144 -1.837881 -5.621908
v 1.249144 -0.556631 -5.184408
v 1.249144 -0.681631 -5.184408
v 0.999144 -0.556631 -5.184408
v 0.999144 -0.681631 -5.184408
v 1.249144 -0.525381 -5.371908
v 1.249144 -0.712881 -5.371908
v 0.999144 -0.525381 -5.371908
v 0.999144 -0.712881 -5.371908
v 1.249144 -0.181631 -5.184408
v 1.249144 -0.306631 -5.184408
v 0.999144 -0.181631 -5.184408
v 0.999144 -0.306631 -5.184408
v 1.249144 -0.150381 -5.371908
v 1.249144 -0.337881 -5.371908
v 0.999144 -0.150381 -5.371908
v 0.999144 -0.337881 -5.371908
v 1.249144 -1.306631 -5.184408
v 1.249144 -1.431631 -5.184408
v 0.999144 -1.306631 -5.184408
v 0.999144 -1.431631 -5.184408
v 1.249144 -1.275381 -5.371908
v 1.249144 -1.462881 -5.371908
v 0.999144 -1.275381 -5.371908
v 0.999144 -1.462881 -5.371908
v 1.249144 -0.931631 -5.184408
v 1.249144 -1.056631 -5.184408
v 0.999144 -0.931631 -5.184408
v 0.999144 -1.056631 -5.184408
v 1.249144 -0.900381 -5.371908
v 1.249144 -1.087881 -5.371908
v 0.999144 -0.900381 -5.371908
v 0.999144 -1.087881 -5.371908
v 1.249144 -1.681631 -5.184408
v 1.249144 -1.806631 -5.184408
v 0.999144 -1.681631 -5.184408
v 0.999144 -1.806631 -5.184408
v 1.249144 -1.650381 -5.371908
v 1.249144 -1.837881 -5.371908
v 0.999144 -1.650381 -5.371908
v 0.999144 -1.837881 -5.371908
v 1.249143 -2.431631 -5.184408
v 1.249143 -2.556631 -5.184408
v 0.999143 -2.431631 -5.184408
v 0.999143 -2.556631 -5.184408
v 1.249143 -2.400381 -5.371908
v 1.249143 -2.587881 -5.371908
v 0.999143 -2.400381 -5.371908
v 0.999143 -2.587881 -5.371908
v 1.249143 -2.056631 -5.184408
v 1.249143 -2.181631 -5.184408
v 0.999143 -2.056631 -5.184408
v 0.999143 -2.181631 -5.184408
v 1.249143 -2.025381 -5.371908
v 1.249143 -2.212881 -5.371908
v 0.999143 -2.025381 -5.371908
v 0.999143 -2.212881 -5.371908
v 1.249143 -3.181631 -5.184408
v 1.249143 -3.306631 -5.184408
v 0.999143 -3.181631 -5.184408
v 0.999143 -3.306631 -5.184408
v 1.249143 -3.150381 -5.371908
v 1.249143 -3.337881 -5.371908
v 0.999143 -3.150381 -5.371908
v 0.999143 -3.337881 -5.371908
v 1.249143 -2.806631 -5.184408
v 1.249143 -2.931631 -5.184408
v 0.999143 -2.806631 -5.184408
v 0.999143 -2.931631 -5.184408
v 1.249143 -2.775381 -5.371908
v 1.249143 -2.962881 -5.371908
v 0.999143 -2.775381 -5.371908
v 0.999143 -2.962881 -5.371908
v 1.249143 -3.556631 -5.184408
v 1.249143 -3.681631 -5.184408
v 0.999143 -3.556631 -5.184408
v 0.999143 -3.681631 -5.184408
v 1.249143 -3.525381 -5.371908
v 1.249143 -3.712881 -5.371908
v 0.999143 -3.525381 -5.371908
v 0.999143 -3.712881 -5.371908
v 1.249143 -4.306631 -5.184408
v 1.249143 -4.431631 -5.184408
v 0.999143 -4.306631 -5.184408
v 0.999143 -4.431631 -5.184408
v 1.249143 -4.275381 -5.371908
v 1.249143 -4.462881 -5.371908
v 0.999143 -4.275381 -5.371908
v 0.999143 -4.462881 -5.371908
v 1.249143 -3.931631 -5.184408
v 1.249143 -4.056631 -5.184408
v 0.999143 -3.931631 -5.184408
v 0.999143 -4.056631 -5.184408
v 1.249143 -3.900381 -5.371908
v 1.249143 -4.087881 -5.371908
v 0.999143 -3.900381 -5.371908
v 0.999143 -4.087881 -5.371908
v 1.249143 -5.056631 -5.184408
v 1.249143 -5.181631 -5.184408
v 0.999143 -5.056631 -5.184408
v 0.999143 -5.181631 -5.184408
v 1.249143 -5.025381 -5.371908
v 1.249143 -5.212881 -5.371908
v 0.999143 -5.025381 -5.371908
v 0.999143 -5.212881 -5.371908
v 1.249143 -4.681631 -5.184408
v 1.249143 -4.806631 -5.184408
v 0.999143 -4.681631 -5.184408
v 0.999143 -4.806631 -5.184408
v 1.249143 -4.650381 -5.371908
v 1.249143 -4.837881 -5.371908
v 0.999143 -4.650381 -5.371908
v 0.999143 -4.837881 -5.371908
v 1.249143 -5.431631 -5.184408
v 1.249143 -5.556631 -5.184408
v 0.999143 -5.431631 -5.184408
v 0.999143 -5.556631 -5.184408
v 1.249143 -5.400381 -5.371908
v 1.249143 -5.587881 -5.371908
v 0.999143 -5.400381 -5.371908
v 0.999143 -5.587881 -5.371908
v -0.000857 -1.994131 -5.371909
v -0.000856 -1.994131 -5.621909
v -0.000857 -3.994131 -5.371908
v -0.000857 -3.994131 -5.621908
v -0.250857 -1.994131 -5.371909
v -0.250856 -1.994131 -5.621909
v -0.250857 -3.994131 -5.371908
v -0.250857 -3.994131 -5.621908
v -0.000856 0.005869 -5.371908
v -0.000856 0.005869 -5.621908
v -0.000857 -1.994131 -5.371909
v -0.000856 -1.994131 -5.621909
v -0.250856 0.005869 -5.371908
v -0.250856 0.005869 -5.621908
v -0.250857 -1.994131 -5.371909
v -0.250856 -1.994131 -5.621909
v -0.000857 -3.994131 -5.371908
v -0.000857 -3.994131 -5.621908
v -0.000857 -5.994131 -5.371908
v -0.000857 -5.994130 -5.621908
v -0.250857 -3.994131 -5.371908
v -0.250857 -3.994131 -5.621908
v -0.250857 -5.994131 -5.371908
v -0.250857 -5.994130 -5.621908
v -0.000857 -2.431631 -5.809409
v -0.000857 -2.556631 -5.809409
v -0.250857 -2.431631 -5.809409
v -0.250857 -2.556631 -5.809409
v -0.000857 -2.400381 -5.621909
v -0.000857 -2.587881 -5.621909
v -0.250857 -2.400381 -5.621909
v -0.250857 -2.587881 -5.621909
v -0.000856 -2.056631 -5.809409
v -0.000856 -2.181631 -5.809409
v -0.250856 -2.056631 -5.809409
v -0.250856 -2.181631 -5.809409
v -0.000856 -2.025381 -5.621909
v -0.000857 -2.212881 -5.621909
v -0.250856 -2.025381 -5.621909
v -0.250857 -2.212881 -5.621909
v -0.000857 -3.181631 -5.809408
v -0.000857 -3.306631 -5.809408
v -0.250857 -3.181631 -5.809408
v -0.250857 -3.306631 -5.809408
v -0.000857 -3.150381 -5.621909
v -0.000857 -3.337881 -5.621908
v -0.250857 -3.150381 -5.621909
v -0.250857 -3.337881 -5.621908
v -0.000857 -2.806631 -5.809409
v -0.000857 -2.931631 -5.809409
v -0.250857 -2.806631 -5.809409
v -0.250857 -2.931631 -5.809409
v -0.000857 -2.775381 -5.621909
v -0.000857 -2.962881 -5.621909
v -0.250857 -2.775381 -5.621909
v -0.250857 -2.962881 -5.621909
v -0.000857 -3.556631 -5.809408
v -0.000857 -3.681631 -5.809408
v -0.250857 -3.556631 -5.809408
v -0.250857 -3.681631 -5.809408
v -0.000857 -3.525381 -5.621908
v -0.000857 -3.712881 -5.621908
v -0.250857 -3.525381 -5.621908
v -0.250857 -3.712881 -5.621908
v -0.000857 -4.306631 -5.809408
v -0.000857 -4.431631 -5.809408
v -0.250857 -4.306631 -5.809408
v -0.250857 -4.431631 -5.809408
v -0.000857 -4.275381 -5.621908
v -0.000857 -4.462881 -5.621908
v -0.250857 -4.275381 -5.621908
v -0.250857 -4.462881 -5.621908
v -0.000857 -3.931631 -5.809408
v -0.000857 -4.056631 -5.809408
v -0.250857 -3.931631 -5.809408
v -0.250857 -4.056631 -5.809408
v -0.000857 -3.900381 -5.621908
v -0.000857 -4.087881 -5.621908
v -0.250857 -3.900381 -5.621908
v -0.250857 -4.087881 -5.621908
v -0.000857 -5.056631 -5.809408
v -0.000857 -5.181631 -5.809408
v -0.250857 -5.056631 -5.809408
v -0.250857 -5.181631 -5.809408
v -0.000857 -5.025381 -5.621908
v -0.000857 -5.212881 -5.621908
v -0.250857 -5.025381 -5.621908
v -0.250857 -5.212881 -5.621908
v -0.000857 -4.681631 -5.809408
v -0.000857 -4.806631 -5.809408
v -0.250857 -4.681631 -5.809408
v -0.250857 -4.806631 -5.809408
v -0.000857 -4.650381 -5.621908
v -0.000857 -4.837881 -5.621908
v -0.250857 -4.650381 -5.621908
v -0.250857 -4.837881 -5.621908
v -0.000857 -5.431631 -5.809408
v -0.000857 -5.556631 -5.809408
v -0.250857 -5.431631 -5.809408
v -0.250857 -5.556631 -5.809408
v -0.000857 -5.400381 -5.621908
v -0.000857 -5.587881 -5.621908
v -0.250857 -5.400381 -5.621908
v -0.250857 -5.587881 -5.621908
v -0.000856 -0.556631 -5.809409
v -0.000856 -0.681631 -5.809409
v -0.250856 -0.556631 -5.809409
v -0.250856 -0.681631 -5.809409
v -0.000856 -0.525381 -5.621909
v -0.000856 -0.712881 -5.621909
v -0.250856 -0.525381 -5.621909
v -0.250856 -0.712881 -5.621909
v -0.000856 -0.181631 -5.809408
v -0.000856 -0.306631 -5.809409
v -0.250856 -0.181631 -5.809408
v -0.250856 -0.306631 -5.809409
v -0.000856 -0.150381 -5.621908
v -0.000856 -0.337881 -5.621909
v -0.250856 -0.150381 -5.621908
v -0.250856 -0.337881 -5.621909
v -0.000856 -1.306631 -5.809409
v -0.000856 -1.431631 -5.809409
v -0.250856 -1.306631 -5.809409
v -0.250856 -1.431631 -5.809409
v -0.000856 -1.275381 -5.621909
v -0.000856 -1.462881 -5.621909
v -0.250856 -1.275381 -5.621909
v -0.250856 -1.462881 -5.621909
v -0.000856 -0.931631 -5.809409
v -0.000856 -1.056631 -5.809409
v -0.250856 -0.931631 -5.809409
v -0.250856 -1.056631 -5.809409
v -0.000856 -0.900381 -5.621909
v -0.000856 -1.087881 -5.621909
v -0.250856 -0.900381 -5.621909
v -0.250856 -1.087881 -5.621909
v -0.000856 -1.681631 -5.809409
v -0.000856 -1.806631 -5.809409
v -0.250856 -1.681631 -5.809409
v -0.250856 -1.806631 -5.809409
v -0.000856 -1.650381 -5.621909
v -0.000856 -1.837881 -5.621909
v -0.250856 -1.650381 -5.621909
v -0.250856 -1.837881 -5.621909
v -0.000856 -0.556631 -5.184409
v -0.000856 -0.681631 -5.184409
v -0.250856 -0.556631 -5.184409
v -0.250856 -0.681631 -5.184409
v -0.000856 -0.525381 -5.371909
v -0.000856 -0.712881 -5.371909
v -0.250856 -0.525381 -5.371909
v -0.250856 -0.712881 -5.371909
v -0.000856 -0.181631 -5.184408
v -0.000856 -0.306631 -5.184409
v -0.250856 -0.181631 -5.184408
v -0.250856 -0.306631 -5.184409
v -0.000856 -0.150381 -5.371908
v -0.000856 -0.337881 -5.371909
v -0.250856 -0.150381 -5.371908
v -0.250856 -0.337881 -5.371909
v -0.000856 -1.306631 -5.184409
v -0.000856 -1.431631 -5.184409
v -0.250856 -1.306631 -5.184409
v -0.250856 -1.431631 -5.184409
v -0.000856 -1.275381 -5.371909
v -0.000856 -1.462881 -5.371909
v -0.250856 -1.275381 -5.371909
v -0.250856 -1.462881 -5.371909
v -0.000856 -0.931631 -5.184409
v -0.000856 -1.056631 -5.184409
v -0.250856 -0.931631 -5.184409
v -0.250856 -1.056631 -5.184409
v -0.000856 -0.900381 -5.371909
v -0.000856 -1.087881 -5.371909
v -0.250856 -0.900381 -5.371909
v -0.250856 -1.087881 -5.371909
v -0.000856 -1.681631 -5.184409
v -0.000856 -1.806631 -5.184409
v -0.250856 -1.681631 -5.184409
v -0.250856 -1.806631 -5.184409
v -0.000856 -1.650381 -5.371909
v -0.000856 -1.837881 -5.371909
v -0.250856 -1.650381 -5.371909
v -0.250856 -1.837881 -5.371909
v -0.000857 -2.431631 -5.184409
v -0.000857 -2.556631 -5.184409
v -0.250857 -2.431631 -5.184409
v -0.250857 -2.556631 -5.184409
v -0.000857 -2.400381 -5.371909
v -0.000857 -2.587881 -5.371909
v -0.250857 -2.400381 -5.371909
v -0.250857 -2.587881 -5.371909
v -0.000857 -2.056631 -5.184409
v -0.000857 -2.181631 -5.184409
v -0.250857 -2.056631 -5.184409
v -0.250857 -2.181631 -5.184409
v -0.000857 -2.025381 -5.371909
v -0.000857 -2.212881 -5.371909
v -0.250857 -2.025381 -5.371909
v -0.250857 -2.212881 -5.371909
v -0.000857 -3.181631 -5.184408
v -0.000857 -3.306631 -5.184408
v -0.250857 -3.181631 -5.184408
v -0.250857 -3.306631 -5.184408
v -0.000857 -3.150381 -5.371909
v -0.000857 -3.337881 -5.371908
v -0.250857 -3.150381 -5.371909
v -0.250857 -3.337881 -5.371908
v -0.000857 -2.806631 -5.184409
v -0.000857 -2.931631 -5.184409
v -0.250857 -2.806631 -5.184409
v -0.250857 -2.931631 -5.184409
v -0.000857 -2.775381 -5.371909
v -0.000857 -2.962881 -5.371909
v -0.250857 -2.775381 -5.371909
v -0.250857 -2.962881 -5.371909
v -0.000857 -3.556631 -5.184408
v -0.000857 -3.681631 -5.184408
v -0.250857 -3.556631 -5.184408
v -0.250857 -3.681631 -5.184408
v -0.000857 -3.525381 -5.371908
v -0.000857 -3.712881 -5.371908
v -0.250857 -3.525381 -5.371908
v -0.250857 -3.712881 -5.371908
v -0.000857 -4.306631 -5.184408
v -0.000857 -4.431631 -5.184408
v -0.250857 -4.306631 -5.184408
v -0.250857 -4.431631 -5.184408
v -0.000857 -4.275381 -5.371908
v -0.000857 -4.462881 -5.371908
v -0.250857 -4.275381 -5.371908
v -0.250857 -4.462881 -5.371908
v -0.000857 -3.931631 -5.184408
v -0.000857 -4.056631 -5.184408
v -0.250857 -3.931631 -5.184408
v -0.250857 -4.056631 -5.184408
v -0.000857 -3.900381 -5.371908
v -0.000857 -4.087881 -5.371908
v -0.250857 -3.900381 -5.371908
v -0.250857 -4.087881 -5.371908
v -0.000857 -5.056631 -5.184408
v -0.000857 -5.181631 -5.184408
v -0.250857 -5.056631 -5.184408
v -0.250857 -5.181631 -5.184408
v -0.000857 -5.025381 -5.371908
v -0.000857 -5.212881 -5.371908
v -0.250857 -5.025381 -5.371908
v -0.250857 -5.212881 -5.371908
v -0.000857 -4.681631 -5.184408
v -0.000857 -4.806631 -5.184408
v -0.250857 -4.681631 -5.184408
v -0.250857 -4.806631 -5.184408
v -0.000857 -4.650381 -5.371908
v -0.000857 -4.837881 -5.371908
v -0.250857 -4.650381 -5.371908
v -0.250857 -4.837881 -5.371908
v -0.000857 -5.431631 -5.184408
v -0.000857 -5.556631 -5.184408
v -0.250857 -5.431631 -5.184408
v -0.250857 -5.556631 -5.184408
v -0.000857 -5.400381 -5.371908
v -0.000857 -5.587881 -5.371908
v -0.250857 -5.400381 -5.371908
v -0.250857 -5.587881 -5.371908
v -4.000857 -3.994130 2.003092
v -3.000857 -3.994130 2.003092
v -4.000857 -6.994131 2.003091
v -3.000857 -6.994131 2.003091
v -4.000857 -3.994131 1.003092
v -3.000857 -3.994131 1.003092
v -4.000857 -6.994131 1.003092
v -3.000857 -6.994131 1.003092
v -3.000857 -3.994130 1.753092
v -2.000857 -3.994130 1.753092
v -3.000857 -6.994131 1.753091
v -2.000857 -6.994131 1.753091
v -3.000857 -3.994131 1.003092
v -2.000857 -3.994131 1.003092
v -3.000857 -6.994131 1.003092
v -2.000857 -6.994131 1.003092
v -2.000857 -3.994130 2.003092
v -1.000857 -3.994130 2.003092
v -2.000857 -6.994131 2.003092
v -1.000857 -6.994131 2.003092
v -2.000857 -3.994131 1.003092
v -1.000857 -3.994131 1.003092
v -2.000857 -6.994131 1.003092
v -1.000857 -6.994131 1.003091
v -2.750857 -6.244131 2.003092
v -2.250857 -6.244131 2.003092
v -2.750857 -6.744131 2.003092
v -2.250857 -6.744131 2.003092
v -2.750857 -6.244131 1.753091
v -2.250857 -6.244131 1.753091
v -2.750857 -6.744131 1.753091
v -2.250857 -6.744131 1.753091
v -2.750857 -5.244131 2.003092
v -2.250857 -5.244131 2.003092
v -2.750857 -5.744131 2.003092
v -2.250857 -5.744131 2.003092
v -2.750857 -5.244131 1.753091
v -2.250857 -5.244131 1.753091
v -2.750857 -5.744131 1.753091
v -2.250857 -5.744131 1.753091
v -2.750857 -4.244131 2.003092
v -2.250857 -4.244131 2.003092
v -2.750857 -4.744131 2.003092
v -2.250857 -4.744131 2.003092
v -2.750857 -4.244131 1.753092
v -2.250857 -4.244131 1.753092
v -2.750857 -4.744131 1.753092
v -2.250857 -4.744131 1.753092
v -4.000857 -3.994131 1.003092
v -1.000857 -3.994131 1.003092
v -4.000857 -5.994131 1.003092
v -1.000857 -5.994131 1.003092
v -4.000857 -3.994131 0.003092
v -1.000857 -3.994131 0.003092
v -4.000857 -5.994130 0.003092
v -1.000857 -5.994130 0.003092
v -4.250857 -5.494130 0.753092
v -4.000857 -5.494131 0.753092
v -4.250857 -5.994130 0.753092
v -4.000857 -5.994130 0.753092
v -4.250857 -5.494130 0.253092
v -4.000857 -5.494131 0.253092
v -4.250857 -5.994130 0.253092
v -4.000857 -5.994130 0.253092
v -5.750857 -5.494130 1.565592
v -5.250857 -5.494130 1.753091
v -5.750857 -5.994130 1.565592
v -5.250857 -5.994131 1.753091
v -5.750857 -5.494130 1.253092
v -5.250857 -5.494130 1.253092
v -5.750857 -5.994130 1.253092
v -5.250857 -5.994131 1.253092
v -4.250857 -5.494130 1.565592
v -4.750857 -5.494130 1.753091
v -4.250857 -5.994131 1.565592
v -4.750857 -5.994131 1.753091
v -4.250857 -5.494130 1.253092
v -4.750857 -5.494130 1.253092
v -4.250857 -5.994131 1.253092
v -4.750857 -5.994131 1.253092
v -4.750857 -5.494130 0.440592
v -4.250857 -5.494130 0.253092
v -4.750857 -5.994130 0.440592
v -4.250857 -5.994130 0.253092
v -4.750857 -5.494130 0.753092
v -4.250857 -5.494130 0.753092
v -4.750857 -5.994130 0.753092
v -4.250857 -5.994130 0.753092
v -5.750857 -5.494130 0.753092
v -5.750857 -5.494130 1.253092
v -5.750857 -5.994130 0.753092
v -5.750857 -5.994130 1.253092
v -5.250857 -5.494130 0.753092
v -5.250857 -5.494130 1.253092
v -5.250857 -5.994130 0.753092
v -5.250857 -5.994131 1.253092
v -4.750857 -5.494130 1.253092
v -5.250857 -5.494130 1.253092
v -4.750857 -5.994131 1.253092
v -5.250857 -5.994131 1.253092
v -4.750857 -5.494130 1.753091
v -5.250857 -5.494130 1.753091
v -4.750857 -5.994131 1.753091
v -5.250857 -5.994131 1.753091
v -4.250857 -5.494130 1.253092
v -4.250857 -5.494130 0.753092
v -4.250857 -5.994131 1.253092
v -4.250857 -5.994130 0.753092
v -4.750857 -5.494130 1.253092
v -4.750857 -5.494130 0.753092
v -4.750857 -5.994131 1.253092
v -4.750857 -5.994130 0.753092
v 0.999143 -5.994131 -2.996908
v 1.999143 -5.994131 -2.996908
v 0.999143 -6.994131 -2.996908
v 1.999143 -6.994131 -2.996908
v 0.999143 -5.994131 -3.996908
v 1.999143 -5.994131 -3.996908
v 0.999143 -6.994131 -3.996908
v 1.999143 -6.994131 -3.996908
v 1.499143 -5.994131 -2.996908
v 1.499143 -6.994131 -2.996908
v 1.499143 -6.994131 -3.996908
v 1.499143 -5.994131 -3.996908
v 0.999143 -5.994131 -0.996908
v 1.999143 -5.994131 -0.996908
v 0.999143 -6.994131 -0.996908
v 1.999143 -6.994131 -0.996908
v 0.999143 -5.994131 -1.996908
v 1.999143 -5.994131 -1.996908
v 0.999143 -6.994131 -1.996908
v 1.999143 -6.994131 -1.996908
v 1.499143 -5.994131 -0.996908
v 1.499143 -6.994131 -0.996908
v 1.499143 -6.994131 -1.996908
v 1.499143 -5.994131 -1.996908
v -2.917466 -3.931631 0.660776
v -2.741274 -3.931631 0.596647
v -2.831961 -3.931631 0.895699
v -2.655769 -3.931631 0.831570
v -2.917466 -3.994131 0.660776
v -2.741274 -3.994131 0.596647
v -2.831961 -3.994131 0.895699
v -2.655769 -3.994131 0.831570
v -3.120433 -3.931631 0.468605
v -2.885510 -3.931631 0.383100
v -3.077681 -3.931631 0.586067
v -2.842757 -3.931631 0.500562
v -3.120433 -3.994131 0.468605
v -2.885510 -3.994131 0.383100
v -3.077681 -3.994131 0.586067
v -2.842757 -3.994131 0.500562
v -3.189744 -3.931631 0.826388
v -3.131013 -3.931631 0.805012
v -3.125616 -3.931631 1.002580
v -3.066885 -3.931631 0.981204
v -3.189744 -3.994131 0.826388
v -3.131013 -3.994131 0.805012
v -3.125616 -3.994131 1.002580
v -3.066885 -3.994131 0.981204
v -3.152390 -3.931631 0.746281
v -3.093659 -3.931631 0.724904
v -3.088261 -3.931631 0.922473
v -3.029530 -3.931631 0.901097
v -3.152390 -3.994131 0.746281
v -3.093659 -3.994131 0.724904
v -3.088261 -3.994131 0.922473
v -3.029530 -3.994131 0.901097
v -3.115035 -3.931631 0.666173
v -3.056304 -3.931631 0.644797
v -3.050906 -3.931631 0.842366
v -2.992176 -3.931631 0.820989
v -3.115035 -3.994131 0.666173
v -3.056304 -3.994131 0.644797
v -3.050906 -3.994131 0.842366
v -2.992176 -3.994131 0.820989
v -3.077681 -3.931631 0.586067
v -3.018950 -3.931631 0.564691
v -3.013552 -3.931631 0.762259
v -2.954821 -3.931631 0.740883
v -3.077681 -3.994131 0.586067
v -3.018950 -3.994131 0.564691
v -3.013552 -3.994131 0.762259
v -2.954821 -3.994131 0.740883
v -2.821381 -3.931631 0.559292
v -2.762650 -3.931631 0.537916
v -2.800005 -3.931631 0.618023
v -2.741274 -3.931631 0.596647
v -2.821381 -3.994131 0.559292
v -2.762650 -3.994131 0.537916
v -2.800005 -3.994131 0.618023
v -2.741274 -3.994131 0.596647
v -2.773231 -3.931631 0.874322
v -2.714499 -3.931631 0.852946
v -2.751854 -3.931631 0.933053
v -2.693123 -3.931631 0.911677
v -2.773231 -3.994131 0.874322
v -2.714499 -3.994131 0.852946
v -2.751854 -3.994131 0.933053
v -2.693123 -3.994131 0.911677
v -3.018950 -3.931631 0.564691
v -2.842757 -3.931631 0.500562
v -2.976197 -3.931631 0.682152
v -2.800005 -3.931631 0.618023
v -3.018950 -3.994131 0.564691
v -2.842757 -3.994131 0.500562
v -2.976197 -3.994131 0.682152
v -2.800005 -3.994131 0.618023
v -3.376517 -3.931631 1.226923
v -3.317786 -3.931631 1.205547
v -3.333764 -3.931631 1.344385
v -3.275033 -3.931631 1.323008
v -3.376517 -3.994131 1.226923
v -3.317786 -3.994131 1.205547
v -3.333764 -3.994131 1.344385
v -3.275033 -3.994131 1.323008
v -3.339162 -3.931631 1.146816
v -3.280431 -3.931631 1.125440
v -3.275033 -3.931631 1.323008
v -3.216302 -3.931631 1.301632
v -3.339162 -3.994131 1.146816
v -3.280431 -3.994131 1.125440
v -3.275033 -3.994131 1.323008
v -3.216302 -3.994131 1.301632
v -3.301807 -3.931631 1.066709
v -3.243077 -3.931631 1.045333
v -3.237679 -3.931631 1.242901
v -3.178948 -3.931631 1.221525
v -3.301807 -3.994131 1.066709
v -3.243077 -3.994131 1.045333
v -3.237679 -3.994131 1.242901
v -3.178948 -3.994131 1.221525
v -3.264453 -3.931631 0.986602
v -3.205722 -3.931631 0.965226
v -3.200325 -3.931631 1.162794
v -3.141594 -3.931631 1.141418
v -3.264453 -3.994131 0.986602
v -3.205722 -3.994131 0.965226
v -3.200325 -3.994131 1.162794
v -3.141594 -3.994131 1.141418
v -3.227099 -3.931631 0.906495
v -3.168368 -3.931631 0.885118
v -3.162970 -3.931631 1.082687
v -3.104239 -3.931631 1.061311
v -3.227099 -3.994131 0.906495
v -3.168368 -3.994131 0.885118
v -3.162970 -3.994131 1.082687
v -3.104239 -3.994131 1.061311
v -3.376733 -3.931631 0.495379
v -3.141809 -3.931631 0.409875
v -3.312604 -3.931631 0.671572
v -3.077681 -3.931631 0.586067
v -3.376733 -3.994131 0.495379
v -3.141809 -3.994131 0.409875
v -3.312604 -3.994131 0.671572
v -3.077681 -3.994131 0.586067
v -3.141809 -3.931631 0.409875
v -3.083079 -3.931631 0.388498
v -3.120433 -3.931631 0.468605
v -3.061702 -3.931631 0.447229
v -3.141809 -3.994131 0.409875
v -3.083079 -3.994131 0.388498
v -3.120433 -3.994131 0.468605
v -3.061702 -3.994131 0.447229
v -3.414087 -3.931631 0.575486
v -3.355356 -3.931631 0.554110
v -3.392711 -3.931631 0.634217
v -3.333980 -3.931631 0.612841
v -3.414087 -3.994131 0.575486
v -3.355356 -3.994131 0.554110
v -3.392711 -3.994131 0.634217
v -3.333980 -3.994131 0.612841
v 1.249143 -5.244131 -3.246908
v 1.561643 -5.244131 -3.246908
v 1.249143 -5.744131 -3.246908
v 1.749143 -5.744131 -3.246908
v 1.249143 -5.244131 -3.746908
v 1.561643 -5.244131 -3.746908
v 1.249143 -5.744131 -3.746908
v 1.749143 -5.744131 -3.746908
v 1.249143 -5.744131 -3.246908
v 1.749143 -5.744131 -3.246908
v 1.249143 -5.994131 -3.246908
v 1.749143 -5.994131 -3.246908
v 1.249143 -5.744131 -3.746908
v 1.749143 -5.744131 -3.746908
v 1.249143 -5.994131 -3.746908
v 1.749143 -5.994131 -3.746908
v 1.249143 -5.244131 -3.246908
v 0.749143 -5.244131 -3.246908
v 1.249143 -5.744131 -3.246908
v 0.749143 -5.744131 -3.246908
v 1.249143 -5.244131 -3.746908
v 0.749143 -5.244131 -3.746908
v 1.249143 -5.744131 -3.746908
v 0.749143 -5.744131 -3.746908
v 0.749143 -5.244131 -3.246908
v 0.436643 -5.244131 -3.246908
v 0.749143 -5.744131 -3.246908
v 0.249143 -5.744131 -3.246908
v 0.749143 -5.244131 -3.746908
v 0.436643 -5.244131 -3.746908
v 0.749143 -5.744131 -3.746908
v 0.249143 -5.744131 -3.746908
v 0.249143 -5.744131 -3.246908
v 0.749143 -5.744131 -3.246908
v 0.249143 -5.994131 -3.246908
v 0.749143 -5.994131 -3.246908
v 0.249143 -5.744131 -3.746908
v 0.749143 -5.744131 -3.746908
v 0.249143 -5.994131 -3.746908
v 0.749143 -5.994131 -3.746908
v 1.249143 -5.244131 -1.246908
v 1.561643 -5.244131 -1.246908
v 1.249143 -5.744131 -1.246908
v 1.749143 -5.744131 -1.246908
v 1.249143 -5.244131 -1.746908
v 1.561643 -5.244131 -1.746908
v 1.249143 -5.744131 -1.746908
v 1.749143 -5.744131 -1.746908
v 1.249143 -5.744131 -1.246908
v 1.749143 -5.744131 -1.246908
v 1.249143 -5.994131 -1.246908
v 1.749143 -5.994131 -1.246908
v 1.249143 -5.744131 -1.746908
v 1.749143 -5.744131 -1.746908
v 1.249143 -5.994131 -1.746908
v 1.749143 -5.994131 -1.746908
v 1.249143 -5.244131 -1.246908
v 0.749143 -5.244131 -1.246908
v 1.249143 -5.744131 -1.246908
v 0.749143 -5.744131 -1.246908
v 1.249143 -5.244131 -1.746908
v 0.749143 -5.244131 -1.746908
v 1.249143 -5.744131 -1.746908
v 0.749143 -5.744131 -1.746908
v 0.749143 -5.244131 -1.246908
v 0.436643 -5.244131 -1.246908
v 0.749143 -5.744131 -1.246908
v 0.249143 -5.744131 -1.246908
v 0.749143 -5.244131 -1.746908
v 0.436643 -5.244131 -1.746908
v 0.749143 -5.744131 -1.746908
v 0.249143 -5.744131 -1.746908
v 0.249143 -5.744131 -1.246908
v 0.749143 -5.744131 -1.246908
v 0.249143 -5.994130 -1.246908
v 0.749143 -5.994131 -1.246908
v 0.249143 -5.744131 -1.746908
v 0.749143 -5.744131 -1.746908
v 0.249143 -5.994130 -1.746908
v 0.749143 -5.994131 -1.746908
v -3.000857 -5.994130 -5.996908
v -3.000857 -6.369130 -6.496909
v -3.000857 -6.994130 -5.996908
v -3.000857 -6.994130 -6.496909
v -2.000857 -5.994130 -5.996908
v -2.000857 -6.369130 -6.496909
v -2.000857 -6.994130 -5.996908
v -2.000857 -6.994130 -6.496909
v -4.000856 -5.994130 -5.996908
v -4.000856 -6.369130 -6.496909
v -4.000857 -6.994130 -5.996908
v -4.000857 -6.994130 -6.496909
v -3.000857 -5.994130 -5.996908
v -3.000857 -6.369130 -6.496909
v -3.000857 -6.994130 -5.996908
v -3.000857 -6.994130 -6.496909
v -2.000857 -5.994130 -5.996908
v -2.000857 -6.369130 -6.496909
v -2.000857 -6.994130 -5.996908
v -2.000857 -6.994130 -6.496909
v -1.000857 -5.994130 -5.996908
v -1.000857 -6.369130 -6.496909
v -1.000857 -6.994130 -5.996908
v -1.000857 -6.994130 -6.496909
v -0.000857 -5.994131 -3.496908
v -6.000857 -5.994130 -0.996908
v -6.000857 -5.994130 1.003092
v -6.000857 -6.994130 -0.996908
v -6.000857 -6.994130 1.003091
v -7.000857 -5.994130 -0.996908
v -7.000857 -5.994130 2.003092
v -7.000857 -6.994130 -0.996908
v -7.000857 -6.994130 2.003092
v -4.000857 -5.994131 1.003092
v -6.000857 -5.994130 1.003092
v -4.000857 -6.994131 1.003092
v -6.000857 -6.994130 1.003091
v -4.000857 -5.994131 2.003091
v -7.000857 -5.994130 2.003092
v -4.000857 -6.994131 2.003091
v -7.000857 -6.994130 2.003092
v -4.000857 -5.994130 0.003092
v -5.000857 -5.994130 0.003092
v -4.000857 -6.994130 0.003092
v -5.000857 -6.994130 0.003092
v -4.000857 -5.994131 1.003092
v -6.000857 -5.994130 1.003092
v -4.000857 -6.994131 1.003092
v -6.000857 -6.994130 1.003091
v -1.000857 -5.994130 0.003092
v -1.000857 -5.994131 1.003092
v -1.000857 -6.994130 0.003092
v -1.000857 -6.994131 1.003091
v -2.500857 -5.994130 0.003092
v -2.500857 -5.994131 1.003092
v -2.500857 -6.994130 0.003092
v -2.500857 -6.994131 1.003092
v -2.500857 -5.994130 0.003092
v -2.500857 -5.994131 1.003092
v -2.500857 -6.994130 0.003092
v -2.500857 -6.994131 1.003092
v -4.000857 -5.994130 0.003092
v -4.000857 -5.994131 1.003092
v -4.000857 -6.994130 0.003092
v -4.000857 -6.994131 1.003092
v -1.000857 -5.994130 0.003092
v -0.000857 -5.994130 0.003092
v -1.000857 -6.994130 0.003092
v -0.000857 -6.994130 0.003092
v -1.000857 -5.994131 1.003092
v 0.999143 -5.994131 1.003092
v -1.000857 -6.994131 1.003091
v 0.999143 -6.994131 1.003092
v -5.000857 -5.994131 -3.996908
v -5.000857 -5.994131 -4.996908
v -5.000857 -6.994131 -3.996908
v -5.000857 -6.994131 -4.996908
v -6.000857 -5.994130 -3.996908
v -6.000857 -5.994130 -5.996908
v -6.000857 -6.994130 -3.996908
v -6.000857 -6.994130 -5.996909
v -5.000857 -5.994130 -0.996908
v -6.000857 -5.994130 -0.996908
v -5.000857 -6.994130 -0.996908
v -6.000857 -6.994130 -0.996908
v -5.000857 -5.994130 -2.496908
v -6.000857 -5.994130 -2.496908
v -5.000857 -6.994130 -2.496908
v -6.000857 -6.994130 -2.496908
v -5.000857 -5.994130 -2.496908
v -6.000857 -5.994130 -2.496908
v -5.000857 -6.994130 -2.496908
v -6.000857 -6.994130 -2.496908
v -5.000857 -5.994131 -3.996908
v -6.000857 -5.994130 -3.996908
v -5.000857 -6.994131 -3.996908
v -6.000857 -6.994130 -3.996908
v -5.000857 -5.994130 -0.996908
v -5.000857 -5.994130 0.003092
v -5.000857 -6.994130 -0.996908
v -5.000857 -6.994130 0.003092
v -6.000857 -5.994130 -0.996908
v -6.000857 -5.994130 1.003092
v -6.000857 -6.994130 -0.996908
v -6.000857 -6.994130 1.003091
v 0.999143 -5.994131 -0.996908
v 0.999143 -5.994131 1.003092
v 0.999143 -6.994131 -0.996908
v 0.999143 -6.994131 1.003092
v 1.999143 -5.994131 -0.996908
v 1.999143 -5.994131 2.003092
v 1.999143 -6.994131 -0.996908
v 1.999143 -6.994131 2.003092
v -1.000857 -5.994131 1.003092
v 0.999143 -5.994131 1.003092
v -1.000857 -6.994131 1.003091
v 0.999143 -6.994131 1.003092
v -1.000857 -5.994131 2.003092
v 1.999143 -5.994131 2.003092
v -1.000857 -6.994131 2.003092
v 1.999143 -6.994131 2.003092
v -0.000857 -5.994131 -3.996908
v -0.000857 -5.994131 -4.996908
v -0.000857 -6.994131 -3.996908
v -0.000857 -6.994131 -4.996908
v 0.999143 -5.994131 -3.996908
v 0.999143 -5.994131 -5.996908
v 0.999143 -6.994131 -3.996908
v 0.999143 -6.994131 -5.996908
v -0.000857 -5.994130 -0.996908
v 0.999143 -5.994131 -0.996908
v -0.000857 -6.994130 -0.996908
v 0.999143 -6.994131 -0.996908
v -0.000857 -5.994130 -2.496908
v 0.999143 -5.994131 -2.496908
v -0.000857 -6.994130 -2.496908
v 0.999143 -6.994131 -2.496908
v -0.000857 -5.994130 -2.496908
v 0.999143 -5.994131 -2.496908
v -0.000857 -6.994130 -2.496908
v 0.999143 -6.994131 -2.496908
v -0.000857 -5.994131 -3.996908
v 0.999143 -5.994131 -3.996908
v -0.000857 -6.994131 -3.996908
v 0.999143 -6.994131 -3.996908
v -0.000857 -5.994130 -0.996908
v -0.000857 -5.994130 0.003092
v -0.000857 -6.994130 -0.996908
v -0.000857 -6.994130 0.003092
v 0.999143 -5.994131 -0.996908
v 0.999143 -5.994131 1.003092
v 0.999143 -6.994131 -0.996908
v 0.999143 -6.994131 1.003092
v -1.500857 -6.806630 -0.996908
v -1.250857 -6.806630 -1.246908
v -1.500857 -6.994130 -0.996908
v -1.250857 -6.994130 -1.246908
v -1.500857 -5.994130 0.003092
v -0.000857 -5.994130 0.003092
v -1.500857 -6.994130 0.003092
v -0.000857 -6.994130 0.003092
v -1.500857 -6.806630 -0.996908
v -3.500857 -6.806630 -0.996908
v -1.500857 -6.994130 -0.996908
v -3.500857 -6.994130 -0.996908
v -1.500857 -5.994130 0.003092
v -3.500857 -5.994130 0.003092
v -1.500857 -6.994130 0.003092
v -3.500857 -6.994130 0.003092
v -3.500857 -6.806630 -0.996908
v -3.750857 -6.806630 -1.246908
v -3.500857 -6.994130 -0.996908
v -3.750857 -6.994130 -1.246908
v -3.500857 -5.994130 0.003092
v -5.000857 -5.994130 0.003092
v -3.500857 -6.994130 0.003092
v -5.000857 -6.994130 0.003092
v -1.000857 -6.806630 -1.496908
v -1.250857 -6.806630 -1.246908
v -1.000857 -6.994130 -1.496908
v -1.250857 -6.994130 -1.246908
v -0.000857 -5.994130 -1.496908
v -0.000857 -5.994130 0.003092
v -0.000857 -6.994130 -1.496908
v -0.000857 -6.994130 0.003092
v -1.000857 -6.806630 -1.496908
v -1.000857 -6.806631 -3.496908
v -1.000857 -6.994130 -1.496908
v -1.000857 -6.994131 -3.496908
v -0.000857 -5.994130 -1.496908
v -0.000857 -6.994130 -1.496908
v -0.000857 -6.994131 -3.496908
v -1.000857 -6.806631 -3.496908
v -1.250857 -6.806631 -3.746908
v -1.000857 -6.994131 -3.496908
v -1.250857 -6.994131 -3.746908
v -0.000857 -5.994131 -3.496908
v -0.000857 -5.994131 -4.996908
v -0.000857 -6.994131 -3.496908
v -0.000857 -6.994131 -4.996908
v -1.500857 -6.806631 -3.996908
v -1.250857 -6.806631 -3.746908
v -1.500857 -6.994131 -3.996908
v -1.250857 -6.994131 -3.746908
v -1.500857 -5.994131 -4.996908
v -0.000857 -5.994131 -4.996908
v -1.500857 -6.994131 -4.996908
v -0.000857 -6.994131 -4.996908
v -1.500857 -6.806631 -3.996908
v -3.500857 -6.806631 -3.996908
v -1.500857 -6.994131 -3.996908
v -3.500857 -6.994131 -3.996908
v -1.500857 -5.994131 -4.996908
v -3.500857 -5.994131 -4.996908
v -1.500857 -6.994131 -4.996908
v -3.500857 -6.994131 -4.996908
v -3.500857 -6.806631 -3.996908
v -3.750857 -6.806631 -3.746908
v -3.500857 -6.994131 -3.996908
v -3.750857 -6.994131 -3.746908
v -3.500857 -5.994131 -4.996908
v -5.000857 -5.994131 -4.996908
v -3.500857 -6.994131 -4.996908
v -5.000857 -6.994131 -4.996908
v -4.000857 -6.806630 -1.496908
v -3.750857 -6.806630 -1.246908
v -4.000857 -6.994130 -1.496908
v -3.750857 -6.994130 -1.246908
v -5.000857 -5.994130 -1.496908
v -5.000857 -5.994130 0.003092
v -5.000857 -6.994130 -1.496908
v -5.000857 -6.994130 0.003092
v -4.000857 -6.806630 -1.496908
v -4.000857 -6.806631 -3.496908
v -4.000857 -6.994130 -1.496908
v -4.000857 -6.994131 -3.496908
v -5.000857 -5.994130 -1.496908
v -5.000857 -5.994131 -3.496908
v -5.000857 -6.994130 -1.496908
v -5.000857 -6.994131 -3.496908
v -4.000857 -6.806631 -3.496908
v -3.750857 -6.806631 -3.746908
v -4.000857 -6.994131 -3.496908
v -3.750857 -6.994131 -3.746908
v -5.000857 -5.994131 -3.496908
v -5.000857 -5.994131 -4.996908
v -5.000857 -6.994131 -3.496908
v -5.000857 -6.994131 -4.996908
v -4.000857 -5.994131 -4.996908
v -5.000857 -5.994131 -4.996908
v -4.000857 -6.994131 -4.996908
v -5.000857 -6.994131 -4.996908
v -4.000856 -5.994130 -5.996908
v -6.000857 -5.994130 -5.996908
v -4.000857 -6.994130 -5.996908
v -6.000857 -6.994130 -5.996909
v -1.000857 -5.994131 -4.996908
v -1.000857 -5.994130 -5.996908
v -1.000857 -6.994131 -4.996908
v -1.000857 -6.994130 -5.996908
v -2.500857 -5.994131 -4.996908
v -2.500857 -5.994130 -5.996908
v -2.500857 -6.994131 -4.996908
v -2.500857 -6.994130 -5.996908
v -2.500857 -5.994131 -4.996908
v -2.500857 -5.994130 -5.996908
v -2.500857 -6.994131 -4.996908
v -2.500857 -6.994130 -5.996908
v -4.000857 -5.994131 -4.996908
v -4.000856 -5.994130 -5.996908
v -4.000857 -6.994131 -4.996908
v -4.000857 -6.994130 -5.996908
v -1.000857 -5.994131 -4.996908
v -0.000857 -5.994131 -4.996908
v -1.000857 -6.994131 -4.996908
v -0.000857 -6.994131 -4.996908
v -1.000857 -5.994130 -5.996908
v 0.999143 -5.994131 -5.996908
v -1.000857 -6.994130 -5.996908
v 0.999143 -6.994131 -5.996908
v -6.000857 -5.994130 -3.996908
v -6.000857 -5.994130 -5.996908
v -6.000857 -6.994130 -3.996908
v -6.000857 -6.994130 -5.996909
v -7.000857 -5.994130 -3.996908
v -7.000857 -5.994130 -6.996909
v -7.000857 -6.994130 -3.996908
v -7.000857 -6.994130 -6.996909
v -4.000856 -5.994130 -5.996908
v -6.000857 -5.994130 -5.996908
v -4.000857 -6.994130 -5.996908
v -6.000857 -6.994130 -5.996909
v -4.000856 -5.994130 -6.996909
v -7.000857 -5.994130 -6.996909
v -4.000857 -6.994130 -6.996909
v -7.000857 -6.994130 -6.996909
v 0.999143 -5.994131 -3.996908
v 0.999143 -5.994131 -5.996908
v 0.999143 -6.994131 -3.996908
v 0.999143 -6.994131 -5.996908
v 1.999143 -5.994131 -3.996908
v 1.999143 -5.994131 -6.996909
v 1.999143 -6.994131 -3.996908
v 1.999143 -6.994131 -6.996909
v -1.000857 -5.994130 -5.996908
v 0.999143 -5.994131 -5.996908
v -1.000857 -6.994130 -5.996908
v 0.999143 -6.994131 -5.996908
v -1.000857 -5.994130 -6.996909
v 1.999143 -5.994131 -6.996909
v -1.000857 -6.994130 -6.996909
v 1.999143 -6.994131 -6.996909
v -6.000857 -5.994130 -1.996908
v -6.500857 -6.369130 -1.996908
v -6.000857 -6.994130 -1.996908
v -6.500857 -6.994130 -1.996908
v -6.000857 -5.994130 -2.996908
v -6.500857 -6.369130 -2.996908
v -6.000857 -6.994130 -2.996908
v -6.500857 -6.994130 -2.996908
v -6.000857 -5.994130 -0.996908
v -6.500857 -6.369130 -0.996908
v -6.000857 -6.994130 -0.996908
v -6.500857 -6.994130 -0.996908
v -6.000857 -5.994130 -1.996908
v -6.500857 -6.369130 -1.996908
v -6.000857 -6.994130 -1.996908
v -6.500857 -6.994130 -1.996908
v -6.000857 -5.994130 -2.996908
v -6.500857 -6.369130 -2.996908
v -6.000857 -6.994130 -2.996908
v -6.500857 -6.994130 -2.996908
v -6.000857 -5.994130 -3.996908
v -6.500857 -6.369130 -3.996908
v -6.000857 -6.994130 -3.996908
v -6.500857 -6.994130 -3.996908
v 0.999143 -6.994131 -1.996908
v 1.499143 -6.994131 -1.996908
v 0.999143 -6.994131 -2.996908
v 1.499143 -6.994131 -2.996908
v 0.999143 -5.994131 -1.996908
v 1.499143 -6.369131 -1.996908
v 0.999143 -5.994131 -2.996908
v 1.499143 -6.369131 -2.996908
vn -0.0000 -1.0000 -0.0000
vn -0.6835 -0.2563 0.6835
vn -0.0000 -0.2983 0.9545
vn 0.6835 -0.2563 0.6835
vn 0.9545 -0.2983 -0.0000
vn 0.6835 -0.2563 -0.6835
vn -0.0000 -0.2983 -0.9545
vn -0.6835 -0.2563 -0.6835
vn -0.9545 -0.2983 -0.0000
vn -0.6963 -0.1741 0.6963
vn -0.0000 -0.1843 0.9829
vn 0.6963 -0.1741 0.6963
vn 0.9829 -0.1843 -0.0000
vn 0.6963 -0.1741 -0.6963
vn -0.0000 -0.1843 -0.9829
vn -0.6963 -0.1741 -0.6963
vn -0.9829 -0.1843 -0.0000
vn -0.7010 -0.1314 0.7010
vn -0.0000 -0.1240 0.9923
vn 0.7010 -0.1314 0.7010
vn 0.9923 -0.1240 -0.0000
vn 0.7010 -0.1314 -0.7010
vn -0.0000 -0.1240 -0.9923
vn -0.7010 -0.1314 -0.7010
vn -0.9923 -0.1240 -0.0000
vn -0.7044 -0.0880 0.7044
vn 0.7044 -0.0880 0.7044
vn 0.7044 -0.0880 -0.7044
vn -0.7044 -0.0880 -0.7044
vn -0.7071 -0.0000 0.7071
vn -0.0000 1.0000 -0.0000
vn -0.0000 -0.0000 1.0000
vn 0.7071 -0.0000 0.7071
vn 1.0000 -0.0000 -0.0000
vn 0.7071 -0.0000 -0.7071
vn -0.0000 -0.0000 -1.0000
vn -0.7071 -0.0000 -0.7071
vn -1.0000 -0.0000 -0.0000
vn -0.5621 -0.0000 0.8271
vn 0.9104 -0.0000 0.4138
vn -0.9363 -0.0000 -0.3511
vn 0.9363 -0.0000 -0.3511
vn -0.9104 -0.0000 0.4138
vn 0.4138 -0.0000 -0.9104
vn -0.3511 -0.0000 0.9363
vn -0.0000 0.7071 0.7071
vn -0.0000 -0.7071 -0.7071
vn -0.0000 -0.7071 0.7071
vn -0.0000 0.7071 -0.7071
vn -0.0000 0.1644 0.9864
vn -0.0000 0.1644 -0.9864
vn -0.0000 -0.9864 0.1644
vn -0.0000 0.9864 0.1644
vn -0.0000 -0.9864 -0.1644
vn -0.0000 0.9864 -0.1644
vn -0.0000 -0.1644 0.9864
vn -0.0000 -0.1644 -0.9864
vn -0.0000 -0.8137 0.5812
vn -0.0000 0.5812 -0.8137
vn -0.0000 0.8137 0.5812
vn -0.0000 -0.5812 -0.8137
vn -0.0000 0.8137 -0.5812
vn -0.0000 -0.5812 0.8137
vn -0.0000 -0.8137 -0.5812
vn -0.0000 0.5812 0.8137
vn -0.0000 -0.6402 -0.7682
vn -0.0000 -0.6402 0.7682
vn -0.0000 -0.0000 -0.0000
vn 0.3511 -0.0000 0.9363
vn -0.3511 -0.0000 -0.9363
vn -0.3420 -0.0000 -0.9397
vn 0.3420 -0.0000 0.9397
vn -0.9397 -0.0000 0.3420
vn 0.9397 -0.0000 -0.3420
vn 0.9363 0.3511 -0.0000
vn -0.9363 0.3511 -0.0000
vn -0.0000 0.8000 -0.6000
vn -0.2953 0.9086 -0.2953
vn -0.2953 0.9086 -0.2954
vn -0.0000 0.7761 -0.6306
vn 0.2953 0.9086 -0.2954
vn 0.2953 0.9086 -0.2953
vn -0.2954 0.9086 -0.2953
vn -0.6306 0.7761 -0.0000
vn -0.2953 0.9086 0.2953
vn -0.2954 0.9086 0.2953
vn -0.2953 0.9086 0.2954
vn -0.0000 0.7761 0.6306
vn 0.2953 0.9086 0.2953
vn 0.2953 0.9086 0.2954
vn 0.2954 0.9086 -0.2953
vn 0.6306 0.7761 -0.0000
vn 0.2954 0.9086 0.2953
vn -0.6000 0.8000 -0.0000
vn 0.6000 0.8000 -0.0000
vt 0.375000 0.759803
vt 0.322303 0.812500
vt 0.250000 0.687500
vt 0.244638 0.000000
vt 0.319162 0.000000
vt 0.407550 0.486031
vt 0.156250 0.486031
vt 0.375000 0.615197
vt 0.406250 0.000000
vt 0.550856 0.000000
vt 0.582106 0.492597
vt 0.375000 0.492597
vt 0.322303 0.562500
vt 0.407550 0.486028
vt 0.156250 0.486028
vt 0.177697 0.562500
vt 0.375000 0.000000
vt 0.519606 0.000000
vt 0.550856 0.492597
vt 0.343750 0.492597
vt 0.125000 0.615197
vt 0.125000 0.759803
vt 0.550856 0.492594
vt 0.343750 0.492594
vt 0.177697 0.812500
vt 0.588387 0.000000
vt 0.662912 0.000000
vt 0.751300 0.486028
vt 0.500000 0.486028
vt 0.843750 0.735702
vt 0.603553 0.895833
vt 0.500000 0.666667
vt 0.584869 0.000000
vt 0.924556 0.000000
vt 0.968750 0.333333
vt 0.540672 0.333333
vt 0.843750 0.597631
vt 0.581693 0.001219
vt 0.788791 0.000000
vt 0.824614 0.332722
vt 0.555019 0.334309
vt 0.603553 0.437500
vt 0.575444 0.000000
vt 0.915131 0.000000
vt 0.959325 0.333333
vt 0.531250 0.333333
vt 0.396447 0.437500
vt 0.550443 0.001219
vt 0.757541 0.000000
vt 0.793364 0.332720
vt 0.523769 0.334307
vt 0.156250 0.597631
vt 0.584866 0.000000
vt 0.924553 0.000000
vt 0.156250 0.735702
vt 0.644193 0.001219
vt 0.851291 0.000000
vt 0.887114 0.332720
vt 0.617519 0.334307
vt 0.396447 0.895833
vt 0.522369 0.000000
vt 0.862056 0.000000
vt 0.906250 0.333333
vt 0.478175 0.333333
vt 0.968750 0.756535
vt 0.634803 0.979167
vt 0.474381 0.000000
vt 0.946653 0.000000
vt 0.452284 0.333333
vt 0.968750 0.576798
vt 0.068750 0.000000
vt 0.338356 0.000000
vt 0.369606 0.333333
vt 0.037500 0.333333
vt 0.634803 0.354167
vt 0.459597 0.000000
vt 0.931869 0.000000
vt 0.953966 0.333333
vt 0.437500 0.333333
vt 0.365197 0.354167
vt 0.031250 0.576798
vt 0.031250 0.756535
vt 0.365197 0.979167
vt 0.791667 0.786152
vt 0.506535 1.000000
vt 0.395833 0.703125
vt 0.288133 0.140625
vt 0.691371 0.140625
vt 0.720833 0.390625
vt 0.258671 0.390625
vt 0.791667 0.620098
vt 0.000000 0.140625
vt 0.229167 0.140625
vt 0.229167 0.390625
vt 0.000000 0.390625
vt 0.506535 0.406250
vt 0.279462 0.140625
vt 0.682700 0.140625
vt 0.712162 0.390625
vt 0.250000 0.390625
vt 0.285131 0.406250
vt 0.000000 0.620098
vt 0.000000 0.786152
vt 0.285131 1.000000
vt 0.285713 0.140625
vt 0.688950 0.140625
vt 0.718413 0.390625
vt 0.256250 0.390625
vt 0.987500 0.294135
vt 0.985331 0.708333
vt 0.686427 0.496870
vt 0.000000 0.000000
vt 0.248527 0.000000
vt 0.248527 0.333333
vt 0.000000 0.333333
vt 0.576481 0.019045
vt 0.825000 0.022660
vt 0.698122 0.520833
vt 0.987500 0.294121
vt 0.987500 0.708333
vt 0.687500 0.501227
vt 0.576473 0.020833
vt 0.825000 0.020833
vt 0.700736 0.520833
vt 0.576481 0.022660
vt 0.825000 0.019046
vt 0.703358 0.520833
vt 0.823528 0.979167
vt 0.575000 0.979167
vt 0.699264 0.479167
vt 0.825000 0.979167
vt 0.576481 0.975552
vt 0.703359 0.477379
vt 0.413596 0.708333
vt 0.411427 0.294135
vt 0.712500 0.496871
vt 0.412500 0.708333
vt 0.412500 0.294121
vt 0.712500 0.501227
vt 0.576473 0.979167
vt 0.700736 0.479167
vt 0.575000 0.020833
vt 0.823528 0.020833
vt 0.699264 0.520833
vt 0.500000 0.791667
vt 0.250000 0.791667
vt 0.250000 0.500000
vt 0.500000 0.500000
vt 0.000000 0.791667
vt 0.000000 0.500000
vt 0.250000 0.541667
vt 0.500000 0.541667
vt 0.760417 0.927083
vt 0.510417 0.927083
vt 0.510417 0.677083
vt 0.760417 0.677083
vt 0.760417 0.968750
vt 0.510417 0.968750
vt 0.500000 0.750000
vt 0.250000 0.750000
vt 0.156250 0.843750
vt 0.156250 1.000000
vt 0.000000 1.000000
vt 0.000000 0.843750
vt 0.500000 1.000000
vt 0.343750 1.000000
vt 0.343750 0.843750
vt 0.500000 0.843750
vt 0.312500 0.500000
vt 0.312500 0.843750
vt 0.156250 0.500000
vt 0.312500 0.562500
vt 0.312500 0.875000
vt 0.156250 0.875000
vt 0.156250 0.562500
vt 0.312500 0.687500
vt 0.312500 1.000000
vt 0.156250 0.687500
vt 0.312500 0.781250
vt 0.312500 0.906250
vt 0.156250 0.906250
vt 0.156250 0.781250
vt 0.500000 0.781250
vt 0.343750 0.781250
vt 0.343750 0.625000
vt 0.500000 0.625000
vt 0.312500 0.812500
vt 0.156250 0.812500
vt 0.156250 0.656250
vt 0.312500 0.656250
vt 0.312500 0.718750
vt 0.312500 0.968750
vt 0.156250 0.968750
vt 0.156250 0.718750
vt 0.156250 0.937500
vt 0.000000 0.937500
vt 0.000000 0.781250
vt 0.468750 1.000000
vt 0.468750 0.843750
vt 0.200444 0.887944
vt 0.312500 0.984375
vt 0.312500 0.671875
vt 0.156250 0.671875
vt 0.156250 0.984375
vt 0.312500 0.764128
vt 0.156250 0.764128
vt 0.312500 0.750000
vt 0.312500 0.937500
vt 0.156250 0.750000
vt 0.156250 0.531250
vt 0.312500 0.531250
vt 0.000000 0.968750
vt 0.000000 0.812500
vt 0.750000 1.000000
vt 0.750000 0.750000
vt 0.750000 0.531250
vt 0.750000 0.093750
vt 0.500000 0.187500
vt 0.500000 0.531250
vt 0.500000 0.093750
vt 0.750000 0.437500
vt 1.000000 0.093750
vt 1.000000 0.437500
vt 1.000000 0.531250
vt 0.750000 0.187500
vt 1.000000 0.218750
vt 1.000000 0.468750
vt 0.750000 0.468750
vt 0.750000 0.218750
vt 0.750000 0.500000
vt 1.000000 0.250000
vt 1.000000 0.500000
vt 0.750000 0.250000
vt 1.000000 0.125000
vt 1.000000 0.562500
vt 0.750000 0.562500
vt 0.750000 0.125000
vt 1.000000 0.312500
vt 0.750000 0.312500
vt 0.000000 0.802083
vt 0.000000 0.885417
vt 0.083333 0.885417
vt 0.083333 0.802083
vt 0.083333 0.875000
vt 0.000000 0.875000
vt 0.083333 0.812500
vt 0.072917 0.885417
vt 0.072917 0.802083
vt 0.010417 0.802083
vt 0.010417 0.885417
vt 0.229167 0.812500
vt 0.229167 0.875000
vt 0.166667 0.875000
vt 0.166667 0.812500
vt 0.218750 0.875000
vt 0.218750 0.812500
vt 0.229167 0.822917
vt 0.166667 0.822917
vt 0.177083 0.812500
vt 0.177083 0.875000
vt 0.677083 0.666667
vt 0.510417 0.666667
vt 0.510417 0.000000
vt 0.677083 0.000000
vt 0.166667 0.500000
vt 0.000000 0.166667
vt 0.166667 0.000000
vt 0.927083 0.666667
vt 0.687500 0.666667
vt 0.687500 0.000000
vt 0.927083 0.000000
vt 0.333333 0.000000
vt 0.333333 0.500000
vt 0.500000 0.166667
vt 0.500000 0.333333
vt 0.906250 0.000000
vt 0.906250 1.000000
vt 0.593750 1.000000
vt 0.593750 0.000000
vt 0.406250 0.187500
vt 0.406250 0.812500
vt 0.093750 0.812500
vt 0.093750 0.187500
vt 0.270598 0.808658
vt 0.191341 1.000000
vt 0.000000 0.808658
vt 0.520833 0.000000
vt 0.676164 0.000000
vt 0.676164 0.104167
vt 0.520833 0.104167
vt 0.000000 0.729402
vt 0.191342 0.808659
vt 0.000000 1.000000
vt 0.250000 0.792894
vt 0.250000 1.000000
vt 0.000000 0.896447
vt 0.676162 0.000000
vt 0.676162 0.104167
vt 0.000000 0.750000
vt 0.207106 0.750000
vt 0.103553 1.000000
vt 0.207106 1.000000
vt 0.103553 0.750000
vt 0.079257 0.808658
vt 0.270598 1.000000
vt 0.191342 1.000000
vt 0.000000 0.920743
vt 0.191342 0.729402
vt 0.000000 0.792894
vt 0.250000 0.896447
vt 0.552083 0.958333
vt 0.666667 0.958333
vt 0.666667 1.000000
vt 0.552083 1.000000
vt 0.718750 1.000000
vt 0.645833 1.000000
vt 0.645833 0.958333
vt 0.718750 0.958333
vt 0.541674 0.835272
vt 0.541674 0.944928
vt 0.500000 0.927234
vt 0.500000 0.852967
vt 0.647006 0.958333
vt 0.647006 1.000000
vt 0.572917 1.000000
vt 0.572917 0.958333
vt 0.541601 0.842577
vt 0.541601 0.937500
vt 0.500000 0.927173
vt 0.500000 0.852904
vt 0.604167 0.958333
vt 0.604167 1.000000
vt 0.656250 1.000000
vt 0.583333 1.000000
vt 0.583333 0.958333
vt 0.656250 0.958333
vt 0.541674 0.838261
vt 0.541674 0.947917
vt 0.500000 0.930222
vt 0.500000 0.855955
vt 0.562500 0.958333
vt 0.562500 1.000000
vt 0.541601 0.841113
vt 0.541601 0.936036
vt 0.500000 0.925709
vt 0.500000 0.851440
vt 0.697917 0.958333
vt 0.697917 1.000000
vt 0.687500 1.000000
vt 0.614583 1.000000
vt 0.614583 0.958333
vt 0.687500 0.958333
vt 0.625000 1.000000
vt 0.625000 0.958333
vt 0.593750 0.958333
vt 0.708333 0.958333
vt 0.708333 1.000000
vt 0.635417 1.000000
vt 0.635417 0.958333
vt 0.729167 0.906250
vt 0.729167 0.947917
vt 0.645833 0.947917
vt 0.645833 0.906250
vt 0.635417 0.864583
vt 0.635417 0.947917
vt 0.552083 0.947917
vt 0.552083 0.864583
vt 0.625000 0.822917
vt 0.812500 0.822917
vt 0.760417 0.875000
vt 0.677083 0.875000
vt 0.812500 0.739583
vt 0.625000 0.739583
vt 0.760417 0.687500
vt 0.677083 0.687500
vt 0.531250 0.916667
vt 0.510417 0.916667
vt 0.510417 0.875000
vt 0.531250 0.875000
vt 0.520833 1.000000
vt 0.520833 0.958333
vt 0.500000 0.958333
vt 0.541667 0.916667
vt 0.510417 0.911458
vt 0.510417 0.890625
vt 0.541667 0.885417
vt 0.541667 0.927083
vt 0.510417 0.885417
vt 0.906250 0.437500
vt 0.989583 0.437500
vt 0.989583 0.395833
vt 0.906250 0.395833
vt 0.864583 0.395833
vt 0.864583 0.437500
vt 0.864583 0.302083
vt 0.864583 0.385417
vt 0.989583 0.385417
vt 0.989583 0.302083
vt 0.135417 -0.197917
vt 0.135417 -0.072917
vt 0.177083 -0.072917
vt 0.177083 -0.197917
vt 0.385417 0.437500
vt 0.552083 0.437500
vt 0.552083 0.395833
vt 0.385417 0.395833
vt 0.968750 0.395833
vt 0.968750 0.437500
vt 0.864583 0.177083
vt 0.885417 0.177083
vt 0.875000 0.395833
vt 0.875000 0.437500
vt 0.520833 0.437500
vt 0.520833 0.395833
vt 0.916667 0.395833
vt 0.916667 0.437500
vt 0.562500 0.437500
vt 0.562500 0.395833
vt 0.510417 0.177083
vt 0.510417 0.385417
vt 0.166667 0.750000
vt 0.000000 0.666667
vt 0.166667 0.666667
vt 0.218750 1.000000
vt 0.000000 0.833333
vt 0.218750 0.833333
vt 0.291667 0.385417
vt 0.510417 0.302083
vt 0.291667 0.302083
vt 0.166667 0.625000
vt 0.000000 0.625000
vt 0.166667 0.406250
vt 0.000000 0.406250
vt 0.000000 0.239583
vt 0.166667 0.239583
vt 0.166667 0.635417
vt 0.000000 0.635417
vt 0.395833 0.177083
vt 0.142857 0.580357
vt 0.142857 0.705357
vt 0.000000 0.705357
vt 0.000000 0.580357
vt 0.500000 0.705357
vt 0.223214 0.705357
vt 0.223214 0.580357
vt 0.500000 0.580357
vt 0.000000 0.857143
vt 0.000000 0.714286
vt 0.142857 0.714286
vt 0.142857 1.000000
vt 0.303571 0.866071
vt 0.446429 0.866071
vt 0.446429 0.741071
vt 0.303571 0.741071
vt 0.000000 0.979167
vt 0.020833 1.000000
vt 0.000000 0.502083
vt 0.145833 0.502083
vt 0.145833 0.739583
vt 0.000000 0.739583
vt 0.333333 0.833333
vt 0.166667 0.833333
vt 0.333333 1.000000
vt 0.166667 1.000000
vt 0.468750 0.500000
vt 0.468750 0.833333
vt 0.364583 0.833333
vt 0.364583 0.500000
vt 0.468750 0.937500
vt 0.364583 0.937500
vt 0.151786 1.000000
vt 0.294643 1.000000
vt 0.294643 0.857143
vt 0.151786 0.857143
vt 0.437500 0.500000
vt 0.437500 0.833333
vt 0.395833 0.833333
vt 0.395833 0.500000
vt 0.614583 0.885417
vt 0.614583 0.927083
vt 0.572917 0.927083
vt 0.572917 0.885417
vt 0.803571 0.571429
vt 0.803571 1.000000
vt 0.660714 1.000000
vt 0.660714 0.571429
vt 0.303571 0.428571
vt 0.446429 0.428571
vt 0.446429 0.571429
vt 0.303571 0.571429
vt 0.651786 0.571429
vt 0.651786 1.000000
vt 0.508929 1.000000
vt 0.508929 0.571429
vt 0.142857 0.571429
vt 0.000000 0.571429
vt 0.446429 0.464286
vt 0.589286 0.464286
vt 0.589286 0.571429
vt 0.107143 0.571429
vt 0.107143 1.000000
vt 0.955357 0.571429
vt 0.955357 1.000000
vt 0.812500 1.000000
vt 0.812500 0.571429
vt 0.589286 0.428571
vt 0.732143 0.428571
vt 0.732143 0.571429
vt 0.223214 0.714286
vt 0.223214 0.785714
vt 0.151786 0.785714
vt 0.151786 0.714286
vt 0.294643 0.714286
vt 0.294643 0.785714
vt 0.258929 0.785714
vt 0.258929 0.714286
vt 0.428571 0.133929
vt 0.428571 0.419643
vt 0.000000 0.419643
vt 0.000000 0.133929
vt 0.883929 0.133929
vt 0.883929 0.562500
vt 0.741071 0.562500
vt 0.741071 0.133929
vt 0.732143 0.133929
vt 0.732143 0.419643
vt 0.589286 0.419643
vt 0.589286 0.133929
vt 0.580357 0.133929
vt 0.580357 0.419643
vt 0.437500 0.419643
vt 0.437500 0.133929
vt 0.303571 0.785714
vt 0.375000 0.785714
vt 0.375000 0.821429
vt 0.303571 0.821429
vt 0.375000 0.928571
vt 0.375000 1.000000
vt 0.303571 1.000000
vt 0.303571 0.928571
vt 0.375000 0.839286
vt 0.446429 0.839286
vt 0.446429 0.767857
vt 0.375000 0.767857
vt 0.348214 0.928571
vt 0.375000 0.857143
vt 0.303571 0.857143
vt 0.446429 0.776786
vt 0.375000 0.776786
vt 0.375000 0.732143
vt 0.446429 0.732143
vt 0.303571 0.812500
vt 0.375000 0.812500
vt 0.375000 0.741071
vt 0.303571 0.839286
vt 0.303571 0.767857
vt 0.375000 0.428571
vt 0.375000 0.571429
vt 0.883929 0.205357
vt 0.741071 0.205357
vt 0.151786 0.928571
vt 0.294643 0.928571
vt 0.294643 0.428571
vt 0.294643 0.571429
vt 0.151786 0.571429
vt 0.151786 0.428571
vt 0.660714 0.428571
vt 0.741071 0.491071
vt 0.883929 0.491071
vt 0.142857 0.428571
vt 0.000000 0.428571
vt 0.401786 0.035714
vt 0.401786 0.071429
vt 0.375000 0.071429
vt 0.375000 0.035714
vt 0.383929 0.044643
vt 0.383929 0.071429
vt 0.375000 0.044643
vt 0.383929 0.035714
vt 0.392857 0.071429
vt 0.392857 0.035714
vt 0.392857 0.089286
vt 0.392857 0.107143
vt 0.357143 0.107143
vt 0.357143 0.089286
vt 0.366071 0.089286
vt 0.366071 0.107143
vt 0.383929 0.107143
vt 0.383929 0.089286
vt 0.303571 0.000000
vt 0.303571 0.026786
vt 0.294643 0.026786
vt 0.294643 0.000000
vt 0.303571 0.017857
vt 0.294643 0.017857
vt 0.303571 0.008929
vt 0.294643 0.008929
vt 0.312500 0.008929
vt 0.312500 0.035714
vt 0.303571 0.035714
vt 0.312500 0.026786
vt 0.312500 0.017857
vt 0.392857 0.080357
vt 0.383929 0.080357
vt 0.366071 0.071429
vt 0.375000 0.089286
vt 0.285714 0.017857
vt 0.285714 0.000000
vt 0.285714 0.008929
vt 0.357143 0.116071
vt 0.321429 0.116071
vt 0.321429 0.089286
vt 0.321429 0.107143
vt 0.357143 0.098214
vt 0.321429 0.098214
vt 0.366071 0.116071
vt 0.312500 0.107143
vt 0.312500 0.098214
vt 0.656250 0.750000
vt 1.000000 0.031250
vt 1.000000 0.187500
vt 0.750000 0.031250
vt 1.000000 0.000000
vt 0.750000 0.000000
vt 1.000000 0.295500
vt 0.750000 0.295500
vt 1.000000 0.375000
vt 0.750000 0.375000
vt 0.500000 0.375000
vt 0.500000 0.125000
vt 0.218750 0.843750
vt 0.250000 0.375000
vt 0.500000 0.250000
vt 0.250000 0.250000
vt 0.250000 0.406250
vt 0.500000 0.406250
vt 1.000000 1.000000
vt 1.000000 0.750000
vt 0.500000 0.000000
vt 0.578125 0.625000
vt 0.578125 0.875000
vt 0.328125 0.875000
vt 0.328125 0.625000
vt 0.593750 0.515625
vt 0.593750 0.765625
vt 0.093750 0.765625
vt 0.093750 0.515625
vt 0.359375 0.812500
vt 0.359375 0.562500
vt 0.609375 0.312500
vt 0.609375 0.812500
vt 0.218750 0.593750
vt 0.218750 0.343750
vt 0.468750 0.343750
vt 0.406250 0.546875
vt 0.406250 0.796875
vt 0.156250 0.796875
vt 0.156250 0.546875
vt 0.416053 0.500000
vt 0.416053 0.750000
vt 0.062500 0.750000
vt 0.062500 0.500000
vt 0.140625 0.781250
vt 0.390625 0.781250
vt 0.390625 0.531250
vt 0.140625 0.531250
vt 0.031250 0.671875
vt 0.281250 0.671875
vt 0.281250 0.421875
vt 0.031250 0.421875
vt 0.296875 0.859375
vt 0.671875 0.859375
vt 0.671875 0.609375
vt 0.296875 0.609375
vt 0.531250 0.687500
vt 0.531250 0.437500
vt 0.156250 0.437500
vt 0.250000 0.640625
vt 0.625000 0.640625
vt 0.625000 0.390625
vt 0.171875 0.843750
vt 0.546875 0.843750
vt 0.546875 0.593750
vt 0.171875 0.593750
vt 0.312500 0.296875
vt 0.400889 0.296875
vt 0.400889 0.250000
vt 0.312500 0.250000
vt 0.523620 1.000000
vt 0.198163 0.638544
vt 0.132477 0.697687
vt 0.165347 0.998381
vt 0.571653 0.573223
vt 0.748430 0.750000
vt 0.748430 0.838388
vt 0.306488 0.838388
vt 0.625000 0.250000
vt 0.625000 0.296875
vt 0.125000 0.296875
vt 0.125000 0.250000
vt 0.125000 0.677883
vt 0.625000 0.677883
vt 0.125000 1.000000
vt 0.750000 0.906250
vt 0.750000 0.406250
vt 0.500000 0.906250
s 0
usemtl m_b394c4bc-7e2c-cbcd-364c-d8a537b5a11b.001
f 7/1/1 5/2/1 4/3/1
f 5/4/2 7/5/2 8/6/2 6/7/2
f 9/8/1 7/1/1 4/3/1
f 7/9/3 9/10/3 10/11/3 8/12/3
f 11/13/1 9/8/1 4/3/1
f 9/4/4 11/5/4 12/14/4 10/15/4
f 13/16/1 11/13/1 4/3/1
f 11/17/5 13/18/5 14/19/5 12/20/5
f 15/21/1 13/16/1 4/3/1
f 13/4/6 15/5/6 16/6/6 14/7/6
f 17/22/1 15/21/1 4/3/1
f 15/17/7 17/18/7 18/23/7 16/24/7
f 19/25/1 17/22/1 4/3/1
f 17/26/8 19/27/8 20/28/8 18/29/8
f 5/2/1 19/25/1 4/3/1
f 19/17/9 5/18/9 6/19/9 20/20/9
usemtl m_d9db94f9-ca6e-c384-dfe8-8079f62d6c81.001
f 24/30/1 22/31/1 21/32/1
f 22/33/10 24/34/10 25/35/10 23/36/10
f 26/37/1 24/30/1 21/32/1
f 24/38/11 26/39/11 27/40/11 25/41/11
f 28/42/1 26/37/1 21/32/1
f 26/43/12 28/44/12 29/45/12 27/46/12
f 30/47/1 28/42/1 21/32/1
f 28/48/13 30/49/13 31/50/13 29/51/13
f 32/52/1 30/47/1 21/32/1
f 30/53/14 32/54/14 33/35/14 31/36/14
f 34/55/1 32/52/1 21/32/1
f 32/56/15 34/57/15 35/58/15 33/59/15
f 36/60/1 34/55/1 21/32/1
f 34/61/16 36/62/16 37/63/16 35/64/16
f 22/31/1 36/60/1 21/32/1
f 36/38/17 22/39/17 23/40/17 37/41/17
f 41/65/1 39/66/1 38/32/1
f 39/67/18 41/68/18 42/35/18 40/69/18
f 43/70/1 41/65/1 38/32/1
f 41/71/19 43/72/19 44/73/19 42/74/19
f 45/75/1 43/70/1 38/32/1
f 43/76/20 45/77/20 46/78/20 44/79/20
f 47/80/1 45/75/1 38/32/1
f 45/71/21 47/72/21 48/73/21 46/74/21
f 49/81/1 47/80/1 38/32/1
f 47/67/22 49/68/22 50/35/22 48/69/22
f 51/82/1 49/81/1 38/32/1
f 49/71/23 51/72/23 52/73/23 50/74/23
f 53/83/1 51/82/1 38/32/1
f 51/76/24 53/77/24 54/78/24 52/79/24
f 39/66/1 53/83/1 38/32/1
f 53/71/25 39/72/25 40/73/25 54/74/25
usemtl m_a8c0180c-1f6a-8f9a-48fa-e2282b22d76e.001
f 58/84/1 56/85/1 55/86/1
f 56/87/26 58/88/26 59/89/26 57/90/26
f 60/91/1 58/84/1 55/86/1
f 58/92/19 60/93/19 61/94/19 59/95/19
f 62/96/1 60/91/1 55/86/1
f 60/97/27 62/98/27 63/99/27 61/100/27
f 64/101/1 62/96/1 55/86/1
f 62/92/21 64/93/21 65/94/21 63/95/21
f 66/102/1 64/101/1 55/86/1
f 64/87/28 66/88/28 67/89/28 65/90/28
f 68/103/1 66/102/1 55/86/1
f 66/92/23 68/93/23 69/94/23 67/95/23
f 70/104/1 68/103/1 55/86/1
f 68/105/29 70/106/29 71/107/29 69/108/29
f 56/85/1 70/104/1 55/86/1
f 70/92/25 56/93/25 57/94/25 71/95/25
usemtl m_ffef6f5e-259e-2875-6227-f459cf8a2fbe.002
f 76/109/1 74/110/1 72/111/1
f 74/112/30 76/113/30 77/114/30 75/115/30
f 75/116/31 77/117/31 73/118/31
f 78/119/1 76/120/1 72/121/1
f 76/112/32 78/113/32 79/114/32 77/115/32
f 77/122/31 79/123/31 73/124/31
f 80/125/1 78/126/1 72/127/1
f 78/112/33 80/113/33 81/114/33 79/115/33
f 79/116/31 81/117/31 73/118/31
f 82/122/1 80/123/1 72/124/1
f 80/112/34 82/113/34 83/114/34 81/115/34
f 81/128/31 83/129/31 73/130/31
f 84/131/1 82/132/1 72/133/1
f 82/112/35 84/113/35 85/114/35 83/115/35
f 83/134/31 85/135/31 73/136/31
f 86/137/1 84/138/1 72/139/1
f 84/112/36 86/113/36 87/114/36 85/115/36
f 85/119/31 87/120/31 73/121/31
f 88/134/1 86/135/1 72/136/1
f 86/112/37 88/113/37 89/114/37 87/115/37
f 87/131/31 89/132/31 73/133/31
f 74/131/1 88/140/1 72/141/1
f 88/112/38 74/113/38 75/114/38 89/115/38
f 89/142/31 75/143/31 73/144/31
usemtl m_ccb49d2d-244d-88a6-ec7c-ed9c1bd618a3.001
f 90/145/36 91/146/36 93/147/36 92/148/36
f 95/146/32 94/149/32 96/150/32 97/147/32
f 95/145/31 91/146/31 90/151/31 94/152/31
f 96/153/1 92/154/1 93/155/1 97/156/1
f 94/146/38 90/149/38 92/150/38 96/147/38
f 91/157/34 95/158/34 97/155/34 93/156/34
f 101/150/32 99/149/32 98/146/32 100/147/32
f 104/147/36 102/146/36 103/149/36 105/150/36
f 98/152/31 99/145/31 103/146/31 102/151/31
f 101/156/1 100/153/1 104/154/1 105/155/1
f 100/147/38 98/146/38 102/149/38 104/150/38
f 105/147/34 103/146/34 99/149/34 101/150/34
f 109/148/32 107/145/32 106/146/32 108/147/32
f 112/148/36 110/145/36 111/146/36 113/147/36
f 106/148/31 107/159/31 111/160/31 110/147/31
f 109/156/1 108/153/1 112/154/1 113/155/1
f 108/156/38 106/157/38 110/158/38 112/155/38
f 113/147/34 111/146/34 107/149/34 109/150/34
f 114/146/36 115/149/36 117/150/36 116/147/36
f 119/146/32 118/149/32 120/150/32 121/147/32
f 119/159/31 115/160/31 114/147/31 118/148/31
f 120/153/1 116/154/1 117/155/1 121/156/1
f 118/145/38 114/146/38 116/147/38 120/148/38
f 115/146/34 119/149/34 121/150/34 117/147/34
f 421/240/32 419/241/32 418/242/32 420/243/32
f 424/243/36 422/242/36 423/241/36 425/240/36
f 418/244/31 419/245/31 423/241/31 422/242/31
f 421/240/1 420/243/1 424/246/1 425/213/1
f 420/243/38 418/242/38 422/247/38 424/248/38
f 425/249/34 423/250/34 419/241/34 421/240/34
f 429/240/32 427/241/32 426/242/32 428/243/32
f 432/243/36 430/242/36 431/241/36 433/240/36
f 426/244/31 427/245/31 431/241/31 430/242/31
f 429/240/1 428/243/1 432/246/1 433/213/1
f 428/243/38 426/242/38 430/247/38 432/248/38
f 433/249/34 431/250/34 427/241/34 429/240/34
f 437/240/32 435/241/32 434/242/32 436/243/32
f 440/243/36 438/242/36 439/241/36 441/240/36
f 434/244/31 435/245/31 439/241/31 438/242/31
f 437/240/1 436/243/1 440/246/1 441/213/1
f 436/243/38 434/242/38 438/247/38 440/248/38
f 441/249/34 439/250/34 435/241/34 437/240/34
f 445/240/32 443/241/32 442/242/32 444/243/32
f 448/243/36 446/242/36 447/241/36 449/240/36
f 442/244/31 443/245/31 447/241/31 446/242/31
f 445/240/1 444/243/1 448/246/1 449/213/1
f 444/243/38 442/242/38 446/247/38 448/248/38
f 449/249/34 447/250/34 443/241/34 445/240/34
f 453/251/32 451/252/32 450/253/32 452/254/32
f 456/251/36 454/252/36 455/253/36 457/254/36
f 450/251/31 451/252/31 455/255/31 454/256/31
f 453/254/1 452/251/1 456/257/1 457/258/1
f 452/251/38 450/252/38 454/255/38 456/256/38
f 457/259/34 455/260/34 451/253/34 453/254/34
f 461/251/32 459/252/32 458/253/32 460/254/32
f 464/251/36 462/252/36 463/253/36 465/254/36
f 458/251/31 459/252/31 463/255/31 462/256/31
f 461/254/1 460/251/1 464/257/1 465/258/1
f 460/251/38 458/252/38 462/255/38 464/256/38
f 465/259/34 463/260/34 459/253/34 461/254/34
f 469/251/32 467/252/32 466/253/32 468/254/32
f 472/251/36 470/252/36 471/253/36 473/254/36
f 466/251/31 467/252/31 471/255/31 470/256/31
f 469/254/1 468/251/1 472/257/1 473/258/1
f 468/251/38 466/252/38 470/255/38 472/256/38
f 473/259/34 471/260/34 467/253/34 469/254/34
f 477/240/32 475/241/32 474/242/32 476/243/32
f 480/243/36 478/242/36 479/241/36 481/240/36
f 474/244/31 475/245/31 479/241/31 478/242/31
f 477/240/1 476/243/1 480/246/1 481/213/1
f 476/243/38 474/242/38 478/247/38 480/248/38
f 481/249/34 479/250/34 475/241/34 477/240/34
f 482/261/36 483/262/36 485/263/36 484/264/36
f 487/265/31 483/115/31 482/266/31 486/267/31
f 488/265/1 484/115/1 485/266/1 489/267/1
f 486/268/37 482/269/37 484/270/37 488/271/37
f 483/268/35 487/269/35 489/270/35 485/271/35
f 490/272/31 491/273/31 495/265/31 494/267/31
f 493/272/1 492/273/1 496/265/1 497/267/1
f 492/264/38 490/261/38 494/262/38 496/263/38
f 497/264/34 495/261/34 491/262/34 493/263/34
f 501/264/32 499/261/32 498/262/32 500/263/32
f 498/274/31 499/275/31 503/273/31 502/272/31
f 501/274/1 500/275/1 504/273/1 505/272/1
f 500/271/30 498/268/30 502/269/30 504/270/30
f 505/271/33 503/268/33 499/269/33 501/270/33
f 574/284/1 572/285/1 570/286/1
f 572/287/30 574/288/30 575/289/30 573/290/30
f 573/291/31 575/292/31 571/293/31
f 576/294/1 574/295/1 570/296/1
f 574/287/32 576/297/32 577/298/32 575/290/32
f 575/294/31 577/295/31 571/296/31
f 578/291/1 576/292/1 570/293/1
f 576/287/33 578/288/33 579/289/33 577/290/33
f 577/284/31 579/285/31 571/286/31
f 580/299/1 578/300/1 570/301/1
f 578/287/34 580/297/34 581/298/34 579/290/34
f 579/302/31 581/163/31 571/303/31
f 582/163/1 580/304/1 570/305/1
f 580/287/35 582/288/35 583/289/35 581/290/35
f 581/306/31 583/307/31 571/308/31
f 584/163/1 582/309/1 570/310/1
f 582/287/36 584/297/36 585/298/36 583/290/36
f 583/163/31 585/309/31 571/310/31
f 586/306/1 584/307/1 570/308/1
f 584/287/37 586/288/37 587/289/37 585/290/37
f 585/163/31 587/304/31 571/305/31
f 572/302/1 586/163/1 570/303/1
f 586/287/38 572/297/38 573/298/38 587/290/38
f 587/299/31 573/300/31 571/301/31
usemtl m_94b4196a-c089-3a69-5405-cad817ad1e54.002
f 122/161/36 123/162/36 125/163/36 124/164/36
f 127/165/32 126/166/32 128/167/32 129/168/32
f 127/169/31 123/170/31 122/161/31 126/171/31
f 128/169/1 124/170/1 125/161/1 129/171/1
f 126/169/38 122/170/38 124/161/38 128/171/38
f 123/169/34 127/170/34 129/161/34 125/171/34
f 130/165/31 131/166/31 133/167/31 132/168/31
f 135/165/1 134/166/1 136/167/1 137/168/1
f 135/172/32 131/173/32 130/174/32 134/175/32
f 136/172/36 132/173/36 133/174/36 137/175/36
f 134/172/38 130/173/38 132/174/38 136/175/38
f 131/172/34 135/173/34 137/174/34 133/175/34
f 138/165/31 139/166/31 141/167/31 140/168/31
f 143/165/1 142/166/1 144/167/1 145/168/1
f 143/176/32 139/177/32 138/162/32 142/178/32
f 144/176/36 140/177/36 141/162/36 145/178/36
f 142/176/38 138/177/38 140/162/38 144/178/38
f 139/176/34 143/177/34 145/162/34 141/178/34
f 146/165/38 147/166/38 149/167/38 148/168/38
f 151/165/34 150/166/34 152/167/34 153/168/34
f 151/179/32 147/180/32 146/181/32 150/182/32
f 152/179/36 148/180/36 149/181/36 153/182/36
f 150/179/1 146/180/1 148/181/1 152/182/1
f 147/180/31 151/179/31 153/182/31 149/181/31
f 154/183/38 155/184/38 157/185/38 156/186/38
f 159/162/34 158/163/34 160/164/34 161/161/34
f 159/162/32 155/163/32 154/164/32 158/161/32
f 160/162/36 156/163/36 157/164/36 161/161/36
f 158/162/1 154/163/1 156/164/1 160/161/1
f 155/162/31 159/163/31 161/164/31 157/161/31
f 162/161/38 163/162/38 165/163/38 164/164/38
f 167/165/34 166/166/34 168/167/34 169/168/34
f 167/186/32 163/185/32 162/184/32 166/183/32
f 168/183/36 164/184/36 165/185/36 169/186/36
f 166/161/1 162/162/1 164/163/1 168/164/1
f 163/187/31 167/188/31 169/189/31 165/190/31
f 170/168/1 171/165/1 173/166/1 172/167/1
f 175/165/31 174/166/31 176/167/31 177/168/31
f 175/190/38 171/177/38 170/162/38 174/189/38
f 176/190/34 172/177/34 173/162/34 177/189/34
f 174/190/32 170/177/32 172/162/32 176/189/32
f 171/190/36 175/177/36 177/162/36 173/189/36
f 178/165/38 179/166/38 181/167/38 180/168/38
f 183/165/34 182/166/34 184/167/34 185/168/34
f 183/176/31 179/177/31 178/162/31 182/178/31
f 184/176/1 180/177/1 181/162/1 185/178/1
f 182/176/32 178/177/32 180/162/32 184/178/32
f 179/176/36 183/177/36 185/162/36 181/178/36
f 186/165/32 187/166/32 189/167/32 188/168/32
f 191/165/36 190/166/36 192/167/36 193/168/36
f 191/179/31 187/180/31 186/181/31 190/182/31
f 192/179/1 188/180/1 189/181/1 193/182/1
f 190/179/34 186/180/34 188/181/34 192/182/34
f 187/180/38 191/179/38 193/182/38 189/181/38
f 194/183/32 195/184/32 197/185/32 196/186/32
f 199/162/36 198/163/36 200/164/36 201/161/36
f 199/162/31 195/163/31 194/164/31 198/161/31
f 200/162/1 196/163/1 197/164/1 201/161/1
f 198/162/34 194/163/34 196/164/34 200/161/34
f 195/162/38 199/163/38 201/164/38 197/161/38
f 202/162/32 203/163/32 205/164/32 204/161/32
f 207/165/36 206/166/36 208/167/36 209/168/36
f 207/165/31 203/166/31 202/167/31 206/168/31
f 208/161/1 204/162/1 205/163/1 209/164/1
f 206/186/34 202/185/34 204/184/34 208/183/34
f 203/185/38 207/186/38 209/183/38 205/184/38
f 210/165/32 211/166/32 213/167/32 212/168/32
f 215/165/36 214/166/36 216/167/36 217/168/36
f 215/191/31 211/192/31 210/193/31 214/194/31
f 216/192/1 212/191/1 213/194/1 217/193/1
f 214/192/34 210/191/34 212/194/34 216/193/34
f 211/191/38 215/192/38 217/193/38 213/194/38
f 218/165/32 219/166/32 221/167/32 220/168/32
f 223/165/36 222/166/36 224/167/36 225/168/36
f 223/191/31 219/192/31 218/193/31 222/194/31
f 224/192/1 220/191/1 221/194/1 225/193/1
f 222/191/34 218/192/34 220/193/34 224/194/34
f 219/191/38 223/192/38 225/193/38 221/194/38
f 226/161/32 227/162/32 229/163/32 228/164/32
f 231/165/36 230/166/36 232/167/36 233/168/36
f 231/186/31 227/185/31 226/184/31 230/183/31
f 232/183/1 228/184/1 229/185/1 233/186/1
f 230/182/34 226/195/34 228/196/34 232/197/34
f 227/165/38 231/166/38 233/167/38 229/168/38
f 234/165/32 235/166/32 237/167/32 236/168/32
f 239/165/36 238/166/36 240/167/36 241/168/36
f 239/190/31 235/192/31 234/193/31 238/189/31
f 240/190/1 236/192/1 237/193/1 241/189/1
f 238/190/34 234/192/34 236/193/34 240/189/34
f 235/190/38 239/192/38 241/193/38 237/189/38
f 242/165/32 243/166/32 245/167/32 244/168/32
f 247/165/36 246/166/36 248/167/36 249/168/36
f 247/190/31 243/192/31 242/193/31 246/189/31
f 248/190/1 244/192/1 245/193/1 249/189/1
f 246/190/34 242/192/34 244/193/34 248/189/34
f 243/190/38 247/192/38 249/193/38 245/189/38
f 250/165/32 251/166/32 253/167/32 252/168/32
f 255/165/36 254/166/36 256/167/36 257/168/36
f 255/190/31 251/192/31 250/193/31 254/189/31
f 256/190/1 252/192/1 253/193/1 257/189/1
f 254/190/34 250/192/34 252/193/34 256/189/34
f 251/190/38 255/192/38 257/193/38 253/189/38
f 258/198/32 259/177/32 261/170/32 260/199/32
f 263/198/37 262/177/37 264/170/37 265/199/37
f 263/176/31 259/177/31 258/162/31 262/178/31
f 264/190/1 260/177/1 261/200/1 265/189/1
f 262/201/35 258/202/35 260/203/35 264/204/35
f 259/205/39 263/177/39 265/162/39 261/206/39
f 266/165/33 267/166/33 269/167/33 268/168/33
f 271/165/37 270/166/37 272/167/37 273/168/37
f 271/207/31 267/208/31 266/195/31 270/209/31
f 272/207/1 268/208/1 269/195/1 273/209/1
f 270/207/35 266/208/35 268/195/35 272/209/35
f 267/208/30 271/207/30 273/209/30 269/195/30
f 274/208/33 275/195/33 277/210/33 276/211/33
f 279/208/37 278/195/37 280/210/37 281/211/37
f 279/165/31 275/166/31 274/167/31 278/168/31
f 280/165/1 276/166/1 277/167/1 281/168/1
f 278/208/35 274/195/35 276/210/35 280/211/35
f 275/208/30 279/195/30 281/210/30 277/211/30
f 282/184/33 283/183/33 285/186/33 284/185/33
f 287/183/37 286/184/37 288/185/37 289/186/37
f 287/193/31 283/212/31 282/213/31 286/188/31
f 288/165/1 284/166/1 285/167/1 289/168/1
f 286/162/35 282/163/35 284/164/35 288/161/35
f 283/165/30 287/166/30 289/167/30 285/168/30
f 290/165/33 291/166/33 293/167/33 292/168/33
f 295/162/37 294/163/37 296/164/37 297/161/37
f 295/165/31 291/166/31 290/167/31 294/168/31
f 296/161/1 292/162/1 293/163/1 297/164/1
f 294/185/35 290/186/35 292/183/35 296/184/35
f 291/186/30 295/185/30 297/184/30 293/183/30
f 298/165/33 299/166/33 301/167/33 300/168/33
f 303/207/37 302/180/37 304/181/37 305/209/37
f 303/180/31 299/181/31 298/209/31 302/207/31
f 304/180/1 300/181/1 301/209/1 305/207/1
f 302/180/35 298/181/35 300/209/35 304/207/35
f 299/165/30 303/166/30 305/167/30 301/168/30
f 306/182/34 307/195/34 309/196/34 308/197/34
f 311/165/38 310/166/38 312/167/38 313/168/38
f 311/183/31 307/184/31 306/185/31 310/186/31
f 312/186/1 308/185/1 309/184/1 313/183/1
f 310/165/36 306/166/36 308/167/36 312/168/36
f 307/161/32 311/162/32 313/163/32 309/164/32
f 314/183/34 315/184/34 317/185/34 316/186/34
f 319/165/38 318/166/38 320/167/38 321/168/38
f 319/165/31 315/166/31 314/167/31 318/168/31
f 320/180/1 316/172/1 317/175/1 321/181/1
f 318/180/36 314/172/36 316/175/36 320/181/36
f 315/172/32 319/180/32 321/181/32 317/175/32
f 322/214/40 323/165/40 325/159/40 324/215/40
f 327/214/37 326/165/37 328/159/37 329/215/37
f 327/216/31 323/217/31 322/218/31 326/219/31
f 328/219/1 324/218/1 325/217/1 329/216/1
f 326/217/35 322/216/35 324/219/35 328/220/35
f 323/217/30 327/216/30 329/219/30 325/220/30
f 330/214/34 331/165/34 333/159/34 332/215/34
f 335/214/41 334/165/41 336/159/41 337/215/41
f 335/219/31 331/220/31 330/217/31 334/221/31
f 336/221/1 332/217/1 333/220/1 337/219/1
f 334/217/36 330/216/36 332/219/36 336/220/36
f 331/217/32 335/216/32 337/219/32 333/220/32
f 341/159/38 339/165/38 338/214/38 340/215/38
f 344/159/42 342/165/42 343/214/42 345/215/42
f 338/222/31 339/217/31 343/216/31 342/223/31
f 341/217/1 340/222/1 344/223/1 345/216/1
f 340/216/36 338/224/36 342/222/36 344/217/36
f 345/216/32 343/224/32 339/222/32 341/217/32
f 349/159/43 347/165/43 346/214/43 348/215/43
f 352/159/35 350/165/35 351/214/35 353/215/35
f 346/225/31 347/222/31 351/224/31 350/216/31
f 349/222/1 348/225/1 352/216/1 353/224/1
f 348/216/37 346/224/37 350/222/37 352/217/37
f 353/216/33 351/224/33 347/222/33 349/217/33
f 357/159/30 355/165/30 354/214/30 356/215/30
f 360/159/44 358/165/44 359/214/44 361/215/44
f 354/222/31 355/217/31 359/216/31 358/223/31
f 357/217/1 356/222/1 360/223/1 361/216/1
f 356/216/37 354/224/37 358/222/37 360/217/37
f 361/216/33 359/224/33 355/222/33 357/217/33
f 365/159/45 363/165/45 362/214/45 364/215/45
f 368/159/36 366/165/36 367/214/36 369/215/36
f 362/225/31 363/222/31 367/224/31 366/216/31
f 365/222/1 364/225/1 368/216/1 369/224/1
f 364/216/38 362/224/38 366/222/38 368/217/38
f 369/216/34 367/224/34 363/222/34 365/217/34
f 370/214/36 371/165/36 373/159/36 372/215/36
f 375/214/32 374/165/32 376/159/32 377/215/32
f 375/217/31 371/216/31 370/219/31 374/220/31
f 376/217/1 372/216/1 373/219/1 377/220/1
f 374/217/38 370/216/38 372/219/38 376/220/38
f 371/216/34 375/217/34 377/220/34 373/219/34
f 378/214/34 379/165/34 381/159/34 380/215/34
f 383/214/38 382/165/38 384/159/38 385/215/38
f 383/217/31 379/216/31 378/219/31 382/220/31
f 384/217/1 380/216/1 381/219/1 385/220/1
f 382/217/36 378/216/36 380/219/36 384/220/36
f 379/216/32 383/217/32 385/220/32 381/219/32
f 386/214/34 387/165/34 389/159/34 388/215/34
f 391/214/38 390/165/38 392/159/38 393/215/38
f 391/217/31 387/216/31 386/219/31 390/220/31
f 392/217/1 388/216/1 389/219/1 393/220/1
f 390/217/36 386/216/36 388/219/36 392/220/36
f 387/216/32 391/217/32 393/220/32 389/219/32
f 394/226/36 395/227/36 397/228/36 396/229/36
f 399/214/32 398/165/32 400/159/32 401/215/32
f 399/159/31 395/215/31 394/230/31 398/148/31
f 400/148/1 396/230/1 397/215/1 401/159/1
f 398/214/38 394/165/38 396/159/38 400/215/38
f 395/226/34 399/227/34 401/228/34 397/229/34
f 402/231/37 403/232/37 405/230/37 404/233/37
f 407/214/33 406/165/33 408/159/33 409/215/33
f 407/148/31 403/230/31 402/215/31 406/159/31
f 408/159/1 404/215/1 405/230/1 409/148/1
f 406/234/30 402/235/30 404/236/30 408/237/30
f 403/214/35 407/165/35 409/159/35 405/215/35
f 410/231/37 411/232/37 413/230/37 412/233/37
f 415/238/33 414/235/33 416/236/33 417/239/33
f 415/232/31 411/230/31 410/233/31 414/231/31
f 416/232/1 412/230/1 413/233/1 417/231/1
f 414/234/30 410/235/30 412/236/30 416/237/30
f 411/214/35 415/165/35 417/159/35 413/215/35
f 7164/230/32 7162/619/32 7161/159/32 7163/148/32
f 7167/148/36 7165/159/36 7166/619/36 7168/230/36
f 7161/620/31 7162/621/31 7166/225/31 7165/622/31
f 7164/623/1 7163/231/1 7167/233/1 7168/624/1
f 7168/625/75 7166/235/75 7162/236/75 7164/626/75
f 7172/627/32 7170/232/32 7169/230/32 7171/628/32
f 7175/627/36 7173/232/36 7174/230/36 7176/628/36
f 7172/215/1 7171/214/1 7175/165/1 7176/159/1
f 7171/627/38 7169/232/38 7173/230/38 7175/628/38
f 7176/627/34 7174/232/34 7170/230/34 7172/628/34
f 7177/237/32 7178/628/32 7180/629/32 7179/630/32
f 7182/237/36 7181/628/36 7183/629/36 7184/630/36
f 7182/630/31 7178/237/31 7177/628/31 7181/629/31
f 7183/630/1 7179/237/1 7180/628/1 7184/629/1
f 7185/159/32 7186/619/32 7188/230/32 7187/148/32
f 7190/619/36 7189/159/36 7191/148/36 7192/230/36
f 7190/225/31 7186/621/31 7185/620/31 7189/622/31
f 7186/236/76 7190/235/76 7192/625/76 7188/626/76
f 7196/627/32 7194/232/32 7193/230/32 7195/628/32
f 7199/627/36 7197/232/36 7198/230/36 7200/628/36
f 7196/215/1 7195/214/1 7199/165/1 7200/159/1
f 7195/627/38 7193/232/38 7197/230/38 7199/628/38
f 7200/627/34 7198/232/34 7194/230/34 7196/628/34
f 7204/230/32 7202/619/32 7201/159/32 7203/148/32
f 7207/148/36 7205/159/36 7206/619/36 7208/230/36
f 7201/620/31 7202/621/31 7206/225/31 7205/622/31
f 7204/623/1 7203/231/1 7207/233/1 7208/624/1
f 7208/625/75 7206/235/75 7202/236/75 7204/626/75
f 7212/627/32 7210/232/32 7209/230/32 7211/628/32
f 7215/627/36 7213/232/36 7214/230/36 7216/628/36
f 7212/215/1 7211/214/1 7215/165/1 7216/159/1
f 7211/627/38 7209/232/38 7213/230/38 7215/628/38
f 7216/627/34 7214/232/34 7210/230/34 7212/628/34
f 7217/237/32 7218/628/32 7220/629/32 7219/630/32
f 7222/237/36 7221/628/36 7223/629/36 7224/630/36
f 7222/630/31 7218/237/31 7217/628/31 7221/629/31
f 7223/630/1 7219/237/1 7220/628/1 7224/629/1
f 7225/159/32 7226/619/32 7228/230/32 7227/148/32
f 7230/619/36 7229/159/36 7231/148/36 7232/230/36
f 7230/225/31 7226/621/31 7225/620/31 7229/622/31
f 7226/236/76 7230/235/76 7232/625/76 7228/626/76
f 7236/627/32 7234/232/32 7233/230/32 7235/628/32
f 7239/627/36 7237/232/36 7238/230/36 7240/628/36
f 7236/215/1 7235/214/1 7239/165/1 7240/159/1
f 7235/627/38 7233/232/38 7237/230/38 7239/628/38
f 7240/627/34 7238/232/34 7234/230/34 7236/628/34
usemtl m_68bc998a-d205-0beb-04df-9c9e1ce98120.001
f 509/276/32 507/277/32 506/278/32 508/279/32
f 512/276/36 510/277/36 511/278/36 513/279/36
f 506/280/34 507/281/34 511/282/34 510/283/34
f 509/280/38 508/281/38 512/282/38 513/283/38
f 508/276/31 506/277/31 510/278/31 512/279/31
f 513/276/1 511/277/1 507/278/1 509/279/1
f 517/276/30 515/277/30 514/278/30 516/279/30
f 520/276/35 518/277/35 519/278/35 521/279/35
f 514/280/33 515/281/33 519/282/33 518/283/33
f 517/280/37 516/281/37 520/282/37 521/283/37
f 516/276/31 514/277/31 518/278/31 520/279/31
f 521/276/1 519/277/1 515/278/1 517/279/1
f 525/276/30 523/277/30 522/278/30 524/279/30
f 528/276/35 526/277/35 527/278/35 529/279/35
f 522/280/33 523/281/33 527/282/33 526/283/33
f 525/280/37 524/281/37 528/282/37 529/283/37
f 524/276/31 522/277/31 526/278/31 528/279/31
f 529/276/1 527/277/1 523/278/1 525/279/1
f 533/276/38 531/277/38 530/278/38 532/279/38
f 536/276/34 534/277/34 535/278/34 537/279/34
f 530/280/32 531/281/32 535/282/32 534/283/32
f 533/280/36 532/281/36 536/282/36 537/283/36
f 532/276/31 530/277/31 534/278/31 536/279/31
f 537/276/1 535/277/1 531/278/1 533/279/1
f 541/276/37 539/277/37 538/278/37 540/279/37
f 544/276/33 542/277/33 543/278/33 545/279/33
f 538/280/30 539/281/30 543/282/30 542/283/30
f 541/280/35 540/281/35 544/282/35 545/283/35
f 540/276/31 538/277/31 542/278/31 544/279/31
f 545/276/1 543/277/1 539/278/1 541/279/1
f 549/276/37 547/277/37 546/278/37 548/279/37
f 552/276/33 550/277/33 551/278/33 553/279/33
f 546/280/30 547/281/30 551/282/30 550/283/30
f 549/280/35 548/281/35 552/282/35 553/283/35
f 548/276/31 546/277/31 550/278/31 552/279/31
f 553/276/1 551/277/1 547/278/1 549/279/1
f 557/276/38 555/277/38 554/278/38 556/279/38
f 560/276/34 558/277/34 559/278/34 561/279/34
f 554/280/32 555/281/32 559/282/32 558/283/32
f 557/280/36 556/281/36 560/282/36 561/283/36
f 556/276/31 554/277/31 558/278/31 560/279/31
f 561/276/1 559/277/1 555/278/1 557/279/1
f 565/276/32 563/277/32 562/278/32 564/279/32
f 568/276/36 566/277/36 567/278/36 569/279/36
f 562/280/34 563/281/34 567/282/34 566/283/34
f 565/280/38 564/281/38 568/282/38 569/283/38
f 564/276/31 562/277/31 566/278/31 568/279/31
f 569/276/1 567/277/1 563/278/1 565/279/1
usemtl m_cd4c468b-1ebe-5cd2-a6d4-ad6c1c92aeb7.006
f 588/311/46 592/312/46 593/313/46 589/314/46
f 591/315/47 595/316/47 594/317/47 590/318/47
f 589/319/34 593/320/34 595/321/34 591/322/34
f 592/311/32 596/323/32 597/324/32 593/314/32
f 595/316/36 599/325/36 598/326/36 594/317/36
f 593/327/34 597/328/34 599/329/34 595/330/34
f 596/331/48 600/318/48 601/315/48 597/332/48
f 599/333/49 603/334/49 602/335/49 598/336/49
f 597/337/34 601/338/34 603/339/34 599/340/34
f 600/341/1 604/336/1 605/333/1 601/342/1
f 603/316/31 607/325/31 606/326/31 602/317/31
f 601/343/34 605/344/34 607/345/34 603/346/34
f 604/335/47 608/347/47 609/348/47 605/334/47
f 607/349/46 611/350/46 610/351/46 606/352/46
f 605/319/34 609/320/34 611/321/34 607/322/34
f 608/331/36 612/347/36 613/348/36 609/332/36
f 611/353/32 615/314/32 614/311/32 610/354/32
f 609/328/34 613/327/34 615/330/34 611/329/34
f 612/355/49 616/356/49 617/357/49 613/278/49
f 615/315/48 619/316/48 618/317/48 614/318/48
f 613/338/34 617/337/34 619/340/34 615/339/34
f 616/354/31 588/318/31 589/315/31 617/353/31
f 619/357/1 591/358/1 590/359/1 618/356/1
f 617/343/34 589/344/34 591/345/34 619/346/34
f 620/319/38 622/320/38 623/321/38 621/322/38
f 622/327/38 624/328/38 625/329/38 623/330/38
f 624/337/38 626/338/38 627/339/38 625/340/38
f 626/343/38 628/344/38 629/345/38 627/346/38
f 628/319/38 630/320/38 631/321/38 629/322/38
f 630/328/38 632/327/38 633/330/38 631/329/38
f 632/338/38 634/337/38 635/340/38 633/339/38
f 634/343/38 620/344/38 621/345/38 635/346/38
f 639/360/32 637/361/32 636/362/32 638/363/32
f 642/360/36 640/361/36 641/362/36 643/363/36
f 636/364/34 637/365/34 641/366/34 640/367/34
f 639/364/38 638/365/38 642/366/38 643/367/38
f 638/360/31 636/361/31 640/362/31 642/363/31
f 643/360/1 641/361/1 637/362/1 639/363/1
f 647/368/34 645/369/34 644/370/34 646/371/34
f 648/372/34 649/369/34 651/368/34 650/373/34
f 652/374/34 653/372/34 655/373/34 654/375/34
f 659/368/38 657/369/38 656/370/38 658/371/38
f 660/372/38 661/369/38 663/368/38 662/373/38
f 664/374/38 665/372/38 667/373/38 666/375/38
f 668/376/31 669/377/31 671/378/31 670/379/31
f 673/165/1 672/380/1 674/381/1 675/382/1
f 673/383/34 669/384/34 668/385/34 672/386/34
f 674/383/38 670/384/38 671/385/38 675/386/38
f 672/387/50 668/154/50 670/388/50 674/386/50
f 669/154/51 673/387/51 675/386/51 671/388/51
f 676/376/31 677/377/31 679/378/31 678/379/31
f 681/165/1 680/380/1 682/381/1 683/382/1
f 681/383/34 677/384/34 676/385/34 680/386/34
f 682/383/38 678/384/38 679/385/38 683/386/38
f 680/387/50 676/154/50 678/388/50 682/386/50
f 677/154/51 681/387/51 683/386/51 679/388/51
f 684/376/32 685/377/32 687/378/32 686/379/32
f 689/165/36 688/380/36 690/381/36 691/382/36
f 689/383/34 685/384/34 684/385/34 688/386/34
f 690/383/38 686/384/38 687/385/38 691/386/38
f 688/387/52 684/154/52 686/388/52 690/386/52
f 685/154/53 689/387/53 691/386/53 687/388/53
f 692/376/32 693/377/32 695/378/32 694/379/32
f 697/165/36 696/380/36 698/381/36 699/382/36
f 697/383/34 693/384/34 692/385/34 696/386/34
f 698/383/38 694/384/38 695/385/38 699/386/38
f 696/387/52 692/154/52 694/388/52 698/386/52
f 693/154/53 697/387/53 699/386/53 695/388/53
f 703/378/36 701/377/36 700/376/36 702/379/36
f 706/381/32 704/380/32 705/165/32 707/382/32
f 700/385/34 701/384/34 705/383/34 704/386/34
f 703/385/38 702/384/38 706/383/38 707/386/38
f 702/388/54 700/154/54 704/387/54 706/386/54
f 707/386/55 705/387/55 701/154/55 703/388/55
f 711/378/36 709/377/36 708/376/36 710/379/36
f 714/381/32 712/380/32 713/165/32 715/382/32
f 708/385/34 709/384/34 713/383/34 712/386/34
f 711/385/38 710/384/38 714/383/38 715/386/38
f 710/388/54 708/154/54 712/387/54 714/386/54
f 715/386/55 713/387/55 709/154/55 711/388/55
f 719/378/1 717/377/1 716/376/1 718/379/1
f 722/381/31 720/380/31 721/165/31 723/382/31
f 716/385/34 717/384/34 721/383/34 720/386/34
f 719/385/38 718/384/38 722/383/38 723/386/38
f 718/388/56 716/154/56 720/387/56 722/386/56
f 723/386/57 721/387/57 717/154/57 719/388/57
f 727/378/1 725/377/1 724/376/1 726/379/1
f 730/381/31 728/380/31 729/165/31 731/382/31
f 724/385/34 725/384/34 729/383/34 728/386/34
f 727/385/38 726/384/38 730/383/38 731/386/38
f 726/388/56 724/154/56 728/387/56 730/386/56
f 731/386/57 729/387/57 725/154/57 727/388/57
f 735/378/47 733/377/47 732/376/47 734/379/47
f 738/381/46 736/380/46 737/165/46 739/382/46
f 732/385/34 733/384/34 737/383/34 736/386/34
f 735/385/38 734/384/38 738/383/38 739/386/38
f 734/388/58 732/154/58 736/387/58 738/386/58
f 739/386/59 737/387/59 733/154/59 735/388/59
f 743/378/47 741/377/47 740/376/47 742/379/47
f 746/381/46 744/380/46 745/165/46 747/382/46
f 740/385/34 741/384/34 745/383/34 744/386/34
f 743/385/38 742/384/38 746/383/38 747/386/38
f 742/388/58 740/154/58 744/387/58 746/386/58
f 747/386/59 745/387/59 741/154/59 743/388/59
f 748/376/49 749/377/49 751/378/49 750/379/49
f 753/165/48 752/380/48 754/381/48 755/382/48
f 753/383/34 749/384/34 748/385/34 752/386/34
f 754/383/38 750/384/38 751/385/38 755/386/38
f 752/387/60 748/154/60 750/388/60 754/386/60
f 749/154/61 753/387/61 755/386/61 751/388/61
f 756/376/49 757/377/49 759/378/49 758/379/49
f 761/165/48 760/380/48 762/381/48 763/382/48
f 761/383/34 757/384/34 756/385/34 760/386/34
f 762/383/38 758/384/38 759/385/38 763/386/38
f 760/387/60 756/154/60 758/388/60 762/386/60
f 757/154/61 761/387/61 763/386/61 759/388/61
f 767/378/46 765/377/46 764/376/46 766/379/46
f 770/381/47 768/380/47 769/165/47 771/382/47
f 764/385/34 765/384/34 769/383/34 768/386/34
f 767/385/38 766/384/38 770/383/38 771/386/38
f 766/388/62 764/154/62 768/387/62 770/386/62
f 771/386/63 769/387/63 765/154/63 767/388/63
f 775/378/46 773/377/46 772/376/46 774/379/46
f 778/381/47 776/380/47 777/165/47 779/382/47
f 772/385/34 773/384/34 777/383/34 776/386/34
f 775/385/38 774/384/38 778/383/38 779/386/38
f 774/388/62 772/154/62 776/387/62 778/386/62
f 779/386/63 777/387/63 773/154/63 775/388/63
f 780/376/48 781/377/48 783/378/48 782/379/48
f 785/165/49 784/380/49 786/381/49 787/382/49
f 785/383/34 781/384/34 780/385/34 784/386/34
f 786/383/38 782/384/38 783/385/38 787/386/38
f 784/387/64 780/154/64 782/388/64 786/386/64
f 781/154/65 785/387/65 787/386/65 783/388/65
f 788/376/48 789/377/48 791/378/48 790/379/48
f 793/165/49 792/380/49 794/381/49 795/382/49
f 793/383/34 789/384/34 788/385/34 792/386/34
f 794/383/38 790/384/38 791/385/38 795/386/38
f 792/387/64 788/154/64 790/388/64 794/386/64
f 789/154/65 793/387/65 795/386/65 791/388/65
f 796/311/46 800/312/46 801/313/46 797/314/46
f 799/315/47 803/316/47 802/317/47 798/318/47
f 797/319/34 801/320/34 803/321/34 799/322/34
f 800/311/32 804/323/32 805/324/32 801/314/32
f 803/316/36 807/325/36 806/326/36 802/317/36
f 801/327/34 805/328/34 807/329/34 803/330/34
f 804/331/48 808/318/48 809/315/48 805/332/48
f 807/333/49 811/334/49 810/335/49 806/336/49
f 805/337/34 809/338/34 811/339/34 807/340/34
f 808/341/1 812/336/1 813/333/1 809/342/1
f 811/316/31 815/325/31 814/326/31 810/317/31
f 809/343/34 813/344/34 815/345/34 811/346/34
f 812/335/47 816/347/47 817/348/47 813/334/47
f 815/349/46 819/350/46 818/351/46 814/352/46
f 813/319/34 817/320/34 819/321/34 815/322/34
f 816/331/36 820/347/36 821/348/36 817/332/36
f 819/353/32 823/314/32 822/311/32 818/354/32
f 817/328/34 821/327/34 823/330/34 819/329/34
f 820/355/49 824/356/49 825/357/49 821/278/49
f 823/315/48 827/316/48 826/317/48 822/318/48
f 821/338/34 825/337/34 827/340/34 823/339/34
f 824/354/31 796/318/31 797/315/31 825/353/31
f 827/357/1 799/358/1 798/359/1 826/356/1
f 825/343/34 797/344/34 799/345/34 827/346/34
f 828/319/38 830/320/38 831/321/38 829/322/38
f 830/327/38 832/328/38 833/329/38 831/330/38
f 832/337/38 834/338/38 835/339/38 833/340/38
f 834/343/38 836/344/38 837/345/38 835/346/38
f 836/319/38 838/320/38 839/321/38 837/322/38
f 838/328/38 840/327/38 841/330/38 839/329/38
f 840/338/38 842/337/38 843/340/38 841/339/38
f 842/343/38 828/344/38 829/345/38 843/346/38
f 847/360/32 845/361/32 844/362/32 846/363/32
f 850/360/36 848/361/36 849/362/36 851/363/36
f 844/364/34 845/365/34 849/366/34 848/367/34
f 847/364/38 846/365/38 850/366/38 851/367/38
f 846/360/31 844/361/31 848/362/31 850/363/31
f 851/360/1 849/361/1 845/362/1 847/363/1
f 855/368/34 853/369/34 852/370/34 854/371/34
f 856/372/34 857/369/34 859/368/34 858/373/34
f 860/374/34 861/372/34 863/373/34 862/375/34
f 867/368/38 865/369/38 864/370/38 866/371/38
f 868/372/38 869/369/38 871/368/38 870/373/38
f 872/374/38 873/372/38 875/373/38 874/375/38
f 876/376/31 877/377/31 879/378/31 878/379/31
f 881/165/1 880/380/1 882/381/1 883/382/1
f 881/383/34 877/384/34 876/385/34 880/386/34
f 882/383/38 878/384/38 879/385/38 883/386/38
f 880/387/50 876/154/50 878/388/50 882/386/50
f 877/154/51 881/387/51 883/386/51 879/388/51
f 884/376/31 885/377/31 887/378/31 886/379/31
f 889/165/1 888/380/1 890/381/1 891/382/1
f 889/383/34 885/384/34 884/385/34 888/386/34
f 890/383/38 886/384/38 887/385/38 891/386/38
f 888/387/50 884/154/50 886/388/50 890/386/50
f 885/154/51 889/387/51 891/386/51 887/388/51
f 892/376/32 893/377/32 895/378/32 894/379/32
f 897/165/36 896/380/36 898/381/36 899/382/36
f 897/383/34 893/384/34 892/385/34 896/386/34
f 898/383/38 894/384/38 895/385/38 899/386/38
f 896/387/52 892/154/52 894/388/52 898/386/52
f 893/154/53 897/387/53 899/386/53 895/388/53
f 900/376/32 901/377/32 903/378/32 902/379/32
f 905/165/36 904/380/36 906/381/36 907/382/36
f 905/383/34 901/384/34 900/385/34 904/386/34
f 906/383/38 902/384/38 903/385/38 907/386/38
f 904/387/52 900/154/52 902/388/52 906/386/52
f 901/154/53 905/387/53 907/386/53 903/388/53
f 911/378/36 909/377/36 908/376/36 910/379/36
f 914/381/32 912/380/32 913/165/32 915/382/32
f 908/385/34 909/384/34 913/383/34 912/386/34
f 911/385/38 910/384/38 914/383/38 915/386/38
f 910/388/54 908/154/54 912/387/54 914/386/54
f 915/386/55 913/387/55 909/154/55 911/388/55
f 919/378/36 917/377/36 916/376/36 918/379/36
f 922/381/32 920/380/32 921/165/32 923/382/32
f 916/385/34 917/384/34 921/383/34 920/386/34
f 919/385/38 918/384/38 922/383/38 923/386/38
f 918/388/54 916/154/54 920/387/54 922/386/54
f 923/386/55 921/387/55 917/154/55 919/388/55
f 927/378/1 925/377/1 924/376/1 926/379/1
f 930/381/31 928/380/31 929/165/31 931/382/31
f 924/385/34 925/384/34 929/383/34 928/386/34
f 927/385/38 926/384/38 930/383/38 931/386/38
f 926/388/56 924/154/56 928/387/56 930/386/56
f 931/386/57 929/387/57 925/154/57 927/388/57
f 935/378/1 933/377/1 932/376/1 934/379/1
f 938/381/31 936/380/31 937/165/31 939/382/31
f 932/385/34 933/384/34 937/383/34 936/386/34
f 935/385/38 934/384/38 938/383/38 939/386/38
f 934/388/56 932/154/56 936/387/56 938/386/56
f 939/386/57 937/387/57 933/154/57 935/388/57
f 943/378/47 941/377/47 940/376/47 942/379/47
f 946/381/46 944/380/46 945/165/46 947/382/46
f 940/385/34 941/384/34 945/383/34 944/386/34
f 943/385/38 942/384/38 946/383/38 947/386/38
f 942/388/58 940/154/58 944/387/58 946/386/58
f 947/386/59 945/387/59 941/154/59 943/388/59
f 951/378/47 949/377/47 948/376/47 950/379/47
f 954/381/46 952/380/46 953/165/46 955/382/46
f 948/385/34 949/384/34 953/383/34 952/386/34
f 951/385/38 950/384/38 954/383/38 955/386/38
f 950/388/58 948/154/58 952/387/58 954/386/58
f 955/386/59 953/387/59 949/154/59 951/388/59
f 956/376/49 957/377/49 959/378/49 958/379/49
f 961/165/48 960/380/48 962/381/48 963/382/48
f 961/383/34 957/384/34 956/385/34 960/386/34
f 962/383/38 958/384/38 959/385/38 963/386/38
f 960/387/60 956/154/60 958/388/60 962/386/60
f 957/154/61 961/387/61 963/386/61 959/388/61
f 964/376/49 965/377/49 967/378/49 966/379/49
f 969/165/48 968/380/48 970/381/48 971/382/48
f 969/383/34 965/384/34 964/385/34 968/386/34
f 970/383/38 966/384/38 967/385/38 971/386/38
f 968/387/60 964/154/60 966/388/60 970/386/60
f 965/154/61 969/387/61 971/386/61 967/388/61
f 975/378/46 973/377/46 972/376/46 974/379/46
f 978/381/47 976/380/47 977/165/47 979/382/47
f 972/385/34 973/384/34 977/383/34 976/386/34
f 975/385/38 974/384/38 978/383/38 979/386/38
f 974/388/62 972/154/62 976/387/62 978/386/62
f 979/386/63 977/387/63 973/154/63 975/388/63
f 983/378/46 981/377/46 980/376/46 982/379/46
f 986/381/47 984/380/47 985/165/47 987/382/47
f 980/385/34 981/384/34 985/383/34 984/386/34
f 983/385/38 982/384/38 986/383/38 987/386/38
f 982/388/62 980/154/62 984/387/62 986/386/62
f 987/386/63 985/387/63 981/154/63 983/388/63
f 988/376/48 989/377/48 991/378/48 990/379/48
f 993/165/49 992/380/49 994/381/49 995/382/49
f 993/383/34 989/384/34 988/385/34 992/386/34
f 994/383/38 990/384/38 991/385/38 995/386/38
f 992/387/64 988/154/64 990/388/64 994/386/64
f 989/154/65 993/387/65 995/386/65 991/388/65
f 996/376/48 997/377/48 999/378/48 998/379/48
f 1001/165/49 1000/380/49 1002/381/49 1003/382/49
f 1001/383/34 997/384/34 996/385/34 1000/386/34
f 1002/383/38 998/384/38 999/385/38 1003/386/38
f 1000/387/64 996/154/64 998/388/64 1002/386/64
f 997/154/65 1001/387/65 1003/386/65 999/388/65
f 1004/311/46 1008/312/46 1009/313/46 1005/314/46
f 1007/315/47 1011/316/47 1010/317/47 1006/318/47
f 1005/319/34 1009/320/34 1011/321/34 1007/322/34
f 1008/311/32 1012/323/32 1013/324/32 1009/314/32
f 1011/316/36 1015/325/36 1014/326/36 1010/317/36
f 1009/327/34 1013/328/34 1015/329/34 1011/330/34
f 1012/331/48 1016/318/48 1017/315/48 1013/332/48
f 1015/333/49 1019/334/49 1018/335/49 1014/336/49
f 1013/337/34 1017/338/34 1019/339/34 1015/340/34
f 1016/341/1 1020/336/1 1021/333/1 1017/342/1
f 1019/316/31 1023/325/31 1022/326/31 1018/317/31
f 1017/343/34 1021/344/34 1023/345/34 1019/346/34
f 1020/335/47 1024/347/47 1025/348/47 1021/334/47
f 1023/349/46 1027/350/46 1026/351/46 1022/352/46
f 1021/319/34 1025/320/34 1027/321/34 1023/322/34
f 1024/331/36 1028/347/36 1029/348/36 1025/332/36
f 1027/353/32 1031/314/32 1030/311/32 1026/354/32
f 1025/328/34 1029/327/34 1031/330/34 1027/329/34
f 1028/355/49 1032/356/49 1033/357/49 1029/278/49
f 1031/315/48 1035/316/48 1034/317/48 1030/318/48
f 1029/338/34 1033/337/34 1035/340/34 1031/339/34
f 1032/354/31 1004/318/31 1005/315/31 1033/353/31
f 1035/357/1 1007/358/1 1006/359/1 1034/356/1
f 1033/343/34 1005/344/34 1007/345/34 1035/346/34
f 1036/319/38 1038/320/38 1039/321/38 1037/322/38
f 1038/327/38 1040/328/38 1041/329/38 1039/330/38
f 1040/337/38 1042/338/38 1043/339/38 1041/340/38
f 1042/343/38 1044/344/38 1045/345/38 1043/346/38
f 1044/319/38 1046/320/38 1047/321/38 1045/322/38
f 1046/328/38 1048/327/38 1049/330/38 1047/329/38
f 1048/338/38 1050/337/38 1051/340/38 1049/339/38
f 1050/343/38 1036/344/38 1037/345/38 1051/346/38
f 1055/360/32 1053/361/32 1052/362/32 1054/363/32
f 1058/360/36 1056/361/36 1057/362/36 1059/363/36
f 1052/364/34 1053/365/34 1057/366/34 1056/367/34
f 1055/364/38 1054/365/38 1058/366/38 1059/367/38
f 1054/360/31 1052/361/31 1056/362/31 1058/363/31
f 1059/360/1 1057/361/1 1053/362/1 1055/363/1
f 1063/368/34 1061/369/34 1060/370/34 1062/371/34
f 1064/372/34 1065/369/34 1067/368/34 1066/373/34
f 1068/374/34 1069/372/34 1071/373/34 1070/375/34
f 1075/368/38 1073/369/38 1072/370/38 1074/371/38
f 1076/372/38 1077/369/38 1079/368/38 1078/373/38
f 1080/374/38 1081/372/38 1083/373/38 1082/375/38
f 1084/376/31 1085/377/31 1087/378/31 1086/379/31
f 1089/165/1 1088/380/1 1090/381/1 1091/382/1
f 1089/383/34 1085/384/34 1084/385/34 1088/386/34
f 1090/383/38 1086/384/38 1087/385/38 1091/386/38
f 1088/387/50 1084/154/50 1086/388/50 1090/386/50
f 1085/154/51 1089/387/51 1091/386/51 1087/388/51
f 1092/376/31 1093/377/31 1095/378/31 1094/379/31
f 1097/165/1 1096/380/1 1098/381/1 1099/382/1
f 1097/383/34 1093/384/34 1092/385/34 1096/386/34
f 1098/383/38 1094/384/38 1095/385/38 1099/386/38
f 1096/387/50 1092/154/50 1094/388/50 1098/386/50
f 1093/154/51 1097/387/51 1099/386/51 1095/388/51
f 1100/376/32 1101/377/32 1103/378/32 1102/379/32
f 1105/165/36 1104/380/36 1106/381/36 1107/382/36
f 1105/383/34 1101/384/34 1100/385/34 1104/386/34
f 1106/383/38 1102/384/38 1103/385/38 1107/386/38
f 1104/387/52 1100/154/52 1102/388/52 1106/386/52
f 1101/154/53 1105/387/53 1107/386/53 1103/388/53
f 1108/376/32 1109/377/32 1111/378/32 1110/379/32
f 1113/165/36 1112/380/36 1114/381/36 1115/382/36
f 1113/383/34 1109/384/34 1108/385/34 1112/386/34
f 1114/383/38 1110/384/38 1111/385/38 1115/386/38
f 1112/387/52 1108/154/52 1110/388/52 1114/386/52
f 1109/154/53 1113/387/53 1115/386/53 1111/388/53
f 1119/378/36 1117/377/36 1116/376/36 1118/379/36
f 1122/381/32 1120/380/32 1121/165/32 1123/382/32
f 1116/385/34 1117/384/34 1121/383/34 1120/386/34
f 1119/385/38 1118/384/38 1122/383/38 1123/386/38
f 1118/388/54 1116/154/54 1120/387/54 1122/386/54
f 1123/386/55 1121/387/55 1117/154/55 1119/388/55
f 1127/378/36 1125/377/36 1124/376/36 1126/379/36
f 1130/381/32 1128/380/32 1129/165/32 1131/382/32
f 1124/385/34 1125/384/34 1129/383/34 1128/386/34
f 1127/385/38 1126/384/38 1130/383/38 1131/386/38
f 1126/388/54 1124/154/54 1128/387/54 1130/386/54
f 1131/386/55 1129/387/55 1125/154/55 1127/388/55
f 1135/378/1 1133/377/1 1132/376/1 1134/379/1
f 1138/381/31 1136/380/31 1137/165/31 1139/382/31
f 1132/385/34 1133/384/34 1137/383/34 1136/386/34
f 1135/385/38 1134/384/38 1138/383/38 1139/386/38
f 1134/388/56 1132/154/56 1136/387/56 1138/386/56
f 1139/386/57 1137/387/57 1133/154/57 1135/388/57
f 1143/378/1 1141/377/1 1140/376/1 1142/379/1
f 1146/381/31 1144/380/31 1145/165/31 1147/382/31
f 1140/385/34 1141/384/34 1145/383/34 1144/386/34
f 1143/385/38 1142/384/38 1146/383/38 1147/386/38
f 1142/388/56 1140/154/56 1144/387/56 1146/386/56
f 1147/386/57 1145/387/57 1141/154/57 1143/388/57
f 1151/378/47 1149/377/47 1148/376/47 1150/379/47
f 1154/381/46 1152/380/46 1153/165/46 1155/382/46
f 1148/385/34 1149/384/34 1153/383/34 1152/386/34
f 1151/385/38 1150/384/38 1154/383/38 1155/386/38
f 1150/388/58 1148/154/58 1152/387/58 1154/386/58
f 1155/386/59 1153/387/59 1149/154/59 1151/388/59
f 1159/378/47 1157/377/47 1156/376/47 1158/379/47
f 1162/381/46 1160/380/46 1161/165/46 1163/382/46
f 1156/385/34 1157/384/34 1161/383/34 1160/386/34
f 1159/385/38 1158/384/38 1162/383/38 1163/386/38
f 1158/388/58 1156/154/58 1160/387/58 1162/386/58
f 1163/386/59 1161/387/59 1157/154/59 1159/388/59
f 1164/376/49 1165/377/49 1167/378/49 1166/379/49
f 1169/165/48 1168/380/48 1170/381/48 1171/382/48
f 1169/383/34 1165/384/34 1164/385/34 1168/386/34
f 1170/383/38 1166/384/38 1167/385/38 1171/386/38
f 1168/387/60 1164/154/60 1166/388/60 1170/386/60
f 1165/154/61 1169/387/61 1171/386/61 1167/388/61
f 1172/376/49 1173/377/49 1175/378/49 1174/379/49
f 1177/165/48 1176/380/48 1178/381/48 1179/382/48
f 1177/383/34 1173/384/34 1172/385/34 1176/386/34
f 1178/383/38 1174/384/38 1175/385/38 1179/386/38
f 1176/387/60 1172/154/60 1174/388/60 1178/386/60
f 1173/154/61 1177/387/61 1179/386/61 1175/388/61
f 1183/378/46 1181/377/46 1180/376/46 1182/379/46
f 1186/381/47 1184/380/47 1185/165/47 1187/382/47
f 1180/385/34 1181/384/34 1185/383/34 1184/386/34
f 1183/385/38 1182/384/38 1186/383/38 1187/386/38
f 1182/388/62 1180/154/62 1184/387/62 1186/386/62
f 1187/386/63 1185/387/63 1181/154/63 1183/388/63
f 1191/378/46 1189/377/46 1188/376/46 1190/379/46
f 1194/381/47 1192/380/47 1193/165/47 1195/382/47
f 1188/385/34 1189/384/34 1193/383/34 1192/386/34
f 1191/385/38 1190/384/38 1194/383/38 1195/386/38
f 1190/388/62 1188/154/62 1192/387/62 1194/386/62
f 1195/386/63 1193/387/63 1189/154/63 1191/388/63
f 1196/376/48 1197/377/48 1199/378/48 1198/379/48
f 1201/165/49 1200/380/49 1202/381/49 1203/382/49
f 1201/383/34 1197/384/34 1196/385/34 1200/386/34
f 1202/383/38 1198/384/38 1199/385/38 1203/386/38
f 1200/387/64 1196/154/64 1198/388/64 1202/386/64
f 1197/154/65 1201/387/65 1203/386/65 1199/388/65
f 1204/376/48 1205/377/48 1207/378/48 1206/379/48
f 1209/165/49 1208/380/49 1210/381/49 1211/382/49
f 1209/383/34 1205/384/34 1204/385/34 1208/386/34
f 1210/383/38 1206/384/38 1207/385/38 1211/386/38
f 1208/387/64 1204/154/64 1206/388/64 1210/386/64
f 1205/154/65 1209/387/65 1211/386/65 1207/388/65
f 1212/311/46 1216/312/46 1217/313/46 1213/314/46
f 1215/315/47 1219/316/47 1218/317/47 1214/318/47
f 1213/319/34 1217/320/34 1219/321/34 1215/322/34
f 1216/311/32 1220/323/32 1221/324/32 1217/314/32
f 1219/316/36 1223/325/36 1222/326/36 1218/317/36
f 1217/327/34 1221/328/34 1223/329/34 1219/330/34
f 1220/331/48 1224/318/48 1225/315/48 1221/332/48
f 1223/333/49 1227/334/49 1226/335/49 1222/336/49
f 1221/337/34 1225/338/34 1227/339/34 1223/340/34
f 1224/341/1 1228/336/1 1229/333/1 1225/342/1
f 1227/316/31 1231/325/31 1230/326/31 1226/317/31
f 1225/343/34 1229/344/34 1231/345/34 1227/346/34
f 1228/335/47 1232/347/47 1233/348/47 1229/334/47
f 1231/349/46 1235/350/46 1234/351/46 1230/352/46
f 1229/319/34 1233/320/34 1235/321/34 1231/322/34
f 1232/331/36 1236/347/36 1237/348/36 1233/332/36
f 1235/353/32 1239/314/32 1238/311/32 1234/354/32
f 1233/328/34 1237/327/34 1239/330/34 1235/329/34
f 1236/355/49 1240/356/49 1241/357/49 1237/278/49
f 1239/315/48 1243/316/48 1242/317/48 1238/318/48
f 1237/338/34 1241/337/34 1243/340/34 1239/339/34
f 1240/354/31 1212/318/31 1213/315/31 1241/353/31
f 1243/357/1 1215/358/1 1214/359/1 1242/356/1
f 1241/343/34 1213/344/34 1215/345/34 1243/346/34
f 1244/319/38 1246/320/38 1247/321/38 1245/322/38
f 1246/327/38 1248/328/38 1249/329/38 1247/330/38
f 1248/337/38 1250/338/38 1251/339/38 1249/340/38
f 1250/343/38 1252/344/38 1253/345/38 1251/346/38
f 1252/319/38 1254/320/38 1255/321/38 1253/322/38
f 1254/328/38 1256/327/38 1257/330/38 1255/329/38
f 1256/338/38 1258/337/38 1259/340/38 1257/339/38
f 1258/343/38 1244/344/38 1245/345/38 1259/346/38
f 1263/360/32 1261/361/32 1260/362/32 1262/363/32
f 1266/360/36 1264/361/36 1265/362/36 1267/363/36
f 1260/364/34 1261/365/34 1265/366/34 1264/367/34
f 1263/364/38 1262/365/38 1266/366/38 1267/367/38
f 1262/360/31 1260/361/31 1264/362/31 1266/363/31
f 1267/360/1 1265/361/1 1261/362/1 1263/363/1
f 1271/368/34 1269/369/34 1268/370/34 1270/371/34
f 1272/372/34 1273/369/34 1275/368/34 1274/373/34
f 1276/374/34 1277/372/34 1279/373/34 1278/375/34
f 1283/368/38 1281/369/38 1280/370/38 1282/371/38
f 1284/372/38 1285/369/38 1287/368/38 1286/373/38
f 1288/374/38 1289/372/38 1291/373/38 1290/375/38
f 1292/376/31 1293/377/31 1295/378/31 1294/379/31
f 1297/165/1 1296/380/1 1298/381/1 1299/382/1
f 1297/383/34 1293/384/34 1292/385/34 1296/386/34
f 1298/383/38 1294/384/38 1295/385/38 1299/386/38
f 1296/387/50 1292/154/50 1294/388/50 1298/386/50
f 1293/154/51 1297/387/51 1299/386/51 1295/388/51
f 1300/376/31 1301/377/31 1303/378/31 1302/379/31
f 1305/165/1 1304/380/1 1306/381/1 1307/382/1
f 1305/383/34 1301/384/34 1300/385/34 1304/386/34
f 1306/383/38 1302/384/38 1303/385/38 1307/386/38
f 1304/387/50 1300/154/50 1302/388/50 1306/386/50
f 1301/154/51 1305/387/51 1307/386/51 1303/388/51
f 1308/376/32 1309/377/32 1311/378/32 1310/379/32
f 1313/165/36 1312/380/36 1314/381/36 1315/382/36
f 1313/383/34 1309/384/34 1308/385/34 1312/386/34
f 1314/383/38 1310/384/38 1311/385/38 1315/386/38
f 1312/387/52 1308/154/52 1310/388/52 1314/386/52
f 1309/154/53 1313/387/53 1315/386/53 1311/388/53
f 1316/376/32 1317/377/32 1319/378/32 1318/379/32
f 1321/165/36 1320/380/36 1322/381/36 1323/382/36
f 1321/383/34 1317/384/34 1316/385/34 1320/386/34
f 1322/383/38 1318/384/38 1319/385/38 1323/386/38
f 1320/387/52 1316/154/52 1318/388/52 1322/386/52
f 1317/154/53 1321/387/53 1323/386/53 1319/388/53
f 1327/378/36 1325/377/36 1324/376/36 1326/379/36
f 1330/381/32 1328/380/32 1329/165/32 1331/382/32
f 1324/385/34 1325/384/34 1329/383/34 1328/386/34
f 1327/385/38 1326/384/38 1330/383/38 1331/386/38
f 1326/388/54 1324/154/54 1328/387/54 1330/386/54
f 1331/386/55 1329/387/55 1325/154/55 1327/388/55
f 1335/378/36 1333/377/36 1332/376/36 1334/379/36
f 1338/381/32 1336/380/32 1337/165/32 1339/382/32
f 1332/385/34 1333/384/34 1337/383/34 1336/386/34
f 1335/385/38 1334/384/38 1338/383/38 1339/386/38
f 1334/388/54 1332/154/54 1336/387/54 1338/386/54
f 1339/386/55 1337/387/55 1333/154/55 1335/388/55
f 1343/378/1 1341/377/1 1340/376/1 1342/379/1
f 1346/381/31 1344/380/31 1345/165/31 1347/382/31
f 1340/385/34 1341/384/34 1345/383/34 1344/386/34
f 1343/385/38 1342/384/38 1346/383/38 1347/386/38
f 1342/388/56 1340/154/56 1344/387/56 1346/386/56
f 1347/386/57 1345/387/57 1341/154/57 1343/388/57
f 1351/378/1 1349/377/1 1348/376/1 1350/379/1
f 1354/381/31 1352/380/31 1353/165/31 1355/382/31
f 1348/385/34 1349/384/34 1353/383/34 1352/386/34
f 1351/385/38 1350/384/38 1354/383/38 1355/386/38
f 1350/388/56 1348/154/56 1352/387/56 1354/386/56
f 1355/386/57 1353/387/57 1349/154/57 1351/388/57
f 1359/378/47 1357/377/47 1356/376/47 1358/379/47
f 1362/381/46 1360/380/46 1361/165/46 1363/382/46
f 1356/385/34 1357/384/34 1361/383/34 1360/386/34
f 1359/385/38 1358/384/38 1362/383/38 1363/386/38
f 1358/388/58 1356/154/58 1360/387/58 1362/386/58
f 1363/386/59 1361/387/59 1357/154/59 1359/388/59
f 1367/378/47 1365/377/47 1364/376/47 1366/379/47
f 1370/381/46 1368/380/46 1369/165/46 1371/382/46
f 1364/385/34 1365/384/34 1369/383/34 1368/386/34
f 1367/385/38 1366/384/38 1370/383/38 1371/386/38
f 1366/388/58 1364/154/58 1368/387/58 1370/386/58
f 1371/386/59 1369/387/59 1365/154/59 1367/388/59
f 1372/376/49 1373/377/49 1375/378/49 1374/379/49
f 1377/165/48 1376/380/48 1378/381/48 1379/382/48
f 1377/383/34 1373/384/34 1372/385/34 1376/386/34
f 1378/383/38 1374/384/38 1375/385/38 1379/386/38
f 1376/387/60 1372/154/60 1374/388/60 1378/386/60
f 1373/154/61 1377/387/61 1379/386/61 1375/388/61
f 1380/376/49 1381/377/49 1383/378/49 1382/379/49
f 1385/165/48 1384/380/48 1386/381/48 1387/382/48
f 1385/383/34 1381/384/34 1380/385/34 1384/386/34
f 1386/383/38 1382/384/38 1383/385/38 1387/386/38
f 1384/387/60 1380/154/60 1382/388/60 1386/386/60
f 1381/154/61 1385/387/61 1387/386/61 1383/388/61
f 1391/378/46 1389/377/46 1388/376/46 1390/379/46
f 1394/381/47 1392/380/47 1393/165/47 1395/382/47
f 1388/385/34 1389/384/34 1393/383/34 1392/386/34
f 1391/385/38 1390/384/38 1394/383/38 1395/386/38
f 1390/388/62 1388/154/62 1392/387/62 1394/386/62
f 1395/386/63 1393/387/63 1389/154/63 1391/388/63
f 1399/378/46 1397/377/46 1396/376/46 1398/379/46
f 1402/381/47 1400/380/47 1401/165/47 1403/382/47
f 1396/385/34 1397/384/34 1401/383/34 1400/386/34
f 1399/385/38 1398/384/38 1402/383/38 1403/386/38
f 1398/388/62 1396/154/62 1400/387/62 1402/386/62
f 1403/386/63 1401/387/63 1397/154/63 1399/388/63
f 1404/376/48 1405/377/48 1407/378/48 1406/379/48
f 1409/165/49 1408/380/49 1410/381/49 1411/382/49
f 1409/383/34 1405/384/34 1404/385/34 1408/386/34
f 1410/383/38 1406/384/38 1407/385/38 1411/386/38
f 1408/387/64 1404/154/64 1406/388/64 1410/386/64
f 1405/154/65 1409/387/65 1411/386/65 1407/388/65
f 1412/376/48 1413/377/48 1415/378/48 1414/379/48
f 1417/165/49 1416/380/49 1418/381/49 1419/382/49
f 1417/383/34 1413/384/34 1412/385/34 1416/386/34
f 1418/383/38 1414/384/38 1415/385/38 1419/386/38
f 1416/387/64 1412/154/64 1414/388/64 1418/386/64
f 1413/154/65 1417/387/65 1419/386/65 1415/388/65
f 1426/389/36 1424/390/36 1425/391/36 1427/392/36
f 1420/393/31 1421/394/31 1425/390/31 1424/391/31
f 1422/395/38 1420/396/38 1424/397/38 1426/398/38
f 1427/398/34 1425/397/34 1421/396/34 1423/395/34
f 1431/399/32 1429/400/32 1428/401/32 1430/402/32
f 1434/403/66 1432/404/66 1433/405/66 1435/406/66
f 1431/407/1 1430/408/1 1434/390/1 1435/391/1
f 1430/409/38 1428/395/38 1432/398/38 1434/410/38
f 1435/410/34 1433/398/34 1429/395/34 1431/409/34
f 1436/411/31 1437/412/31 1441/413/31 1440/414/31
f 1439/415/1 1438/416/1 1442/417/1 1443/418/1
f 1438/419/38 1436/420/38 1440/396/38 1442/409/38
f 1443/409/34 1441/396/34 1437/420/34 1439/419/34
f 1449/391/32 1448/390/32 1450/389/32 1451/392/32
f 1449/390/31 1445/394/31 1444/393/31 1448/391/31
f 1448/397/38 1444/396/38 1446/395/38 1450/398/38
f 1445/396/34 1449/397/34 1451/398/34 1447/395/34
f 1452/401/36 1453/400/36 1455/399/36 1454/402/36
f 1457/405/67 1456/404/67 1458/403/67 1459/406/67
f 1458/390/1 1454/408/1 1455/407/1 1459/391/1
f 1456/398/38 1452/395/38 1454/409/38 1458/410/38
f 1453/395/34 1457/398/34 1459/410/34 1455/409/34
f 1466/389/36 1464/390/36 1465/391/36 1467/392/36
f 1460/393/31 1461/394/31 1465/390/31 1464/391/31
f 1462/395/38 1460/396/38 1464/397/38 1466/398/38
f 1467/398/34 1465/397/34 1461/396/34 1463/395/34
f 1471/399/32 1469/400/32 1468/401/32 1470/402/32
f 1474/403/66 1472/404/66 1473/405/66 1475/406/66
f 1471/407/1 1470/408/1 1474/390/1 1475/391/1
f 1470/409/38 1468/395/38 1472/398/38 1474/410/38
f 1475/410/34 1473/398/34 1469/395/34 1471/409/34
f 1476/411/31 1477/412/31 1481/413/31 1480/414/31
f 1479/415/1 1478/416/1 1482/417/1 1483/418/1
f 1478/419/38 1476/420/38 1480/396/38 1482/409/38
f 1483/409/34 1481/396/34 1477/420/34 1479/419/34
f 1489/391/32 1488/390/32 1490/389/32 1491/392/32
f 1489/390/31 1485/394/31 1484/393/31 1488/391/31
f 1488/397/38 1484/396/38 1486/395/38 1490/398/38
f 1485/396/34 1489/397/34 1491/398/34 1487/395/34
f 1492/401/36 1493/400/36 1495/399/36 1494/402/36
f 1497/405/67 1496/404/67 1498/403/67 1499/406/67
f 1498/390/1 1494/408/1 1495/407/1 1499/391/1
f 1496/398/38 1492/395/38 1494/409/38 1498/410/38
f 1493/395/34 1497/398/34 1499/410/34 1495/409/34
f 1500/421/36 1501/299/36 1503/422/36 1502/423/36
f 1505/421/32 1504/299/32 1506/422/32 1507/423/32
f 1505/424/31 1501/163/31 1500/425/31 1504/426/31
f 1504/427/38 1500/420/38 1502/428/38 1506/429/38
f 1501/420/34 1505/427/34 1507/429/34 1503/428/34
f 1508/430/36 1509/431/36 1511/150/36 1510/265/36
f 1513/432/67 1512/433/67 1514/434/67 1515/435/67
f 1514/421/1 1510/436/1 1511/437/1 1515/299/1
f 1512/429/38 1508/428/38 1510/419/38 1514/438/38
f 1509/428/34 1513/429/34 1515/438/34 1511/419/34
f 1519/422/32 1517/299/32 1516/421/32 1518/423/32
f 1522/422/36 1520/299/36 1521/421/36 1523/423/36
f 1516/425/31 1517/163/31 1521/424/31 1520/426/31
f 1518/428/38 1516/420/38 1520/427/38 1522/429/38
f 1523/429/34 1521/427/34 1517/420/34 1519/428/34
f 1527/150/32 1525/431/32 1524/430/32 1526/265/32
f 1530/150/66 1528/422/66 1529/423/66 1531/265/66
f 1527/437/1 1526/436/1 1530/421/1 1531/299/1
f 1526/419/38 1524/428/38 1528/429/38 1530/438/38
f 1531/438/34 1529/429/34 1525/428/34 1527/419/34
f 1541/163/32 1540/163/32 1543/455/32 1542/455/32
f 1544/163/32 1545/163/32 1546/455/32 1547/455/32
f 1541/456/68 1545/163/68 1540/456/68 1544/163/68
f 1542/456/68 1546/163/68 1543/456/68 1547/163/68
f 1547/457/34 1545/458/34 1541/459/34 1543/460/34
f 1553/313/46 1552/312/46 1548/311/46 1549/314/46
f 1554/317/47 1555/316/47 1551/315/47 1550/318/47
f 1555/321/38 1553/320/38 1549/319/38 1551/322/38
f 1557/324/32 1556/323/32 1552/311/32 1553/314/32
f 1558/326/36 1559/325/36 1555/316/36 1554/317/36
f 1559/329/38 1557/328/38 1553/327/38 1555/330/38
f 1561/315/48 1560/318/48 1556/331/48 1557/332/48
f 1562/335/49 1563/334/49 1559/333/49 1558/336/49
f 1563/339/38 1561/338/38 1557/337/38 1559/340/38
f 1565/333/1 1564/336/1 1560/341/1 1561/342/1
f 1566/326/31 1567/325/31 1563/316/31 1562/317/31
f 1567/345/38 1565/344/38 1561/343/38 1563/346/38
f 1569/348/47 1568/347/47 1564/335/47 1565/334/47
f 1570/351/46 1571/350/46 1567/349/46 1566/352/46
f 1571/321/38 1569/320/38 1565/319/38 1567/322/38
f 1573/348/36 1572/347/36 1568/331/36 1569/332/36
f 1574/311/32 1575/314/32 1571/353/32 1570/354/32
f 1575/330/38 1573/327/38 1569/328/38 1571/329/38
f 1577/357/49 1576/356/49 1572/355/49 1573/278/49
f 1578/317/48 1579/316/48 1575/315/48 1574/318/48
f 1579/340/38 1577/337/38 1573/338/38 1575/339/38
f 1549/315/31 1548/318/31 1576/354/31 1577/353/31
f 1550/359/1 1551/358/1 1579/357/1 1578/356/1
f 1551/345/38 1549/344/38 1577/343/38 1579/346/38
f 1583/321/34 1582/320/34 1580/319/34 1581/322/34
f 1585/329/34 1584/328/34 1582/327/34 1583/330/34
f 1587/339/34 1586/338/34 1584/337/34 1585/340/34
f 1589/345/34 1588/344/34 1586/343/34 1587/346/34
f 1591/321/34 1590/320/34 1588/319/34 1589/322/34
f 1593/330/34 1592/327/34 1590/328/34 1591/329/34
f 1595/340/34 1594/337/34 1592/338/34 1593/339/34
f 1581/345/34 1580/344/34 1594/343/34 1595/346/34
f 1596/362/32 1597/361/32 1599/360/32 1598/363/32
f 1601/362/36 1600/361/36 1602/360/36 1603/363/36
f 1601/366/38 1597/365/38 1596/364/38 1600/367/38
f 1602/366/34 1598/365/34 1599/364/34 1603/367/34
f 1600/362/31 1596/361/31 1598/360/31 1602/363/31
f 1597/362/1 1601/361/1 1603/360/1 1599/363/1
f 1604/370/38 1605/369/38 1607/368/38 1606/371/38
f 1611/368/38 1609/369/38 1608/372/38 1610/373/38
f 1615/373/38 1613/372/38 1612/374/38 1614/375/38
f 1616/370/34 1617/369/34 1619/368/34 1618/371/34
f 1623/368/34 1621/369/34 1620/372/34 1622/373/34
f 1627/373/34 1625/372/34 1624/374/34 1626/375/34
f 1631/378/31 1629/377/31 1628/376/31 1630/379/31
f 1634/381/1 1632/380/1 1633/165/1 1635/382/1
f 1628/385/38 1629/384/38 1633/383/38 1632/386/38
f 1631/385/34 1630/384/34 1634/383/34 1635/386/34
f 1630/388/50 1628/154/50 1632/387/50 1634/386/50
f 1635/386/51 1633/387/51 1629/154/51 1631/388/51
f 1639/378/31 1637/377/31 1636/376/31 1638/379/31
f 1642/381/1 1640/380/1 1641/165/1 1643/382/1
f 1636/385/38 1637/384/38 1641/383/38 1640/386/38
f 1639/385/34 1638/384/34 1642/383/34 1643/386/34
f 1638/388/50 1636/154/50 1640/387/50 1642/386/50
f 1643/386/51 1641/387/51 1637/154/51 1639/388/51
f 1647/378/32 1645/377/32 1644/376/32 1646/379/32
f 1650/381/36 1648/380/36 1649/165/36 1651/382/36
f 1644/385/38 1645/384/38 1649/383/38 1648/386/38
f 1647/385/34 1646/384/34 1650/383/34 1651/386/34
f 1646/388/52 1644/154/52 1648/387/52 1650/386/52
f 1651/386/53 1649/387/53 1645/154/53 1647/388/53
f 1655/378/32 1653/377/32 1652/376/32 1654/379/32
f 1658/381/36 1656/380/36 1657/165/36 1659/382/36
f 1652/385/38 1653/384/38 1657/383/38 1656/386/38
f 1655/385/34 1654/384/34 1658/383/34 1659/386/34
f 1654/388/52 1652/154/52 1656/387/52 1658/386/52
f 1659/386/53 1657/387/53 1653/154/53 1655/388/53
f 1660/376/36 1661/377/36 1663/378/36 1662/379/36
f 1665/165/32 1664/380/32 1666/381/32 1667/382/32
f 1665/383/38 1661/384/38 1660/385/38 1664/386/38
f 1666/383/34 1662/384/34 1663/385/34 1667/386/34
f 1664/387/54 1660/154/54 1662/388/54 1666/386/54
f 1661/154/55 1665/387/55 1667/386/55 1663/388/55
f 1668/376/36 1669/377/36 1671/378/36 1670/379/36
f 1673/165/32 1672/380/32 1674/381/32 1675/382/32
f 1673/383/38 1669/384/38 1668/385/38 1672/386/38
f 1674/383/34 1670/384/34 1671/385/34 1675/386/34
f 1672/387/54 1668/154/54 1670/388/54 1674/386/54
f 1669/154/55 1673/387/55 1675/386/55 1671/388/55
f 1676/376/1 1677/377/1 1679/378/1 1678/379/1
f 1681/165/31 1680/380/31 1682/381/31 1683/382/31
f 1681/383/38 1677/384/38 1676/385/38 1680/386/38
f 1682/383/34 1678/384/34 1679/385/34 1683/386/34
f 1680/387/56 1676/154/56 1678/388/56 1682/386/56
f 1677/154/57 1681/387/57 1683/386/57 1679/388/57
f 1684/376/1 1685/377/1 1687/378/1 1686/379/1
f 1689/165/31 1688/380/31 1690/381/31 1691/382/31
f 1689/383/38 1685/384/38 1684/385/38 1688/386/38
f 1690/383/34 1686/384/34 1687/385/34 1691/386/34
f 1688/387/56 1684/154/56 1686/388/56 1690/386/56
f 1685/154/57 1689/387/57 1691/386/57 1687/388/57
f 1692/376/47 1693/377/47 1695/378/47 1694/379/47
f 1697/165/46 1696/380/46 1698/381/46 1699/382/46
f 1697/383/38 1693/384/38 1692/385/38 1696/386/38
f 1698/383/34 1694/384/34 1695/385/34 1699/386/34
f 1696/387/58 1692/154/58 1694/388/58 1698/386/58
f 1693/154/59 1697/387/59 1699/386/59 1695/388/59
f 1700/376/47 1701/377/47 1703/378/47 1702/379/47
f 1705/165/46 1704/380/46 1706/381/46 1707/382/46
f 1705/383/38 1701/384/38 1700/385/38 1704/386/38
f 1706/383/34 1702/384/34 1703/385/34 1707/386/34
f 1704/387/58 1700/154/58 1702/388/58 1706/386/58
f 1701/154/59 1705/387/59 1707/386/59 1703/388/59
f 1711/378/49 1709/377/49 1708/376/49 1710/379/49
f 1714/381/48 1712/380/48 1713/165/48 1715/382/48
f 1708/385/38 1709/384/38 1713/383/38 1712/386/38
f 1711/385/34 1710/384/34 1714/383/34 1715/386/34
f 1710/388/60 1708/154/60 1712/387/60 1714/386/60
f 1715/386/61 1713/387/61 1709/154/61 1711/388/61
f 1719/378/49 1717/377/49 1716/376/49 1718/379/49
f 1722/381/48 1720/380/48 1721/165/48 1723/382/48
f 1716/385/38 1717/384/38 1721/383/38 1720/386/38
f 1719/385/34 1718/384/34 1722/383/34 1723/386/34
f 1718/388/60 1716/154/60 1720/387/60 1722/386/60
f 1723/386/61 1721/387/61 1717/154/61 1719/388/61
f 1724/376/46 1725/377/46 1727/378/46 1726/379/46
f 1729/165/47 1728/380/47 1730/381/47 1731/382/47
f 1729/383/38 1725/384/38 1724/385/38 1728/386/38
f 1730/383/34 1726/384/34 1727/385/34 1731/386/34
f 1728/387/62 1724/154/62 1726/388/62 1730/386/62
f 1725/154/63 1729/387/63 1731/386/63 1727/388/63
f 1732/376/46 1733/377/46 1735/378/46 1734/379/46
f 1737/165/47 1736/380/47 1738/381/47 1739/382/47
f 1737/383/38 1733/384/38 1732/385/38 1736/386/38
f 1738/383/34 1734/384/34 1735/385/34 1739/386/34
f 1736/387/62 1732/154/62 1734/388/62 1738/386/62
f 1733/154/63 1737/387/63 1739/386/63 1735/388/63
f 1743/378/48 1741/377/48 1740/376/48 1742/379/48
f 1746/381/49 1744/380/49 1745/165/49 1747/382/49
f 1740/385/38 1741/384/38 1745/383/38 1744/386/38
f 1743/385/34 1742/384/34 1746/383/34 1747/386/34
f 1742/388/64 1740/154/64 1744/387/64 1746/386/64
f 1747/386/65 1745/387/65 1741/154/65 1743/388/65
f 1751/378/48 1749/377/48 1748/376/48 1750/379/48
f 1754/381/49 1752/380/49 1753/165/49 1755/382/49
f 1748/385/38 1749/384/38 1753/383/38 1752/386/38
f 1751/385/34 1750/384/34 1754/383/34 1755/386/34
f 1750/388/64 1748/154/64 1752/387/64 1754/386/64
f 1755/386/65 1753/387/65 1749/154/65 1751/388/65
f 1761/313/46 1760/312/46 1756/311/46 1757/314/46
f 1762/317/47 1763/316/47 1759/315/47 1758/318/47
f 1763/321/38 1761/320/38 1757/319/38 1759/322/38
f 1765/324/32 1764/323/32 1760/311/32 1761/314/32
f 1766/326/36 1767/325/36 1763/316/36 1762/317/36
f 1767/329/38 1765/328/38 1761/327/38 1763/330/38
f 1769/315/48 1768/318/48 1764/331/48 1765/332/48
f 1770/335/49 1771/334/49 1767/333/49 1766/336/49
f 1771/339/38 1769/338/38 1765/337/38 1767/340/38
f 1773/333/1 1772/336/1 1768/341/1 1769/342/1
f 1774/326/31 1775/325/31 1771/316/31 1770/317/31
f 1775/345/38 1773/344/38 1769/343/38 1771/346/38
f 1777/348/47 1776/347/47 1772/335/47 1773/334/47
f 1778/351/46 1779/350/46 1775/349/46 1774/352/46
f 1779/321/38 1777/320/38 1773/319/38 1775/322/38
f 1781/348/36 1780/347/36 1776/331/36 1777/332/36
f 1782/311/32 1783/314/32 1779/353/32 1778/354/32
f 1783/330/38 1781/327/38 1777/328/38 1779/329/38
f 1785/357/49 1784/356/49 1780/355/49 1781/278/49
f 1786/317/48 1787/316/48 1783/315/48 1782/318/48
f 1787/340/38 1785/337/38 1781/338/38 1783/339/38
f 1757/315/31 1756/318/31 1784/354/31 1785/353/31
f 1758/359/1 1759/358/1 1787/357/1 1786/356/1
f 1759/345/38 1757/344/38 1785/343/38 1787/346/38
f 1791/321/34 1790/320/34 1788/319/34 1789/322/34
f 1793/329/34 1792/328/34 1790/327/34 1791/330/34
f 1795/339/34 1794/338/34 1792/337/34 1793/340/34
f 1797/345/34 1796/344/34 1794/343/34 1795/346/34
f 1799/321/34 1798/320/34 1796/319/34 1797/322/34
f 1801/330/34 1800/327/34 1798/328/34 1799/329/34
f 1803/340/34 1802/337/34 1800/338/34 1801/339/34
f 1789/345/34 1788/344/34 1802/343/34 1803/346/34
f 1804/362/32 1805/361/32 1807/360/32 1806/363/32
f 1809/362/36 1808/361/36 1810/360/36 1811/363/36
f 1809/366/38 1805/365/38 1804/364/38 1808/367/38
f 1810/366/34 1806/365/34 1807/364/34 1811/367/34
f 1808/362/31 1804/361/31 1806/360/31 1810/363/31
f 1805/362/1 1809/361/1 1811/360/1 1807/363/1
f 1812/370/38 1813/369/38 1815/368/38 1814/371/38
f 1819/368/38 1817/369/38 1816/372/38 1818/373/38
f 1823/373/38 1821/372/38 1820/374/38 1822/375/38
f 1824/370/34 1825/369/34 1827/368/34 1826/371/34
f 1831/368/34 1829/369/34 1828/372/34 1830/373/34
f 1835/373/34 1833/372/34 1832/374/34 1834/375/34
f 1839/378/31 1837/377/31 1836/376/31 1838/379/31
f 1842/381/1 1840/380/1 1841/165/1 1843/382/1
f 1836/385/38 1837/384/38 1841/383/38 1840/386/38
f 1839/385/34 1838/384/34 1842/383/34 1843/386/34
f 1838/388/50 1836/154/50 1840/387/50 1842/386/50
f 1843/386/51 1841/387/51 1837/154/51 1839/388/51
f 1847/378/31 1845/377/31 1844/376/31 1846/379/31
f 1850/381/1 1848/380/1 1849/165/1 1851/382/1
f 1844/385/38 1845/384/38 1849/383/38 1848/386/38
f 1847/385/34 1846/384/34 1850/383/34 1851/386/34
f 1846/388/50 1844/154/50 1848/387/50 1850/386/50
f 1851/386/51 1849/387/51 1845/154/51 1847/388/51
f 1855/378/32 1853/377/32 1852/376/32 1854/379/32
f 1858/381/36 1856/380/36 1857/165/36 1859/382/36
f 1852/385/38 1853/384/38 1857/383/38 1856/386/38
f 1855/385/34 1854/384/34 1858/383/34 1859/386/34
f 1854/388/52 1852/154/52 1856/387/52 1858/386/52
f 1859/386/53 1857/387/53 1853/154/53 1855/388/53
f 1863/378/32 1861/377/32 1860/376/32 1862/379/32
f 1866/381/36 1864/380/36 1865/165/36 1867/382/36
f 1860/385/38 1861/384/38 1865/383/38 1864/386/38
f 1863/385/34 1862/384/34 1866/383/34 1867/386/34
f 1862/388/52 1860/154/52 1864/387/52 1866/386/52
f 1867/386/53 1865/387/53 1861/154/53 1863/388/53
f 1868/376/36 1869/377/36 1871/378/36 1870/379/36
f 1873/165/32 1872/380/32 1874/381/32 1875/382/32
f 1873/383/38 1869/384/38 1868/385/38 1872/386/38
f 1874/383/34 1870/384/34 1871/385/34 1875/386/34
f 1872/387/54 1868/154/54 1870/388/54 1874/386/54
f 1869/154/55 1873/387/55 1875/386/55 1871/388/55
f 1876/376/36 1877/377/36 1879/378/36 1878/379/36
f 1881/165/32 1880/380/32 1882/381/32 1883/382/32
f 1881/383/38 1877/384/38 1876/385/38 1880/386/38
f 1882/383/34 1878/384/34 1879/385/34 1883/386/34
f 1880/387/54 1876/154/54 1878/388/54 1882/386/54
f 1877/154/55 1881/387/55 1883/386/55 1879/388/55
f 1884/376/1 1885/377/1 1887/378/1 1886/379/1
f 1889/165/31 1888/380/31 1890/381/31 1891/382/31
f 1889/383/38 1885/384/38 1884/385/38 1888/386/38
f 1890/383/34 1886/384/34 1887/385/34 1891/386/34
f 1888/387/56 1884/154/56 1886/388/56 1890/386/56
f 1885/154/57 1889/387/57 1891/386/57 1887/388/57
f 1892/376/1 1893/377/1 1895/378/1 1894/379/1
f 1897/165/31 1896/380/31 1898/381/31 1899/382/31
f 1897/383/38 1893/384/38 1892/385/38 1896/386/38
f 1898/383/34 1894/384/34 1895/385/34 1899/386/34
f 1896/387/56 1892/154/56 1894/388/56 1898/386/56
f 1893/154/57 1897/387/57 1899/386/57 1895/388/57
f 1900/376/47 1901/377/47 1903/378/47 1902/379/47
f 1905/165/46 1904/380/46 1906/381/46 1907/382/46
f 1905/383/38 1901/384/38 1900/385/38 1904/386/38
f 1906/383/34 1902/384/34 1903/385/34 1907/386/34
f 1904/387/58 1900/154/58 1902/388/58 1906/386/58
f 1901/154/59 1905/387/59 1907/386/59 1903/388/59
f 1908/376/47 1909/377/47 1911/378/47 1910/379/47
f 1913/165/46 1912/380/46 1914/381/46 1915/382/46
f 1913/383/38 1909/384/38 1908/385/38 1912/386/38
f 1914/383/34 1910/384/34 1911/385/34 1915/386/34
f 1912/387/58 1908/154/58 1910/388/58 1914/386/58
f 1909/154/59 1913/387/59 1915/386/59 1911/388/59
f 1919/378/49 1917/377/49 1916/376/49 1918/379/49
f 1922/381/48 1920/380/48 1921/165/48 1923/382/48
f 1916/385/38 1917/384/38 1921/383/38 1920/386/38
f 1919/385/34 1918/384/34 1922/383/34 1923/386/34
f 1918/388/60 1916/154/60 1920/387/60 1922/386/60
f 1923/386/61 1921/387/61 1917/154/61 1919/388/61
f 1927/378/49 1925/377/49 1924/376/49 1926/379/49
f 1930/381/48 1928/380/48 1929/165/48 1931/382/48
f 1924/385/38 1925/384/38 1929/383/38 1928/386/38
f 1927/385/34 1926/384/34 1930/383/34 1931/386/34
f 1926/388/60 1924/154/60 1928/387/60 1930/386/60
f 1931/386/61 1929/387/61 1925/154/61 1927/388/61
f 1932/376/46 1933/377/46 1935/378/46 1934/379/46
f 1937/165/47 1936/380/47 1938/381/47 1939/382/47
f 1937/383/38 1933/384/38 1932/385/38 1936/386/38
f 1938/383/34 1934/384/34 1935/385/34 1939/386/34
f 1936/387/62 1932/154/62 1934/388/62 1938/386/62
f 1933/154/63 1937/387/63 1939/386/63 1935/388/63
f 1940/376/46 1941/377/46 1943/378/46 1942/379/46
f 1945/165/47 1944/380/47 1946/381/47 1947/382/47
f 1945/383/38 1941/384/38 1940/385/38 1944/386/38
f 1946/383/34 1942/384/34 1943/385/34 1947/386/34
f 1944/387/62 1940/154/62 1942/388/62 1946/386/62
f 1941/154/63 1945/387/63 1947/386/63 1943/388/63
f 1951/378/48 1949/377/48 1948/376/48 1950/379/48
f 1954/381/49 1952/380/49 1953/165/49 1955/382/49
f 1948/385/38 1949/384/38 1953/383/38 1952/386/38
f 1951/385/34 1950/384/34 1954/383/34 1955/386/34
f 1950/388/64 1948/154/64 1952/387/64 1954/386/64
f 1955/386/65 1953/387/65 1949/154/65 1951/388/65
f 1959/378/48 1957/377/48 1956/376/48 1958/379/48
f 1962/381/49 1960/380/49 1961/165/49 1963/382/49
f 1956/385/38 1957/384/38 1961/383/38 1960/386/38
f 1959/385/34 1958/384/34 1962/383/34 1963/386/34
f 1958/388/64 1956/154/64 1960/387/64 1962/386/64
f 1963/386/65 1961/387/65 1957/154/65 1959/388/65
f 1969/313/46 1968/312/46 1964/311/46 1965/314/46
f 1970/317/47 1971/316/47 1967/315/47 1966/318/47
f 1971/321/38 1969/320/38 1965/319/38 1967/322/38
f 1973/324/32 1972/323/32 1968/311/32 1969/314/32
f 1974/326/36 1975/325/36 1971/316/36 1970/317/36
f 1975/329/38 1973/328/38 1969/327/38 1971/330/38
f 1977/315/48 1976/318/48 1972/331/48 1973/332/48
f 1978/335/49 1979/334/49 1975/333/49 1974/336/49
f 1979/339/38 1977/338/38 1973/337/38 1975/340/38
f 1981/333/1 1980/336/1 1976/341/1 1977/342/1
f 1982/326/31 1983/325/31 1979/316/31 1978/317/31
f 1983/345/38 1981/344/38 1977/343/38 1979/346/38
f 1985/348/47 1984/347/47 1980/335/47 1981/334/47
f 1986/351/46 1987/350/46 1983/349/46 1982/352/46
f 1987/321/38 1985/320/38 1981/319/38 1983/322/38
f 1989/348/36 1988/347/36 1984/331/36 1985/332/36
f 1990/311/32 1991/314/32 1987/353/32 1986/354/32
f 1991/330/38 1989/327/38 1985/328/38 1987/329/38
f 1993/357/49 1992/356/49 1988/355/49 1989/278/49
f 1994/317/48 1995/316/48 1991/315/48 1990/318/48
f 1995/340/38 1993/337/38 1989/338/38 1991/339/38
f 1965/315/31 1964/318/31 1992/354/31 1993/353/31
f 1966/359/1 1967/358/1 1995/357/1 1994/356/1
f 1967/345/38 1965/344/38 1993/343/38 1995/346/38
f 1999/321/34 1998/320/34 1996/319/34 1997/322/34
f 2001/329/34 2000/328/34 1998/327/34 1999/330/34
f 2003/339/34 2002/338/34 2000/337/34 2001/340/34
f 2005/345/34 2004/344/34 2002/343/34 2003/346/34
f 2007/321/34 2006/320/34 2004/319/34 2005/322/34
f 2009/330/34 2008/327/34 2006/328/34 2007/329/34
f 2011/340/34 2010/337/34 2008/338/34 2009/339/34
f 1997/345/34 1996/344/34 2010/343/34 2011/346/34
f 2012/362/32 2013/361/32 2015/360/32 2014/363/32
f 2017/362/36 2016/361/36 2018/360/36 2019/363/36
f 2017/366/38 2013/365/38 2012/364/38 2016/367/38
f 2018/366/34 2014/365/34 2015/364/34 2019/367/34
f 2016/362/31 2012/361/31 2014/360/31 2018/363/31
f 2013/362/1 2017/361/1 2019/360/1 2015/363/1
f 2020/370/38 2021/369/38 2023/368/38 2022/371/38
f 2027/368/38 2025/369/38 2024/372/38 2026/373/38
f 2031/373/38 2029/372/38 2028/374/38 2030/375/38
f 2032/370/34 2033/369/34 2035/368/34 2034/371/34
f 2039/368/34 2037/369/34 2036/372/34 2038/373/34
f 2043/373/34 2041/372/34 2040/374/34 2042/375/34
f 2047/378/31 2045/377/31 2044/376/31 2046/379/31
f 2050/381/1 2048/380/1 2049/165/1 2051/382/1
f 2044/385/38 2045/384/38 2049/383/38 2048/386/38
f 2047/385/34 2046/384/34 2050/383/34 2051/386/34
f 2046/388/50 2044/154/50 2048/387/50 2050/386/50
f 2051/386/51 2049/387/51 2045/154/51 2047/388/51
f 2055/378/31 2053/377/31 2052/376/31 2054/379/31
f 2058/381/1 2056/380/1 2057/165/1 2059/382/1
f 2052/385/38 2053/384/38 2057/383/38 2056/386/38
f 2055/385/34 2054/384/34 2058/383/34 2059/386/34
f 2054/388/50 2052/154/50 2056/387/50 2058/386/50
f 2059/386/51 2057/387/51 2053/154/51 2055/388/51
f 2063/378/32 2061/377/32 2060/376/32 2062/379/32
f 2066/381/36 2064/380/36 2065/165/36 2067/382/36
f 2060/385/38 2061/384/38 2065/383/38 2064/386/38
f 2063/385/34 2062/384/34 2066/383/34 2067/386/34
f 2062/388/52 2060/154/52 2064/387/52 2066/386/52
f 2067/386/53 2065/387/53 2061/154/53 2063/388/53
f 2071/378/32 2069/377/32 2068/376/32 2070/379/32
f 2074/381/36 2072/380/36 2073/165/36 2075/382/36
f 2068/385/38 2069/384/38 2073/383/38 2072/386/38
f 2071/385/34 2070/384/34 2074/383/34 2075/386/34
f 2070/388/52 2068/154/52 2072/387/52 2074/386/52
f 2075/386/53 2073/387/53 2069/154/53 2071/388/53
f 2076/376/36 2077/377/36 2079/378/36 2078/379/36
f 2081/165/32 2080/380/32 2082/381/32 2083/382/32
f 2081/383/38 2077/384/38 2076/385/38 2080/386/38
f 2082/383/34 2078/384/34 2079/385/34 2083/386/34
f 2080/387/54 2076/154/54 2078/388/54 2082/386/54
f 2077/154/55 2081/387/55 2083/386/55 2079/388/55
f 2084/376/36 2085/377/36 2087/378/36 2086/379/36
f 2089/165/32 2088/380/32 2090/381/32 2091/382/32
f 2089/383/38 2085/384/38 2084/385/38 2088/386/38
f 2090/383/34 2086/384/34 2087/385/34 2091/386/34
f 2088/387/54 2084/154/54 2086/388/54 2090/386/54
f 2085/154/55 2089/387/55 2091/386/55 2087/388/55
f 2092/376/1 2093/377/1 2095/378/1 2094/379/1
f 2097/165/31 2096/380/31 2098/381/31 2099/382/31
f 2097/383/38 2093/384/38 2092/385/38 2096/386/38
f 2098/383/34 2094/384/34 2095/385/34 2099/386/34
f 2096/387/56 2092/154/56 2094/388/56 2098/386/56
f 2093/154/57 2097/387/57 2099/386/57 2095/388/57
f 2100/376/1 2101/377/1 2103/378/1 2102/379/1
f 2105/165/31 2104/380/31 2106/381/31 2107/382/31
f 2105/383/38 2101/384/38 2100/385/38 2104/386/38
f 2106/383/34 2102/384/34 2103/385/34 2107/386/34
f 2104/387/56 2100/154/56 2102/388/56 2106/386/56
f 2101/154/57 2105/387/57 2107/386/57 2103/388/57
f 2108/376/47 2109/377/47 2111/378/47 2110/379/47
f 2113/165/46 2112/380/46 2114/381/46 2115/382/46
f 2113/383/38 2109/384/38 2108/385/38 2112/386/38
f 2114/383/34 2110/384/34 2111/385/34 2115/386/34
f 2112/387/58 2108/154/58 2110/388/58 2114/386/58
f 2109/154/59 2113/387/59 2115/386/59 2111/388/59
f 2116/376/47 2117/377/47 2119/378/47 2118/379/47
f 2121/165/46 2120/380/46 2122/381/46 2123/382/46
f 2121/383/38 2117/384/38 2116/385/38 2120/386/38
f 2122/383/34 2118/384/34 2119/385/34 2123/386/34
f 2120/387/58 2116/154/58 2118/388/58 2122/386/58
f 2117/154/59 2121/387/59 2123/386/59 2119/388/59
f 2127/378/49 2125/377/49 2124/376/49 2126/379/49
f 2130/381/48 2128/380/48 2129/165/48 2131/382/48
f 2124/385/38 2125/384/38 2129/383/38 2128/386/38
f 2127/385/34 2126/384/34 2130/383/34 2131/386/34
f 2126/388/60 2124/154/60 2128/387/60 2130/386/60
f 2131/386/61 2129/387/61 2125/154/61 2127/388/61
f 2135/378/49 2133/377/49 2132/376/49 2134/379/49
f 2138/381/48 2136/380/48 2137/165/48 2139/382/48
f 2132/385/38 2133/384/38 2137/383/38 2136/386/38
f 2135/385/34 2134/384/34 2138/383/34 2139/386/34
f 2134/388/60 2132/154/60 2136/387/60 2138/386/60
f 2139/386/61 2137/387/61 2133/154/61 2135/388/61
f 2140/376/46 2141/377/46 2143/378/46 2142/379/46
f 2145/165/47 2144/380/47 2146/381/47 2147/382/47
f 2145/383/38 2141/384/38 2140/385/38 2144/386/38
f 2146/383/34 2142/384/34 2143/385/34 2147/386/34
f 2144/387/62 2140/154/62 2142/388/62 2146/386/62
f 2141/154/63 2145/387/63 2147/386/63 2143/388/63
f 2148/376/46 2149/377/46 2151/378/46 2150/379/46
f 2153/165/47 2152/380/47 2154/381/47 2155/382/47
f 2153/383/38 2149/384/38 2148/385/38 2152/386/38
f 2154/383/34 2150/384/34 2151/385/34 2155/386/34
f 2152/387/62 2148/154/62 2150/388/62 2154/386/62
f 2149/154/63 2153/387/63 2155/386/63 2151/388/63
f 2159/378/48 2157/377/48 2156/376/48 2158/379/48
f 2162/381/49 2160/380/49 2161/165/49 2163/382/49
f 2156/385/38 2157/384/38 2161/383/38 2160/386/38
f 2159/385/34 2158/384/34 2162/383/34 2163/386/34
f 2158/388/64 2156/154/64 2160/387/64 2162/386/64
f 2163/386/65 2161/387/65 2157/154/65 2159/388/65
f 2167/378/48 2165/377/48 2164/376/48 2166/379/48
f 2170/381/49 2168/380/49 2169/165/49 2171/382/49
f 2164/385/38 2165/384/38 2169/383/38 2168/386/38
f 2167/385/34 2166/384/34 2170/383/34 2171/386/34
f 2166/388/64 2164/154/64 2168/387/64 2170/386/64
f 2171/386/65 2169/387/65 2165/154/65 2167/388/65
f 2177/313/46 2176/312/46 2172/311/46 2173/314/46
f 2178/317/47 2179/316/47 2175/315/47 2174/318/47
f 2179/321/38 2177/320/38 2173/319/38 2175/322/38
f 2181/324/32 2180/323/32 2176/311/32 2177/314/32
f 2182/326/36 2183/325/36 2179/316/36 2178/317/36
f 2183/329/38 2181/328/38 2177/327/38 2179/330/38
f 2185/315/48 2184/318/48 2180/331/48 2181/332/48
f 2186/335/49 2187/334/49 2183/333/49 2182/336/49
f 2187/339/38 2185/338/38 2181/337/38 2183/340/38
f 2189/333/1 2188/336/1 2184/341/1 2185/342/1
f 2190/326/31 2191/325/31 2187/316/31 2186/317/31
f 2191/345/38 2189/344/38 2185/343/38 2187/346/38
f 2193/348/47 2192/347/47 2188/335/47 2189/334/47
f 2194/351/46 2195/350/46 2191/349/46 2190/352/46
f 2195/321/38 2193/320/38 2189/319/38 2191/322/38
f 2197/348/36 2196/347/36 2192/331/36 2193/332/36
f 2198/311/32 2199/314/32 2195/353/32 2194/354/32
f 2199/330/38 2197/327/38 2193/328/38 2195/329/38
f 2201/357/49 2200/356/49 2196/355/49 2197/278/49
f 2202/317/48 2203/316/48 2199/315/48 2198/318/48
f 2203/340/38 2201/337/38 2197/338/38 2199/339/38
f 2173/315/31 2172/318/31 2200/354/31 2201/353/31
f 2174/359/1 2175/358/1 2203/357/1 2202/356/1
f 2175/345/38 2173/344/38 2201/343/38 2203/346/38
f 2207/321/34 2206/320/34 2204/319/34 2205/322/34
f 2209/329/34 2208/328/34 2206/327/34 2207/330/34
f 2211/339/34 2210/338/34 2208/337/34 2209/340/34
f 2213/345/34 2212/344/34 2210/343/34 2211/346/34
f 2215/321/34 2214/320/34 2212/319/34 2213/322/34
f 2217/330/34 2216/327/34 2214/328/34 2215/329/34
f 2219/340/34 2218/337/34 2216/338/34 2217/339/34
f 2205/345/34 2204/344/34 2218/343/34 2219/346/34
f 2220/362/32 2221/361/32 2223/360/32 2222/363/32
f 2225/362/36 2224/361/36 2226/360/36 2227/363/36
f 2225/366/38 2221/365/38 2220/364/38 2224/367/38
f 2226/366/34 2222/365/34 2223/364/34 2227/367/34
f 2224/362/31 2220/361/31 2222/360/31 2226/363/31
f 2221/362/1 2225/361/1 2227/360/1 2223/363/1
f 2228/370/38 2229/369/38 2231/368/38 2230/371/38
f 2235/368/38 2233/369/38 2232/372/38 2234/373/38
f 2239/373/38 2237/372/38 2236/374/38 2238/375/38
f 2240/370/34 2241/369/34 2243/368/34 2242/371/34
f 2247/368/34 2245/369/34 2244/372/34 2246/373/34
f 2251/373/34 2249/372/34 2248/374/34 2250/375/34
f 2255/378/31 2253/377/31 2252/376/31 2254/379/31
f 2258/381/1 2256/380/1 2257/165/1 2259/382/1
f 2252/385/38 2253/384/38 2257/383/38 2256/386/38
f 2255/385/34 2254/384/34 2258/383/34 2259/386/34
f 2254/388/50 2252/154/50 2256/387/50 2258/386/50
f 2259/386/51 2257/387/51 2253/154/51 2255/388/51
f 2263/378/31 2261/377/31 2260/376/31 2262/379/31
f 2266/381/1 2264/380/1 2265/165/1 2267/382/1
f 2260/385/38 2261/384/38 2265/383/38 2264/386/38
f 2263/385/34 2262/384/34 2266/383/34 2267/386/34
f 2262/388/50 2260/154/50 2264/387/50 2266/386/50
f 2267/386/51 2265/387/51 2261/154/51 2263/388/51
f 2271/378/32 2269/377/32 2268/376/32 2270/379/32
f 2274/381/36 2272/380/36 2273/165/36 2275/382/36
f 2268/385/38 2269/384/38 2273/383/38 2272/386/38
f 2271/385/34 2270/384/34 2274/383/34 2275/386/34
f 2270/388/52 2268/154/52 2272/387/52 2274/386/52
f 2275/386/53 2273/387/53 2269/154/53 2271/388/53
f 2279/378/32 2277/377/32 2276/376/32 2278/379/32
f 2282/381/36 2280/380/36 2281/165/36 2283/382/36
f 2276/385/38 2277/384/38 2281/383/38 2280/386/38
f 2279/385/34 2278/384/34 2282/383/34 2283/386/34
f 2278/388/52 2276/154/52 2280/387/52 2282/386/52
f 2283/386/53 2281/387/53 2277/154/53 2279/388/53
f 2284/376/36 2285/377/36 2287/378/36 2286/379/36
f 2289/165/32 2288/380/32 2290/381/32 2291/382/32
f 2289/383/38 2285/384/38 2284/385/38 2288/386/38
f 2290/383/34 2286/384/34 2287/385/34 2291/386/34
f 2288/387/54 2284/154/54 2286/388/54 2290/386/54
f 2285/154/55 2289/387/55 2291/386/55 2287/388/55
f 2292/376/36 2293/377/36 2295/378/36 2294/379/36
f 2297/165/32 2296/380/32 2298/381/32 2299/382/32
f 2297/383/38 2293/384/38 2292/385/38 2296/386/38
f 2298/383/34 2294/384/34 2295/385/34 2299/386/34
f 2296/387/54 2292/154/54 2294/388/54 2298/386/54
f 2293/154/55 2297/387/55 2299/386/55 2295/388/55
f 2300/376/1 2301/377/1 2303/378/1 2302/379/1
f 2305/165/31 2304/380/31 2306/381/31 2307/382/31
f 2305/383/38 2301/384/38 2300/385/38 2304/386/38
f 2306/383/34 2302/384/34 2303/385/34 2307/386/34
f 2304/387/56 2300/154/56 2302/388/56 2306/386/56
f 2301/154/57 2305/387/57 2307/386/57 2303/388/57
f 2308/376/1 2309/377/1 2311/378/1 2310/379/1
f 2313/165/31 2312/380/31 2314/381/31 2315/382/31
f 2313/383/38 2309/384/38 2308/385/38 2312/386/38
f 2314/383/34 2310/384/34 2311/385/34 2315/386/34
f 2312/387/56 2308/154/56 2310/388/56 2314/386/56
f 2309/154/57 2313/387/57 2315/386/57 2311/388/57
f 2316/376/47 2317/377/47 2319/378/47 2318/379/47
f 2321/165/46 2320/380/46 2322/381/46 2323/382/46
f 2321/383/38 2317/384/38 2316/385/38 2320/386/38
f 2322/383/34 2318/384/34 2319/385/34 2323/386/34
f 2320/387/58 2316/154/58 2318/388/58 2322/386/58
f 2317/154/59 2321/387/59 2323/386/59 2319/388/59
f 2324/376/47 2325/377/47 2327/378/47 2326/379/47
f 2329/165/46 2328/380/46 2330/381/46 2331/382/46
f 2329/383/38 2325/384/38 2324/385/38 2328/386/38
f 2330/383/34 2326/384/34 2327/385/34 2331/386/34
f 2328/387/58 2324/154/58 2326/388/58 2330/386/58
f 2325/154/59 2329/387/59 2331/386/59 2327/388/59
f 2335/378/49 2333/377/49 2332/376/49 2334/379/49
f 2338/381/48 2336/380/48 2337/165/48 2339/382/48
f 2332/385/38 2333/384/38 2337/383/38 2336/386/38
f 2335/385/34 2334/384/34 2338/383/34 2339/386/34
f 2334/388/60 2332/154/60 2336/387/60 2338/386/60
f 2339/386/61 2337/387/61 2333/154/61 2335/388/61
f 2343/378/49 2341/377/49 2340/376/49 2342/379/49
f 2346/381/48 2344/380/48 2345/165/48 2347/382/48
f 2340/385/38 2341/384/38 2345/383/38 2344/386/38
f 2343/385/34 2342/384/34 2346/383/34 2347/386/34
f 2342/388/60 2340/154/60 2344/387/60 2346/386/60
f 2347/386/61 2345/387/61 2341/154/61 2343/388/61
f 2348/376/46 2349/377/46 2351/378/46 2350/379/46
f 2353/165/47 2352/380/47 2354/381/47 2355/382/47
f 2353/383/38 2349/384/38 2348/385/38 2352/386/38
f 2354/383/34 2350/384/34 2351/385/34 2355/386/34
f 2352/387/62 2348/154/62 2350/388/62 2354/386/62
f 2349/154/63 2353/387/63 2355/386/63 2351/388/63
f 2356/376/46 2357/377/46 2359/378/46 2358/379/46
f 2361/165/47 2360/380/47 2362/381/47 2363/382/47
f 2361/383/38 2357/384/38 2356/385/38 2360/386/38
f 2362/383/34 2358/384/34 2359/385/34 2363/386/34
f 2360/387/62 2356/154/62 2358/388/62 2362/386/62
f 2357/154/63 2361/387/63 2363/386/63 2359/388/63
f 2367/378/48 2365/377/48 2364/376/48 2366/379/48
f 2370/381/49 2368/380/49 2369/165/49 2371/382/49
f 2364/385/38 2365/384/38 2369/383/38 2368/386/38
f 2367/385/34 2366/384/34 2370/383/34 2371/386/34
f 2366/388/64 2364/154/64 2368/387/64 2370/386/64
f 2371/386/65 2369/387/65 2365/154/65 2367/388/65
f 2375/378/48 2373/377/48 2372/376/48 2374/379/48
f 2378/381/49 2376/380/49 2377/165/49 2379/382/49
f 2372/385/38 2373/384/38 2377/383/38 2376/386/38
f 2375/385/34 2374/384/34 2378/383/34 2379/386/34
f 2374/388/64 2372/154/64 2376/387/64 2378/386/64
f 2379/386/65 2377/387/65 2373/154/65 2375/388/65
f 2385/391/36 2384/390/36 2386/389/36 2387/392/36
f 2385/390/31 2381/394/31 2380/393/31 2384/391/31
f 2384/397/34 2380/396/34 2382/395/34 2386/398/34
f 2381/396/38 2385/397/38 2387/398/38 2383/395/38
f 2388/401/32 2389/400/32 2391/399/32 2390/402/32
f 2393/405/66 2392/404/66 2394/403/66 2395/406/66
f 2394/390/1 2390/408/1 2391/407/1 2395/391/1
f 2392/398/34 2388/395/34 2390/409/34 2394/410/34
f 2389/395/38 2393/398/38 2395/410/38 2391/409/38
f 2401/413/31 2397/412/31 2396/411/31 2400/414/31
f 2402/417/1 2398/416/1 2399/415/1 2403/418/1
f 2400/396/34 2396/420/34 2398/419/34 2402/409/34
f 2397/420/38 2401/396/38 2403/409/38 2399/419/38
f 2410/389/32 2408/390/32 2409/391/32 2411/392/32
f 2404/393/31 2405/394/31 2409/390/31 2408/391/31
f 2406/395/34 2404/396/34 2408/397/34 2410/398/34
f 2411/398/38 2409/397/38 2405/396/38 2407/395/38
f 2415/399/36 2413/400/36 2412/401/36 2414/402/36
f 2418/403/67 2416/404/67 2417/405/67 2419/406/67
f 2415/407/1 2414/408/1 2418/390/1 2419/391/1
f 2414/409/34 2412/395/34 2416/398/34 2418/410/34
f 2419/410/38 2417/398/38 2413/395/38 2415/409/38
f 2425/391/36 2424/390/36 2426/389/36 2427/392/36
f 2425/390/31 2421/394/31 2420/393/31 2424/391/31
f 2424/397/34 2420/396/34 2422/395/34 2426/398/34
f 2421/396/38 2425/397/38 2427/398/38 2423/395/38
f 2428/401/32 2429/400/32 2431/399/32 2430/402/32
f 2433/405/66 2432/404/66 2434/403/66 2435/406/66
f 2434/390/1 2430/408/1 2431/407/1 2435/391/1
f 2432/398/34 2428/395/34 2430/409/34 2434/410/34
f 2429/395/38 2433/398/38 2435/410/38 2431/409/38
f 2441/413/31 2437/412/31 2436/411/31 2440/414/31
f 2442/417/1 2438/416/1 2439/415/1 2443/418/1
f 2440/396/34 2436/420/34 2438/419/34 2442/409/34
f 2437/420/38 2441/396/38 2443/409/38 2439/419/38
f 2450/389/32 2448/390/32 2449/391/32 2451/392/32
f 2444/393/31 2445/394/31 2449/390/31 2448/391/31
f 2446/395/34 2444/396/34 2448/397/34 2450/398/34
f 2451/398/38 2449/397/38 2445/396/38 2447/395/38
f 2455/399/36 2453/400/36 2452/401/36 2454/402/36
f 2458/403/67 2456/404/67 2457/405/67 2459/406/67
f 2455/407/1 2454/408/1 2458/390/1 2459/391/1
f 2454/409/34 2452/395/34 2456/398/34 2458/410/34
f 2459/410/38 2457/398/38 2453/395/38 2455/409/38
f 2463/422/36 2461/299/36 2460/421/36 2462/423/36
f 2466/422/32 2464/299/32 2465/421/32 2467/423/32
f 2460/425/31 2461/163/31 2465/424/31 2464/426/31
f 2462/428/34 2460/420/34 2464/427/34 2466/429/34
f 2467/429/38 2465/427/38 2461/420/38 2463/428/38
f 2471/150/36 2469/431/36 2468/430/36 2470/265/36
f 2474/434/67 2472/433/67 2473/432/67 2475/435/67
f 2471/437/1 2470/436/1 2474/421/1 2475/299/1
f 2470/419/34 2468/428/34 2472/429/34 2474/438/34
f 2475/438/38 2473/429/38 2469/428/38 2471/419/38
f 2476/421/32 2477/299/32 2479/422/32 2478/423/32
f 2481/421/36 2480/299/36 2482/422/36 2483/423/36
f 2481/424/31 2477/163/31 2476/425/31 2480/426/31
f 2480/427/34 2476/420/34 2478/428/34 2482/429/34
f 2477/420/38 2481/427/38 2483/429/38 2479/428/38
f 2484/430/32 2485/431/32 2487/150/32 2486/265/32
f 2489/423/66 2488/422/66 2490/150/66 2491/265/66
f 2490/421/1 2486/436/1 2487/437/1 2491/299/1
f 2488/429/34 2484/428/34 2486/419/34 2490/438/34
f 2485/428/38 2489/429/38 2491/438/38 2487/419/38
f 2500/163/32 2501/163/32 2503/455/32 2502/455/32
f 2505/163/32 2504/163/32 2506/455/32 2507/455/32
f 2505/163/68 2501/456/68 2500/456/68 2504/163/68
f 2506/163/68 2502/456/68 2503/456/68 2507/163/68
f 2501/459/38 2505/458/38 2507/457/38 2503/460/38
f 2508/311/49 2512/312/49 2513/313/49 2509/314/49
f 2511/315/48 2515/316/48 2514/317/48 2510/318/48
f 2509/319/38 2513/320/38 2515/321/38 2511/322/38
f 2512/311/36 2516/323/36 2517/324/36 2513/314/36
f 2515/316/32 2519/325/32 2518/326/32 2514/317/32
f 2513/327/38 2517/328/38 2519/329/38 2515/330/38
f 2516/331/47 2520/318/47 2521/315/47 2517/332/47
f 2519/333/46 2523/334/46 2522/335/46 2518/336/46
f 2517/337/38 2521/338/38 2523/339/38 2519/340/38
f 2520/341/1 2524/336/1 2525/333/1 2521/342/1
f 2523/316/31 2527/325/31 2526/326/31 2522/317/31
f 2521/343/38 2525/344/38 2527/345/38 2523/346/38
f 2524/335/48 2528/347/48 2529/348/48 2525/334/48
f 2527/349/49 2531/350/49 2530/351/49 2526/352/49
f 2525/319/38 2529/320/38 2531/321/38 2527/322/38
f 2528/331/32 2532/347/32 2533/348/32 2529/332/32
f 2531/353/36 2535/314/36 2534/311/36 2530/354/36
f 2529/328/38 2533/327/38 2535/330/38 2531/329/38
f 2532/355/46 2536/356/46 2537/357/46 2533/278/46
f 2535/315/47 2539/316/47 2538/317/47 2534/318/47
f 2533/338/38 2537/337/38 2539/340/38 2535/339/38
f 2536/354/31 2508/318/31 2509/315/31 2537/353/31
f 2539/357/1 2511/358/1 2510/359/1 2538/356/1
f 2537/343/38 2509/344/38 2511/345/38 2539/346/38
f 2540/319/34 2542/320/34 2543/321/34 2541/322/34
f 2542/327/34 2544/328/34 2545/329/34 2543/330/34
f 2544/337/34 2546/338/34 2547/339/34 2545/340/34
f 2546/343/34 2548/344/34 2549/345/34 2547/346/34
f 2548/319/34 2550/320/34 2551/321/34 2549/322/34
f 2550/328/34 2552/327/34 2553/330/34 2551/329/34
f 2552/338/34 2554/337/34 2555/340/34 2553/339/34
f 2554/343/34 2540/344/34 2541/345/34 2555/346/34
f 2558/360/36 2/361/36 2556/362/36 2557/363/36
f 2561/360/32 2559/361/32 2560/362/32 2562/363/32
f 2556/364/38 2/365/38 2560/366/38 2559/367/38
f 2558/364/34 2557/365/34 2561/366/34 2562/367/34
f 2557/360/31 2556/361/31 2559/362/31 2561/363/31
f 2562/360/1 2560/361/1 2/362/1 2558/363/1
f 2566/368/38 2564/369/38 2563/370/38 2565/371/38
f 2567/372/38 2568/369/38 2570/368/38 2569/373/38
f 2571/374/38 2572/372/38 2574/373/38 2573/375/38
f 2578/368/34 2576/369/34 2575/370/34 2577/371/34
f 2579/372/34 2580/369/34 2582/368/34 2581/373/34
f 2583/374/34 2584/372/34 2586/373/34 2585/375/34
f 2587/376/31 2588/377/31 2590/378/31 2589/379/31
f 2592/165/1 2591/380/1 2593/381/1 2594/382/1
f 2592/383/38 2588/384/38 2587/385/38 2591/386/38
f 2593/383/34 2589/384/34 2590/385/34 2594/386/34
f 2591/387/51 2587/154/51 2589/388/51 2593/386/51
f 2588/154/50 2592/387/50 2594/386/50 2590/388/50
f 2595/376/31 2596/377/31 2598/378/31 2597/379/31
f 2600/165/1 2599/380/1 2601/381/1 2602/382/1
f 2600/383/38 2596/384/38 2595/385/38 2599/386/38
f 2601/383/34 2597/384/34 2598/385/34 2602/386/34
f 2599/387/51 2595/154/51 2597/388/51 2601/386/51
f 2596/154/50 2600/387/50 2602/386/50 2598/388/50
f 2603/376/36 2604/377/36 2606/378/36 2605/379/36
f 2608/165/32 2607/380/32 2609/381/32 2610/382/32
f 2608/383/38 2604/384/38 2603/385/38 2607/386/38
f 2609/383/34 2605/384/34 2606/385/34 2610/386/34
f 2607/387/54 2603/154/54 2605/388/54 2609/386/54
f 2604/154/55 2608/387/55 2610/386/55 2606/388/55
f 2611/376/36 2612/377/36 2614/378/36 2613/379/36
f 2616/165/32 2615/380/32 2617/381/32 2618/382/32
f 2616/383/38 2612/384/38 2611/385/38 2615/386/38
f 2617/383/34 2613/384/34 2614/385/34 2618/386/34
f 2615/387/54 2611/154/54 2613/388/54 2617/386/54
f 2612/154/55 2616/387/55 2618/386/55 2614/388/55
f 2622/378/32 2620/377/32 2619/376/32 2621/379/32
f 2625/381/36 2623/380/36 2624/165/36 2626/382/36
f 2619/385/38 2620/384/38 2624/383/38 2623/386/38
f 2622/385/34 2621/384/34 2625/383/34 2626/386/34
f 2621/388/52 2619/154/52 2623/387/52 2625/386/52
f 2626/386/53 2624/387/53 2620/154/53 2622/388/53
f 2630/378/32 2628/377/32 2627/376/32 2629/379/32
f 2633/381/36 2631/380/36 2632/165/36 2634/382/36
f 2627/385/38 2628/384/38 2632/383/38 2631/386/38
f 2630/385/34 2629/384/34 2633/383/34 2634/386/34
f 2629/388/52 2627/154/52 2631/387/52 2633/386/52
f 2634/386/53 2632/387/53 2628/154/53 2630/388/53
f 2638/378/1 2636/377/1 2635/376/1 2637/379/1
f 2641/381/31 2639/380/31 2640/165/31 2642/382/31
f 2635/385/38 2636/384/38 2640/383/38 2639/386/38
f 2638/385/34 2637/384/34 2641/383/34 2642/386/34
f 2637/388/57 2635/154/57 2639/387/57 2641/386/57
f 2642/386/56 2640/387/56 2636/154/56 2638/388/56
f 2646/378/1 2644/377/1 2643/376/1 2645/379/1
f 2649/381/31 2647/380/31 2648/165/31 2650/382/31
f 2643/385/38 2644/384/38 2648/383/38 2647/386/38
f 2646/385/34 2645/384/34 2649/383/34 2650/386/34
f 2645/388/57 2643/154/57 2647/387/57 2649/386/57
f 2650/386/56 2648/387/56 2644/154/56 2646/388/56
f 2654/378/48 2652/377/48 2651/376/48 2653/379/48
f 2657/381/49 2655/380/49 2656/165/49 2658/382/49
f 2651/385/38 2652/384/38 2656/383/38 2655/386/38
f 2654/385/34 2653/384/34 2657/383/34 2658/386/34
f 2653/388/64 2651/154/64 2655/387/64 2657/386/64
f 2658/386/65 2656/387/65 2652/154/65 2654/388/65
f 2662/378/48 2660/377/48 2659/376/48 2661/379/48
f 2665/381/49 2663/380/49 2664/165/49 2666/382/49
f 2659/385/38 2660/384/38 2664/383/38 2663/386/38
f 2662/385/34 2661/384/34 2665/383/34 2666/386/34
f 2661/388/64 2659/154/64 2663/387/64 2665/386/64
f 2666/386/65 2664/387/65 2660/154/65 2662/388/65
f 2667/376/46 2668/377/46 2670/378/46 2669/379/46
f 2672/165/47 2671/380/47 2673/381/47 2674/382/47
f 2672/383/38 2668/384/38 2667/385/38 2671/386/38
f 2673/383/34 2669/384/34 2670/385/34 2674/386/34
f 2671/387/62 2667/154/62 2669/388/62 2673/386/62
f 2668/154/63 2672/387/63 2674/386/63 2670/388/63
f 2675/376/46 2676/377/46 2678/378/46 2677/379/46
f 2680/165/47 2679/380/47 2681/381/47 2682/382/47
f 2680/383/38 2676/384/38 2675/385/38 2679/386/38
f 2681/383/34 2677/384/34 2678/385/34 2682/386/34
f 2679/387/62 2675/154/62 2677/388/62 2681/386/62
f 2676/154/63 2680/387/63 2682/386/63 2678/388/63
f 2686/378/49 2684/377/49 2683/376/49 2685/379/49
f 2689/381/48 2687/380/48 2688/165/48 2690/382/48
f 2683/385/38 2684/384/38 2688/383/38 2687/386/38
f 2686/385/34 2685/384/34 2689/383/34 2690/386/34
f 2685/388/60 2683/154/60 2687/387/60 2689/386/60
f 2690/386/61 2688/387/61 2684/154/61 2686/388/61
f 2694/378/49 2692/377/49 2691/376/49 2693/379/49
f 2697/381/48 2695/380/48 2696/165/48 2698/382/48
f 2691/385/38 2692/384/38 2696/383/38 2695/386/38
f 2694/385/34 2693/384/34 2697/383/34 2698/386/34
f 2693/388/60 2691/154/60 2695/387/60 2697/386/60
f 2698/386/61 2696/387/61 2692/154/61 2694/388/61
f 2699/376/47 2700/377/47 2702/378/47 2701/379/47
f 2704/165/46 2703/380/46 2705/381/46 2706/382/46
f 2704/383/38 2700/384/38 2699/385/38 2703/386/38
f 2705/383/34 2701/384/34 2702/385/34 2706/386/34
f 2703/387/58 2699/154/58 2701/388/58 2705/386/58
f 2700/154/59 2704/387/59 2706/386/59 2702/388/59
f 2707/376/47 2708/377/47 2710/378/47 2709/379/47
f 2712/165/46 2711/380/46 2713/381/46 2714/382/46
f 2712/383/38 2708/384/38 2707/385/38 2711/386/38
f 2713/383/34 2709/384/34 2710/385/34 2714/386/34
f 2711/387/58 2707/154/58 2709/388/58 2713/386/58
f 2708/154/59 2712/387/59 2714/386/59 2710/388/59
f 2715/311/49 2719/312/49 2720/313/49 2716/314/49
f 2718/315/48 2722/316/48 2721/317/48 2717/318/48
f 2716/319/38 2720/320/38 2722/321/38 2718/322/38
f 2719/311/36 2723/323/36 2724/324/36 2720/314/36
f 2722/316/32 2726/325/32 2725/326/32 2721/317/32
f 2720/327/38 2724/328/38 2726/329/38 2722/330/38
f 2723/331/47 2727/318/47 2728/315/47 2724/332/47
f 2726/333/46 2730/334/46 2729/335/46 2725/336/46
f 2724/337/38 2728/338/38 2730/339/38 2726/340/38
f 2727/341/1 2731/336/1 2732/333/1 2728/342/1
f 2730/316/31 2734/325/31 2733/326/31 2729/317/31
f 2728/343/38 2732/344/38 2734/345/38 2730/346/38
f 2731/335/48 2735/347/48 2736/348/48 2732/334/48
f 2734/349/49 2738/350/49 2737/351/49 2733/352/49
f 2732/319/38 2736/320/38 2738/321/38 2734/322/38
f 2735/331/32 2739/347/32 2740/348/32 2736/332/32
f 2738/353/36 2742/314/36 2741/311/36 2737/354/36
f 2736/328/38 2740/327/38 2742/330/38 2738/329/38
f 2739/355/46 2743/356/46 2744/357/46 2740/278/46
f 2742/315/47 2746/316/47 2745/317/47 2741/318/47
f 2740/338/38 2744/337/38 2746/340/38 2742/339/38
f 2743/354/31 2715/318/31 2716/315/31 2744/353/31
f 2746/357/1 2718/358/1 2717/359/1 2745/356/1
f 2744/343/38 2716/344/38 2718/345/38 2746/346/38
f 2747/319/34 2749/320/34 2750/321/34 2748/322/34
f 2749/327/34 2751/328/34 2752/329/34 2750/330/34
f 2751/337/34 2753/338/34 2754/339/34 2752/340/34
f 2753/343/34 2755/344/34 2756/345/34 2754/346/34
f 2755/319/34 2757/320/34 2758/321/34 2756/322/34
f 2757/328/34 2759/327/34 2760/330/34 2758/329/34
f 2759/338/34 2761/337/34 2762/340/34 2760/339/34
f 2761/343/34 2747/344/34 2748/345/34 2762/346/34
f 2766/360/36 2764/361/36 2763/362/36 2765/363/36
f 2769/360/32 2767/361/32 2768/362/32 2770/363/32
f 2763/364/38 2764/365/38 2768/366/38 2767/367/38
f 2766/364/34 2765/365/34 2769/366/34 2770/367/34
f 2765/360/31 2763/361/31 2767/362/31 2769/363/31
f 2770/360/1 2768/361/1 2764/362/1 2766/363/1
f 2774/368/38 2772/369/38 2771/370/38 2773/371/38
f 2775/372/38 2776/369/38 2778/368/38 2777/373/38
f 2779/374/38 2780/372/38 2782/373/38 2781/375/38
f 2786/368/34 2784/369/34 2783/370/34 2785/371/34
f 2787/372/34 2788/369/34 2790/368/34 2789/373/34
f 2791/374/34 2792/372/34 2794/373/34 2793/375/34
f 2795/376/31 2796/377/31 2798/378/31 2797/379/31
f 2800/165/1 2799/380/1 2801/381/1 2802/382/1
f 2800/383/38 2796/384/38 2795/385/38 2799/386/38
f 2801/383/34 2797/384/34 2798/385/34 2802/386/34
f 2799/387/51 2795/154/51 2797/388/51 2801/386/51
f 2796/154/50 2800/387/50 2802/386/50 2798/388/50
f 2803/376/31 2804/377/31 2806/378/31 2805/379/31
f 2808/165/1 2807/380/1 2809/381/1 2810/382/1
f 2808/383/38 2804/384/38 2803/385/38 2807/386/38
f 2809/383/34 2805/384/34 2806/385/34 2810/386/34
f 2807/387/51 2803/154/51 2805/388/51 2809/386/51
f 2804/154/50 2808/387/50 2810/386/50 2806/388/50
f 2811/376/36 2812/377/36 2814/378/36 2813/379/36
f 2816/165/32 2815/380/32 2817/381/32 2818/382/32
f 2816/383/38 2812/384/38 2811/385/38 2815/386/38
f 2817/383/34 2813/384/34 2814/385/34 2818/386/34
f 2815/387/54 2811/154/54 2813/388/54 2817/386/54
f 2812/154/55 2816/387/55 2818/386/55 2814/388/55
f 2819/376/36 2820/377/36 2822/378/36 2821/379/36
f 2824/165/32 2823/380/32 2825/381/32 2826/382/32
f 2824/383/38 2820/384/38 2819/385/38 2823/386/38
f 2825/383/34 2821/384/34 2822/385/34 2826/386/34
f 2823/387/54 2819/154/54 2821/388/54 2825/386/54
f 2820/154/55 2824/387/55 2826/386/55 2822/388/55
f 2830/378/32 2828/377/32 2827/376/32 2829/379/32
f 2833/381/36 2831/380/36 2832/165/36 2834/382/36
f 2827/385/38 2828/384/38 2832/383/38 2831/386/38
f 2830/385/34 2829/384/34 2833/383/34 2834/386/34
f 2829/388/52 2827/154/52 2831/387/52 2833/386/52
f 2834/386/53 2832/387/53 2828/154/53 2830/388/53
f 2838/378/32 2836/377/32 2835/376/32 2837/379/32
f 2841/381/36 2839/380/36 2840/165/36 2842/382/36
f 2835/385/38 2836/384/38 2840/383/38 2839/386/38
f 2838/385/34 2837/384/34 2841/383/34 2842/386/34
f 2837/388/52 2835/154/52 2839/387/52 2841/386/52
f 2842/386/53 2840/387/53 2836/154/53 2838/388/53
f 2846/378/1 2844/377/1 2843/376/1 2845/379/1
f 2849/381/31 2847/380/31 2848/165/31 2850/382/31
f 2843/385/38 2844/384/38 2848/383/38 2847/386/38
f 2846/385/34 2845/384/34 2849/383/34 2850/386/34
f 2845/388/57 2843/154/57 2847/387/57 2849/386/57
f 2850/386/56 2848/387/56 2844/154/56 2846/388/56
f 2854/378/1 2852/377/1 2851/376/1 2853/379/1
f 2857/381/31 2855/380/31 2856/165/31 2858/382/31
f 2851/385/38 2852/384/38 2856/383/38 2855/386/38
f 2854/385/34 2853/384/34 2857/383/34 2858/386/34
f 2853/388/57 2851/154/57 2855/387/57 2857/386/57
f 2858/386/56 2856/387/56 2852/154/56 2854/388/56
f 2862/378/48 2860/377/48 2859/376/48 2861/379/48
f 2865/381/49 2863/380/49 2864/165/49 2866/382/49
f 2859/385/38 2860/384/38 2864/383/38 2863/386/38
f 2862/385/34 2861/384/34 2865/383/34 2866/386/34
f 2861/388/64 2859/154/64 2863/387/64 2865/386/64
f 2866/386/65 2864/387/65 2860/154/65 2862/388/65
f 2870/378/48 2868/377/48 2867/376/48 2869/379/48
f 2873/381/49 2871/380/49 2872/165/49 2874/382/49
f 2867/385/38 2868/384/38 2872/383/38 2871/386/38
f 2870/385/34 2869/384/34 2873/383/34 2874/386/34
f 2869/388/64 2867/154/64 2871/387/64 2873/386/64
f 2874/386/65 2872/387/65 2868/154/65 2870/388/65
f 2875/376/46 2876/377/46 2878/378/46 2877/379/46
f 2880/165/47 2879/380/47 2881/381/47 2882/382/47
f 2880/383/38 2876/384/38 2875/385/38 2879/386/38
f 2881/383/34 2877/384/34 2878/385/34 2882/386/34
f 2879/387/62 2875/154/62 2877/388/62 2881/386/62
f 2876/154/63 2880/387/63 2882/386/63 2878/388/63
f 2883/376/46 2884/377/46 2886/378/46 2885/379/46
f 2888/165/47 2887/380/47 2889/381/47 2890/382/47
f 2888/383/38 2884/384/38 2883/385/38 2887/386/38
f 2889/383/34 2885/384/34 2886/385/34 2890/386/34
f 2887/387/62 2883/154/62 2885/388/62 2889/386/62
f 2884/154/63 2888/387/63 2890/386/63 2886/388/63
f 2894/378/49 2892/377/49 2891/376/49 2893/379/49
f 2897/381/48 2895/380/48 2896/165/48 2898/382/48
f 2891/385/38 2892/384/38 2896/383/38 2895/386/38
f 2894/385/34 2893/384/34 2897/383/34 2898/386/34
f 2893/388/60 2891/154/60 2895/387/60 2897/386/60
f 2898/386/61 2896/387/61 2892/154/61 2894/388/61
f 2902/378/49 2900/377/49 2899/376/49 2901/379/49
f 2905/381/48 2903/380/48 2904/165/48 2906/382/48
f 2899/385/38 2900/384/38 2904/383/38 2903/386/38
f 2902/385/34 2901/384/34 2905/383/34 2906/386/34
f 2901/388/60 2899/154/60 2903/387/60 2905/386/60
f 2906/386/61 2904/387/61 2900/154/61 2902/388/61
f 2907/376/47 2908/377/47 2910/378/47 2909/379/47
f 2912/165/46 2911/380/46 2913/381/46 2914/382/46
f 2912/383/38 2908/384/38 2907/385/38 2911/386/38
f 2913/383/34 2909/384/34 2910/385/34 2914/386/34
f 2911/387/58 2907/154/58 2909/388/58 2913/386/58
f 2908/154/59 2912/387/59 2914/386/59 2910/388/59
f 2915/376/47 2916/377/47 2918/378/47 2917/379/47
f 2920/165/46 2919/380/46 2921/381/46 2922/382/46
f 2920/383/38 2916/384/38 2915/385/38 2919/386/38
f 2921/383/34 2917/384/34 2918/385/34 2922/386/34
f 2919/387/58 2915/154/58 2917/388/58 2921/386/58
f 2916/154/59 2920/387/59 2922/386/59 2918/388/59
f 2923/311/49 2927/312/49 2928/313/49 2924/314/49
f 2926/315/48 2930/316/48 2929/317/48 2925/318/48
f 2924/319/38 2928/320/38 2930/321/38 2926/322/38
f 2927/311/36 2931/323/36 2932/324/36 2928/314/36
f 2930/316/32 2934/325/32 2933/326/32 2929/317/32
f 2928/327/38 2932/328/38 2934/329/38 2930/330/38
f 2931/331/47 2935/318/47 2936/315/47 2932/332/47
f 2934/333/46 2938/334/46 2937/335/46 2933/336/46
f 2932/337/38 2936/338/38 2938/339/38 2934/340/38
f 2935/341/1 2939/336/1 2940/333/1 2936/342/1
f 2938/316/31 2942/325/31 2941/326/31 2937/317/31
f 2936/343/38 2940/344/38 2942/345/38 2938/346/38
f 2939/335/48 2943/347/48 2944/348/48 2940/334/48
f 2942/349/49 2946/350/49 2945/351/49 2941/352/49
f 2940/319/38 2944/320/38 2946/321/38 2942/322/38
f 2943/331/32 2947/347/32 2948/348/32 2944/332/32
f 2946/353/36 2950/314/36 2949/311/36 2945/354/36
f 2944/328/38 2948/327/38 2950/330/38 2946/329/38
f 2947/355/46 2951/356/46 2952/357/46 2948/278/46
f 2950/315/47 2954/316/47 2953/317/47 2949/318/47
f 2948/338/38 2952/337/38 2954/340/38 2950/339/38
f 2951/354/31 2923/318/31 2924/315/31 2952/353/31
f 2954/357/1 2926/358/1 2925/359/1 2953/356/1
f 2952/343/38 2924/344/38 2926/345/38 2954/346/38
f 2955/319/34 2957/320/34 2958/321/34 2956/322/34
f 2957/327/34 2959/328/34 2960/329/34 2958/330/34
f 2959/337/34 2961/338/34 2962/339/34 2960/340/34
f 2961/343/34 2963/344/34 2964/345/34 2962/346/34
f 2963/319/34 2965/320/34 2966/321/34 2964/322/34
f 2965/328/34 2967/327/34 2968/330/34 2966/329/34
f 2967/338/34 2969/337/34 2970/340/34 2968/339/34
f 2969/343/34 2955/344/34 2956/345/34 2970/346/34
f 2974/360/36 2972/361/36 2971/362/36 2973/363/36
f 2977/360/32 2975/361/32 2976/362/32 2978/363/32
f 2971/364/38 2972/365/38 2976/366/38 2975/367/38
f 2974/364/34 2973/365/34 2977/366/34 2978/367/34
f 2973/360/31 2971/361/31 2975/362/31 2977/363/31
f 2978/360/1 2976/361/1 2972/362/1 2974/363/1
f 2982/368/38 2980/369/38 2979/370/38 2981/371/38
f 2983/372/38 2984/369/38 2986/368/38 2985/373/38
f 2987/374/38 2988/372/38 2990/373/38 2989/375/38
f 2994/368/34 2992/369/34 2991/370/34 2993/371/34
f 2995/372/34 2996/369/34 2998/368/34 2997/373/34
f 2999/374/34 3000/372/34 3002/373/34 3001/375/34
f 3003/376/31 3004/377/31 3006/378/31 3005/379/31
f 3008/165/1 3007/380/1 3009/381/1 3010/382/1
f 3008/383/38 3004/384/38 3003/385/38 3007/386/38
f 3009/383/34 3005/384/34 3006/385/34 3010/386/34
f 3007/387/51 3003/154/51 3005/388/51 3009/386/51
f 3004/154/50 3008/387/50 3010/386/50 3006/388/50
f 3011/376/31 3012/377/31 3014/378/31 3013/379/31
f 3016/165/1 3015/380/1 3017/381/1 3018/382/1
f 3016/383/38 3012/384/38 3011/385/38 3015/386/38
f 3017/383/34 3013/384/34 3014/385/34 3018/386/34
f 3015/387/51 3011/154/51 3013/388/51 3017/386/51
f 3012/154/50 3016/387/50 3018/386/50 3014/388/50
f 3019/376/36 3020/377/36 3022/378/36 3021/379/36
f 3024/165/32 3023/380/32 3025/381/32 3026/382/32
f 3024/383/38 3020/384/38 3019/385/38 3023/386/38
f 3025/383/34 3021/384/34 3022/385/34 3026/386/34
f 3023/387/54 3019/154/54 3021/388/54 3025/386/54
f 3020/154/55 3024/387/55 3026/386/55 3022/388/55
f 3027/376/36 3028/377/36 3030/378/36 3029/379/36
f 3032/165/32 3031/380/32 3033/381/32 3034/382/32
f 3032/383/38 3028/384/38 3027/385/38 3031/386/38
f 3033/383/34 3029/384/34 3030/385/34 3034/386/34
f 3031/387/54 3027/154/54 3029/388/54 3033/386/54
f 3028/154/55 3032/387/55 3034/386/55 3030/388/55
f 3038/378/32 3036/377/32 3035/376/32 3037/379/32
f 3041/381/36 3039/380/36 3040/165/36 3042/382/36
f 3035/385/38 3036/384/38 3040/383/38 3039/386/38
f 3038/385/34 3037/384/34 3041/383/34 3042/386/34
f 3037/388/52 3035/154/52 3039/387/52 3041/386/52
f 3042/386/53 3040/387/53 3036/154/53 3038/388/53
f 3046/378/32 3044/377/32 3043/376/32 3045/379/32
f 3049/381/36 3047/380/36 3048/165/36 3050/382/36
f 3043/385/38 3044/384/38 3048/383/38 3047/386/38
f 3046/385/34 3045/384/34 3049/383/34 3050/386/34
f 3045/388/52 3043/154/52 3047/387/52 3049/386/52
f 3050/386/53 3048/387/53 3044/154/53 3046/388/53
f 3054/378/1 3052/377/1 3051/376/1 3053/379/1
f 3057/381/31 3055/380/31 3056/165/31 3058/382/31
f 3051/385/38 3052/384/38 3056/383/38 3055/386/38
f 3054/385/34 3053/384/34 3057/383/34 3058/386/34
f 3053/388/57 3051/154/57 3055/387/57 3057/386/57
f 3058/386/56 3056/387/56 3052/154/56 3054/388/56
f 3062/378/1 3060/377/1 3059/376/1 3061/379/1
f 3065/381/31 3063/380/31 3064/165/31 3066/382/31
f 3059/385/38 3060/384/38 3064/383/38 3063/386/38
f 3062/385/34 3061/384/34 3065/383/34 3066/386/34
f 3061/388/57 3059/154/57 3063/387/57 3065/386/57
f 3066/386/56 3064/387/56 3060/154/56 3062/388/56
f 3070/378/48 3068/377/48 3067/376/48 3069/379/48
f 3073/381/49 3071/380/49 3072/165/49 3074/382/49
f 3067/385/38 3068/384/38 3072/383/38 3071/386/38
f 3070/385/34 3069/384/34 3073/383/34 3074/386/34
f 3069/388/64 3067/154/64 3071/387/64 3073/386/64
f 3074/386/65 3072/387/65 3068/154/65 3070/388/65
f 3078/378/48 3076/377/48 3075/376/48 3077/379/48
f 3081/381/49 3079/380/49 3080/165/49 3082/382/49
f 3075/385/38 3076/384/38 3080/383/38 3079/386/38
f 3078/385/34 3077/384/34 3081/383/34 3082/386/34
f 3077/388/64 3075/154/64 3079/387/64 3081/386/64
f 3082/386/65 3080/387/65 3076/154/65 3078/388/65
f 3083/376/46 3084/377/46 3086/378/46 3085/379/46
f 3088/165/47 3087/380/47 3089/381/47 3090/382/47
f 3088/383/38 3084/384/38 3083/385/38 3087/386/38
f 3089/383/34 3085/384/34 3086/385/34 3090/386/34
f 3087/387/62 3083/154/62 3085/388/62 3089/386/62
f 3084/154/63 3088/387/63 3090/386/63 3086/388/63
f 3091/376/46 3092/377/46 3094/378/46 3093/379/46
f 3096/165/47 3095/380/47 3097/381/47 3098/382/47
f 3096/383/38 3092/384/38 3091/385/38 3095/386/38
f 3097/383/34 3093/384/34 3094/385/34 3098/386/34
f 3095/387/62 3091/154/62 3093/388/62 3097/386/62
f 3092/154/63 3096/387/63 3098/386/63 3094/388/63
f 3102/378/49 3100/377/49 3099/376/49 3101/379/49
f 3105/381/48 3103/380/48 3104/165/48 3106/382/48
f 3099/385/38 3100/384/38 3104/383/38 3103/386/38
f 3102/385/34 3101/384/34 3105/383/34 3106/386/34
f 3101/388/60 3099/154/60 3103/387/60 3105/386/60
f 3106/386/61 3104/387/61 3100/154/61 3102/388/61
f 3110/378/49 3108/377/49 3107/376/49 3109/379/49
f 3113/381/48 3111/380/48 3112/165/48 3114/382/48
f 3107/385/38 3108/384/38 3112/383/38 3111/386/38
f 3110/385/34 3109/384/34 3113/383/34 3114/386/34
f 3109/388/60 3107/154/60 3111/387/60 3113/386/60
f 3114/386/61 3112/387/61 3108/154/61 3110/388/61
f 3115/376/47 3116/377/47 3118/378/47 3117/379/47
f 3120/165/46 3119/380/46 3121/381/46 3122/382/46
f 3120/383/38 3116/384/38 3115/385/38 3119/386/38
f 3121/383/34 3117/384/34 3118/385/34 3122/386/34
f 3119/387/58 3115/154/58 3117/388/58 3121/386/58
f 3116/154/59 3120/387/59 3122/386/59 3118/388/59
f 3123/376/47 3124/377/47 3126/378/47 3125/379/47
f 3128/165/46 3127/380/46 3129/381/46 3130/382/46
f 3128/383/38 3124/384/38 3123/385/38 3127/386/38
f 3129/383/34 3125/384/34 3126/385/34 3130/386/34
f 3127/387/58 3123/154/58 3125/388/58 3129/386/58
f 3124/154/59 3128/387/59 3130/386/59 3126/388/59
f 3131/311/49 3135/312/49 3136/313/49 3132/314/49
f 3134/315/48 3138/316/48 3137/317/48 3133/318/48
f 3132/319/38 3136/320/38 3138/321/38 3134/322/38
f 3135/311/36 3139/323/36 3140/324/36 3136/314/36
f 3138/316/32 3142/325/32 3141/326/32 3137/317/32
f 3136/327/38 3140/328/38 3142/329/38 3138/330/38
f 3139/331/47 3143/318/47 3144/315/47 3140/332/47
f 3142/333/46 3146/334/46 3145/335/46 3141/336/46
f 3140/337/38 3144/338/38 3146/339/38 3142/340/38
f 3143/341/1 3147/336/1 3148/333/1 3144/342/1
f 3146/316/31 3150/325/31 3149/326/31 3145/317/31
f 3144/343/38 3148/344/38 3150/345/38 3146/346/38
f 3147/335/48 3151/347/48 3152/348/48 3148/334/48
f 3150/349/49 3154/350/49 3153/351/49 3149/352/49
f 3148/319/38 3152/320/38 3154/321/38 3150/322/38
f 3151/331/32 3155/347/32 3156/348/32 3152/332/32
f 3154/353/36 3158/314/36 3157/311/36 3153/354/36
f 3152/328/38 3156/327/38 3158/330/38 3154/329/38
f 3155/355/46 3159/356/46 3160/357/46 3156/278/46
f 3158/315/47 3162/316/47 3161/317/47 3157/318/47
f 3156/338/38 3160/337/38 3162/340/38 3158/339/38
f 3159/354/31 3131/318/31 3132/315/31 3160/353/31
f 3162/357/1 3134/358/1 3133/359/1 3161/356/1
f 3160/343/38 3132/344/38 3134/345/38 3162/346/38
f 3163/319/34 3165/320/34 3166/321/34 3164/322/34
f 3165/327/34 3167/328/34 3168/329/34 3166/330/34
f 3167/337/34 3169/338/34 3170/339/34 3168/340/34
f 3169/343/34 3171/344/34 3172/345/34 3170/346/34
f 3171/319/34 3173/320/34 3174/321/34 3172/322/34
f 3173/328/34 3175/327/34 3176/330/34 3174/329/34
f 3175/338/34 3177/337/34 3178/340/34 3176/339/34
f 3177/343/34 3163/344/34 3164/345/34 3178/346/34
f 3182/360/36 3180/361/36 3179/362/36 3181/363/36
f 3185/360/32 3183/361/32 3184/362/32 3186/363/32
f 3179/364/38 3180/365/38 3184/366/38 3183/367/38
f 3182/364/34 3181/365/34 3185/366/34 3186/367/34
f 3181/360/31 3179/361/31 3183/362/31 3185/363/31
f 3186/360/1 3184/361/1 3180/362/1 3182/363/1
f 3190/368/38 3188/369/38 3187/370/38 3189/371/38
f 3191/372/38 3192/369/38 3194/368/38 3193/373/38
f 3195/374/38 3196/372/38 3198/373/38 3197/375/38
f 3202/368/34 3200/369/34 3199/370/34 3201/371/34
f 3203/372/34 3204/369/34 3206/368/34 3205/373/34
f 3207/374/34 3208/372/34 3210/373/34 3209/375/34
f 3211/376/31 3212/377/31 3214/378/31 3213/379/31
f 3216/165/1 3215/380/1 3217/381/1 3218/382/1
f 3216/383/38 3212/384/38 3211/385/38 3215/386/38
f 3217/383/34 3213/384/34 3214/385/34 3218/386/34
f 3215/387/51 3211/154/51 3213/388/51 3217/386/51
f 3212/154/50 3216/387/50 3218/386/50 3214/388/50
f 3219/376/31 3220/377/31 3222/378/31 3221/379/31
f 3224/165/1 3223/380/1 3225/381/1 3226/382/1
f 3224/383/38 3220/384/38 3219/385/38 3223/386/38
f 3225/383/34 3221/384/34 3222/385/34 3226/386/34
f 3223/387/51 3219/154/51 3221/388/51 3225/386/51
f 3220/154/50 3224/387/50 3226/386/50 3222/388/50
f 3227/376/36 3228/377/36 3230/378/36 3229/379/36
f 3232/165/32 3231/380/32 3233/381/32 3234/382/32
f 3232/383/38 3228/384/38 3227/385/38 3231/386/38
f 3233/383/34 3229/384/34 3230/385/34 3234/386/34
f 3231/387/54 3227/154/54 3229/388/54 3233/386/54
f 3228/154/55 3232/387/55 3234/386/55 3230/388/55
f 3235/376/36 3236/377/36 3238/378/36 3237/379/36
f 3240/165/32 3239/380/32 3241/381/32 3242/382/32
f 3240/383/38 3236/384/38 3235/385/38 3239/386/38
f 3241/383/34 3237/384/34 3238/385/34 3242/386/34
f 3239/387/54 3235/154/54 3237/388/54 3241/386/54
f 3236/154/55 3240/387/55 3242/386/55 3238/388/55
f 3246/378/32 3244/377/32 3243/376/32 3245/379/32
f 3249/381/36 3247/380/36 3248/165/36 3250/382/36
f 3243/385/38 3244/384/38 3248/383/38 3247/386/38
f 3246/385/34 3245/384/34 3249/383/34 3250/386/34
f 3245/388/52 3243/154/52 3247/387/52 3249/386/52
f 3250/386/53 3248/387/53 3244/154/53 3246/388/53
f 3254/378/32 3252/377/32 3251/376/32 3253/379/32
f 3257/381/36 3255/380/36 3256/165/36 3258/382/36
f 3251/385/38 3252/384/38 3256/383/38 3255/386/38
f 3254/385/34 3253/384/34 3257/383/34 3258/386/34
f 3253/388/52 3251/154/52 3255/387/52 3257/386/52
f 3258/386/53 3256/387/53 3252/154/53 3254/388/53
f 3262/378/1 3260/377/1 3259/376/1 3261/379/1
f 3265/381/31 3263/380/31 3264/165/31 3266/382/31
f 3259/385/38 3260/384/38 3264/383/38 3263/386/38
f 3262/385/34 3261/384/34 3265/383/34 3266/386/34
f 3261/388/57 3259/154/57 3263/387/57 3265/386/57
f 3266/386/56 3264/387/56 3260/154/56 3262/388/56
f 3270/378/1 3268/377/1 3267/376/1 3269/379/1
f 3273/381/31 3271/380/31 3272/165/31 3274/382/31
f 3267/385/38 3268/384/38 3272/383/38 3271/386/38
f 3270/385/34 3269/384/34 3273/383/34 3274/386/34
f 3269/388/57 3267/154/57 3271/387/57 3273/386/57
f 3274/386/56 3272/387/56 3268/154/56 3270/388/56
f 3278/378/48 3276/377/48 3275/376/48 3277/379/48
f 3281/381/49 3279/380/49 3280/165/49 3282/382/49
f 3275/385/38 3276/384/38 3280/383/38 3279/386/38
f 3278/385/34 3277/384/34 3281/383/34 3282/386/34
f 3277/388/64 3275/154/64 3279/387/64 3281/386/64
f 3282/386/65 3280/387/65 3276/154/65 3278/388/65
f 3286/378/48 3284/377/48 3283/376/48 3285/379/48
f 3289/381/49 3287/380/49 3288/165/49 3290/382/49
f 3283/385/38 3284/384/38 3288/383/38 3287/386/38
f 3286/385/34 3285/384/34 3289/383/34 3290/386/34
f 3285/388/64 3283/154/64 3287/387/64 3289/386/64
f 3290/386/65 3288/387/65 3284/154/65 3286/388/65
f 3291/376/46 3292/377/46 3294/378/46 3293/379/46
f 3296/165/47 3295/380/47 3297/381/47 3298/382/47
f 3296/383/38 3292/384/38 3291/385/38 3295/386/38
f 3297/383/34 3293/384/34 3294/385/34 3298/386/34
f 3295/387/62 3291/154/62 3293/388/62 3297/386/62
f 3292/154/63 3296/387/63 3298/386/63 3294/388/63
f 3299/376/46 3300/377/46 3302/378/46 3301/379/46
f 3304/165/47 3303/380/47 3305/381/47 3306/382/47
f 3304/383/38 3300/384/38 3299/385/38 3303/386/38
f 3305/383/34 3301/384/34 3302/385/34 3306/386/34
f 3303/387/62 3299/154/62 3301/388/62 3305/386/62
f 3300/154/63 3304/387/63 3306/386/63 3302/388/63
f 3310/378/49 3308/377/49 3307/376/49 3309/379/49
f 3313/381/48 3311/380/48 3312/165/48 3314/382/48
f 3307/385/38 3308/384/38 3312/383/38 3311/386/38
f 3310/385/34 3309/384/34 3313/383/34 3314/386/34
f 3309/388/60 3307/154/60 3311/387/60 3313/386/60
f 3314/386/61 3312/387/61 3308/154/61 3310/388/61
f 3318/378/49 3316/377/49 3315/376/49 3317/379/49
f 3321/381/48 3319/380/48 3320/165/48 3322/382/48
f 3315/385/38 3316/384/38 3320/383/38 3319/386/38
f 3318/385/34 3317/384/34 3321/383/34 3322/386/34
f 3317/388/60 3315/154/60 3319/387/60 3321/386/60
f 3322/386/61 3320/387/61 3316/154/61 3318/388/61
f 3323/376/47 3324/377/47 3326/378/47 3325/379/47
f 3328/165/46 3327/380/46 3329/381/46 3330/382/46
f 3328/383/38 3324/384/38 3323/385/38 3327/386/38
f 3329/383/34 3325/384/34 3326/385/34 3330/386/34
f 3327/387/58 3323/154/58 3325/388/58 3329/386/58
f 3324/154/59 3328/387/59 3330/386/59 3326/388/59
f 3331/376/47 3332/377/47 3334/378/47 3333/379/47
f 3336/165/46 3335/380/46 3337/381/46 3338/382/46
f 3336/383/38 3332/384/38 3331/385/38 3335/386/38
f 3337/383/34 3333/384/34 3334/385/34 3338/386/34
f 3335/387/58 3331/154/58 3333/388/58 3337/386/58
f 3332/154/59 3336/387/59 3338/386/59 3334/388/59
f 3345/389/32 3343/390/32 3344/391/32 3346/392/32
f 3339/393/31 3340/394/31 3344/390/31 3343/391/31
f 3341/395/34 3339/396/34 3343/397/34 3345/398/34
f 3346/398/38 3344/397/38 3340/396/38 3342/395/38
f 3350/399/36 3348/400/36 3347/401/36 3349/402/36
f 3353/403/67 3351/404/67 3352/405/67 3354/406/67
f 3350/407/1 3349/408/1 3353/390/1 3354/391/1
f 3349/409/34 3347/395/34 3351/398/34 3353/410/34
f 3354/410/38 3352/398/38 3348/395/38 3350/409/38
f 3355/411/31 3356/412/31 3360/413/31 3359/414/31
f 3358/415/1 3357/416/1 3361/417/1 3362/418/1
f 3357/419/34 3355/420/34 3359/396/34 3361/409/34
f 3362/409/38 3360/396/38 3356/420/38 3358/419/38
f 3368/391/36 3367/390/36 3369/389/36 3370/392/36
f 3368/390/31 3364/394/31 3363/393/31 3367/391/31
f 3367/397/34 3363/396/34 3365/395/34 3369/398/34
f 3364/396/38 3368/397/38 3370/398/38 3366/395/38
f 3371/401/32 3372/400/32 3374/399/32 3373/402/32
f 3376/405/66 3375/404/66 3377/403/66 3378/406/66
f 3377/390/1 3373/408/1 3374/407/1 3378/391/1
f 3375/398/34 3371/395/34 3373/409/34 3377/410/34
f 3372/395/38 3376/398/38 3378/410/38 3374/409/38
f 3385/389/32 3383/390/32 3384/391/32 3386/392/32
f 3379/393/31 3380/394/31 3384/390/31 3383/391/31
f 3381/395/34 3379/396/34 3383/397/34 3385/398/34
f 3386/398/38 3384/397/38 3380/396/38 3382/395/38
f 3390/399/36 3388/400/36 3387/401/36 3389/402/36
f 3393/403/67 3391/404/67 3392/405/67 3394/406/67
f 3390/407/1 3389/408/1 3393/390/1 3394/391/1
f 3389/409/34 3387/395/34 3391/398/34 3393/410/34
f 3394/410/38 3392/398/38 3388/395/38 3390/409/38
f 3395/411/31 3396/412/31 3400/413/31 3399/414/31
f 3398/415/1 3397/416/1 3401/417/1 3402/418/1
f 3397/419/34 3395/420/34 3399/396/34 3401/409/34
f 3402/409/38 3400/396/38 3396/420/38 3398/419/38
f 3408/391/36 3407/390/36 3409/389/36 3410/392/36
f 3408/390/31 3404/394/31 3403/393/31 3407/391/31
f 3407/397/34 3403/396/34 3405/395/34 3409/398/34
f 3404/396/38 3408/397/38 3410/398/38 3406/395/38
f 3411/401/32 3412/400/32 3414/399/32 3413/402/32
f 3416/405/66 3415/404/66 3417/403/66 3418/406/66
f 3417/390/1 3413/408/1 3414/407/1 3418/391/1
f 3415/398/34 3411/395/34 3413/409/34 3417/410/34
f 3412/395/38 3416/398/38 3418/410/38 3414/409/38
f 3419/421/32 3420/299/32 3422/422/32 3421/423/32
f 3424/421/36 3423/299/36 3425/422/36 3426/423/36
f 3424/424/31 3420/163/31 3419/425/31 3423/426/31
f 3423/427/34 3419/420/34 3421/428/34 3425/429/34
f 3420/420/38 3424/427/38 3426/429/38 3422/428/38
f 3427/430/32 3428/431/32 3430/150/32 3429/265/32
f 3432/432/66 3431/433/66 3433/434/66 3434/435/66
f 3433/421/1 3429/436/1 3430/437/1 3434/299/1
f 3431/429/34 3427/428/34 3429/419/34 3433/438/34
f 3428/428/38 3432/429/38 3434/438/38 3430/419/38
f 3438/422/36 3436/299/36 3435/421/36 3437/423/36
f 3441/422/32 3439/299/32 3440/421/32 3442/423/32
f 3435/425/31 3436/163/31 3440/424/31 3439/426/31
f 3437/428/34 3435/420/34 3439/427/34 3441/429/34
f 3442/429/38 3440/427/38 3436/420/38 3438/428/38
f 3446/150/36 3444/431/36 3443/430/36 3445/265/36
f 3449/150/67 3447/422/67 3448/423/67 3450/265/67
f 3446/437/1 3445/436/1 3449/421/1 3450/299/1
f 3445/419/34 3443/428/34 3447/429/34 3449/438/34
f 3450/438/38 3448/429/38 3444/428/38 3446/419/38
f 3460/163/32 3459/163/32 3462/455/32 3461/455/32
f 3463/163/32 3464/163/32 3465/455/32 3466/455/32
f 3460/456/68 3464/163/68 3459/456/68 3463/163/68
f 3461/456/68 3465/163/68 3462/456/68 3466/163/68
f 3466/457/38 3464/458/38 3460/459/38 3462/460/38
f 3472/313/49 3471/312/49 3467/311/49 3468/314/49
f 3473/317/48 3474/316/48 3470/315/48 3469/318/48
f 3474/321/34 3472/320/34 3468/319/34 3470/322/34
f 3476/324/36 3475/323/36 3471/311/36 3472/314/36
f 3477/326/32 3478/325/32 3474/316/32 3473/317/32
f 3478/329/34 3476/328/34 3472/327/34 3474/330/34
f 3480/315/47 3479/318/47 3475/331/47 3476/332/47
f 3481/335/46 3482/334/46 3478/333/46 3477/336/46
f 3482/339/34 3480/338/34 3476/337/34 3478/340/34
f 3484/333/1 3483/336/1 3479/341/1 3480/342/1
f 3485/326/31 3486/325/31 3482/316/31 3481/317/31
f 3486/345/34 3484/344/34 3480/343/34 3482/346/34
f 3488/348/48 3487/347/48 3483/335/48 3484/334/48
f 3489/351/49 3490/350/49 3486/349/49 3485/352/49
f 3490/321/34 3488/320/34 3484/319/34 3486/322/34
f 3492/348/32 3491/347/32 3487/331/32 3488/332/32
f 3493/311/36 3494/314/36 3490/353/36 3489/354/36
f 3494/330/34 3492/327/34 3488/328/34 3490/329/34
f 3496/357/46 3495/356/46 3491/355/46 3492/278/46
f 3497/317/47 3498/316/47 3494/315/47 3493/318/47
f 3498/340/34 3496/337/34 3492/338/34 3494/339/34
f 3468/315/31 3467/318/31 3495/354/31 3496/353/31
f 3469/359/1 3470/358/1 3498/357/1 3497/356/1
f 3470/345/34 3468/344/34 3496/343/34 3498/346/34
f 3502/321/38 3501/320/38 3499/319/38 3500/322/38
f 3504/329/38 3503/328/38 3501/327/38 3502/330/38
f 3506/339/38 3505/338/38 3503/337/38 3504/340/38
f 3508/345/38 3507/344/38 3505/343/38 3506/346/38
f 3510/321/38 3509/320/38 3507/319/38 3508/322/38
f 3512/330/38 3511/327/38 3509/328/38 3510/329/38
f 3514/340/38 3513/337/38 3511/338/38 3512/339/38
f 3500/345/38 3499/344/38 3513/343/38 3514/346/38
f 3515/362/36 3516/361/36 3518/360/36 3517/363/36
f 3520/362/32 3519/361/32 3521/360/32 3522/363/32
f 3520/366/34 3516/365/34 3515/364/34 3519/367/34
f 3521/366/38 3517/365/38 3518/364/38 3522/367/38
f 3519/362/31 3515/361/31 3517/360/31 3521/363/31
f 3516/362/1 3520/361/1 3522/360/1 3518/363/1
f 3523/370/34 3524/369/34 3526/368/34 3525/371/34
f 3530/368/34 3528/369/34 3527/372/34 3529/373/34
f 3534/373/34 3532/372/34 3531/374/34 3533/375/34
f 3535/370/38 3536/369/38 3538/368/38 3537/371/38
f 3542/368/38 3540/369/38 3539/372/38 3541/373/38
f 3546/373/38 3544/372/38 3543/374/38 3545/375/38
f 3550/378/31 3548/377/31 3547/376/31 3549/379/31
f 3553/381/1 3551/380/1 3552/165/1 3554/382/1
f 3547/385/34 3548/384/34 3552/383/34 3551/386/34
f 3550/385/38 3549/384/38 3553/383/38 3554/386/38
f 3549/388/51 3547/154/51 3551/387/51 3553/386/51
f 3554/386/50 3552/387/50 3548/154/50 3550/388/50
f 3558/378/31 3556/377/31 3555/376/31 3557/379/31
f 3561/381/1 3559/380/1 3560/165/1 3562/382/1
f 3555/385/34 3556/384/34 3560/383/34 3559/386/34
f 3558/385/38 3557/384/38 3561/383/38 3562/386/38
f 3557/388/51 3555/154/51 3559/387/51 3561/386/51
f 3562/386/50 3560/387/50 3556/154/50 3558/388/50
f 3566/378/36 3564/377/36 3563/376/36 3565/379/36
f 3569/381/32 3567/380/32 3568/165/32 3570/382/32
f 3563/385/34 3564/384/34 3568/383/34 3567/386/34
f 3566/385/38 3565/384/38 3569/383/38 3570/386/38
f 3565/388/54 3563/154/54 3567/387/54 3569/386/54
f 3570/386/55 3568/387/55 3564/154/55 3566/388/55
f 3574/378/36 3572/377/36 3571/376/36 3573/379/36
f 3577/381/32 3575/380/32 3576/165/32 3578/382/32
f 3571/385/34 3572/384/34 3576/383/34 3575/386/34
f 3574/385/38 3573/384/38 3577/383/38 3578/386/38
f 3573/388/54 3571/154/54 3575/387/54 3577/386/54
f 3578/386/55 3576/387/55 3572/154/55 3574/388/55
f 3579/376/32 3580/377/32 3582/378/32 3581/379/32
f 3584/165/36 3583/380/36 3585/381/36 3586/382/36
f 3584/383/34 3580/384/34 3579/385/34 3583/386/34
f 3585/383/38 3581/384/38 3582/385/38 3586/386/38
f 3583/387/52 3579/154/52 3581/388/52 3585/386/52
f 3580/154/53 3584/387/53 3586/386/53 3582/388/53
f 3587/376/32 3588/377/32 3590/378/32 3589/379/32
f 3592/165/36 3591/380/36 3593/381/36 3594/382/36
f 3592/383/34 3588/384/34 3587/385/34 3591/386/34
f 3593/383/38 3589/384/38 3590/385/38 3594/386/38
f 3591/387/52 3587/154/52 3589/388/52 3593/386/52
f 3588/154/53 3592/387/53 3594/386/53 3590/388/53
f 3595/376/1 3596/377/1 3598/378/1 3597/379/1
f 3600/165/31 3599/380/31 3601/381/31 3602/382/31
f 3600/383/34 3596/384/34 3595/385/34 3599/386/34
f 3601/383/38 3597/384/38 3598/385/38 3602/386/38
f 3599/387/57 3595/154/57 3597/388/57 3601/386/57
f 3596/154/56 3600/387/56 3602/386/56 3598/388/56
f 3603/376/1 3604/377/1 3606/378/1 3605/379/1
f 3608/165/31 3607/380/31 3609/381/31 3610/382/31
f 3608/383/34 3604/384/34 3603/385/34 3607/386/34
f 3609/383/38 3605/384/38 3606/385/38 3610/386/38
f 3607/387/57 3603/154/57 3605/388/57 3609/386/57
f 3604/154/56 3608/387/56 3610/386/56 3606/388/56
f 3611/376/48 3612/377/48 3614/378/48 3613/379/48
f 3616/165/49 3615/380/49 3617/381/49 3618/382/49
f 3616/383/34 3612/384/34 3611/385/34 3615/386/34
f 3617/383/38 3613/384/38 3614/385/38 3618/386/38
f 3615/387/64 3611/154/64 3613/388/64 3617/386/64
f 3612/154/65 3616/387/65 3618/386/65 3614/388/65
f 3619/376/48 3620/377/48 3622/378/48 3621/379/48
f 3624/165/49 3623/380/49 3625/381/49 3626/382/49
f 3624/383/34 3620/384/34 3619/385/34 3623/386/34
f 3625/383/38 3621/384/38 3622/385/38 3626/386/38
f 3623/387/64 3619/154/64 3621/388/64 3625/386/64
f 3620/154/65 3624/387/65 3626/386/65 3622/388/65
f 3630/378/46 3628/377/46 3627/376/46 3629/379/46
f 3633/381/47 3631/380/47 3632/165/47 3634/382/47
f 3627/385/34 3628/384/34 3632/383/34 3631/386/34
f 3630/385/38 3629/384/38 3633/383/38 3634/386/38
f 3629/388/62 3627/154/62 3631/387/62 3633/386/62
f 3634/386/63 3632/387/63 3628/154/63 3630/388/63
f 3638/378/46 3636/377/46 3635/376/46 3637/379/46
f 3641/381/47 3639/380/47 3640/165/47 3642/382/47
f 3635/385/34 3636/384/34 3640/383/34 3639/386/34
f 3638/385/38 3637/384/38 3641/383/38 3642/386/38
f 3637/388/62 3635/154/62 3639/387/62 3641/386/62
f 3642/386/63 3640/387/63 3636/154/63 3638/388/63
f 3643/376/49 3644/377/49 3646/378/49 3645/379/49
f 3648/165/48 3647/380/48 3649/381/48 3650/382/48
f 3648/383/34 3644/384/34 3643/385/34 3647/386/34
f 3649/383/38 3645/384/38 3646/385/38 3650/386/38
f 3647/387/60 3643/154/60 3645/388/60 3649/386/60
f 3644/154/61 3648/387/61 3650/386/61 3646/388/61
f 3651/376/49 3652/377/49 3654/378/49 3653/379/49
f 3656/165/48 3655/380/48 3657/381/48 3658/382/48
f 3656/383/34 3652/384/34 3651/385/34 3655/386/34
f 3657/383/38 3653/384/38 3654/385/38 3658/386/38
f 3655/387/60 3651/154/60 3653/388/60 3657/386/60
f 3652/154/61 3656/387/61 3658/386/61 3654/388/61
f 3662/378/47 3660/377/47 3659/376/47 3661/379/47
f 3665/381/46 3663/380/46 3664/165/46 3666/382/46
f 3659/385/34 3660/384/34 3664/383/34 3663/386/34
f 3662/385/38 3661/384/38 3665/383/38 3666/386/38
f 3661/388/58 3659/154/58 3663/387/58 3665/386/58
f 3666/386/59 3664/387/59 3660/154/59 3662/388/59
f 3670/378/47 3668/377/47 3667/376/47 3669/379/47
f 3673/381/46 3671/380/46 3672/165/46 3674/382/46
f 3667/385/34 3668/384/34 3672/383/34 3671/386/34
f 3670/385/38 3669/384/38 3673/383/38 3674/386/38
f 3669/388/58 3667/154/58 3671/387/58 3673/386/58
f 3674/386/59 3672/387/59 3668/154/59 3670/388/59
f 3680/313/49 3679/312/49 3675/311/49 3676/314/49
f 3681/317/48 3682/316/48 3678/315/48 3677/318/48
f 3682/321/34 3680/320/34 3676/319/34 3678/322/34
f 3684/324/36 3683/323/36 3679/311/36 3680/314/36
f 3685/326/32 3686/325/32 3682/316/32 3681/317/32
f 3686/329/34 3684/328/34 3680/327/34 3682/330/34
f 3688/315/47 3687/318/47 3683/331/47 3684/332/47
f 3689/335/46 3690/334/46 3686/333/46 3685/336/46
f 3690/339/34 3688/338/34 3684/337/34 3686/340/34
f 3692/333/1 3691/336/1 3687/341/1 3688/342/1
f 3693/326/31 3694/325/31 3690/316/31 3689/317/31
f 3694/345/34 3692/344/34 3688/343/34 3690/346/34
f 3696/348/48 3695/347/48 3691/335/48 3692/334/48
f 3697/351/49 3698/350/49 3694/349/49 3693/352/49
f 3698/321/34 3696/320/34 3692/319/34 3694/322/34
f 3700/348/32 3699/347/32 3695/331/32 3696/332/32
f 3701/311/36 3702/314/36 3698/353/36 3697/354/36
f 3702/330/34 3700/327/34 3696/328/34 3698/329/34
f 3704/357/46 3703/356/46 3699/355/46 3700/278/46
f 3705/317/47 3706/316/47 3702/315/47 3701/318/47
f 3706/340/34 3704/337/34 3700/338/34 3702/339/34
f 3676/315/31 3675/318/31 3703/354/31 3704/353/31
f 3677/359/1 3678/358/1 3706/357/1 3705/356/1
f 3678/345/34 3676/344/34 3704/343/34 3706/346/34
f 3710/321/38 3709/320/38 3707/319/38 3708/322/38
f 3712/329/38 3711/328/38 3709/327/38 3710/330/38
f 3714/339/38 3713/338/38 3711/337/38 3712/340/38
f 3716/345/38 3715/344/38 3713/343/38 3714/346/38
f 3718/321/38 3717/320/38 3715/319/38 3716/322/38
f 3720/330/38 3719/327/38 3717/328/38 3718/329/38
f 3722/340/38 3721/337/38 3719/338/38 3720/339/38
f 3708/345/38 3707/344/38 3721/343/38 3722/346/38
f 3723/362/36 3724/361/36 3726/360/36 3725/363/36
f 3728/362/32 3727/361/32 3729/360/32 3730/363/32
f 3728/366/34 3724/365/34 3723/364/34 3727/367/34
f 3729/366/38 3725/365/38 3726/364/38 3730/367/38
f 3727/362/31 3723/361/31 3725/360/31 3729/363/31
f 3724/362/1 3728/361/1 3730/360/1 3726/363/1
f 3731/370/34 3732/369/34 3734/368/34 3733/371/34
f 3738/368/34 3736/369/34 3735/372/34 3737/373/34
f 3742/373/34 3740/372/34 3739/374/34 3741/375/34
f 3743/370/38 3744/369/38 3746/368/38 3745/371/38
f 3750/368/38 3748/369/38 3747/372/38 3749/373/38
f 3754/373/38 3752/372/38 3751/374/38 3753/375/38
f 3758/378/31 3756/377/31 3755/376/31 3757/379/31
f 3761/381/1 3759/380/1 3760/165/1 3762/382/1
f 3755/385/34 3756/384/34 3760/383/34 3759/386/34
f 3758/385/38 3757/384/38 3761/383/38 3762/386/38
f 3757/388/51 3755/154/51 3759/387/51 3761/386/51
f 3762/386/50 3760/387/50 3756/154/50 3758/388/50
f 3766/378/31 3764/377/31 3763/376/31 3765/379/31
f 3769/381/1 3767/380/1 3768/165/1 3770/382/1
f 3763/385/34 3764/384/34 3768/383/34 3767/386/34
f 3766/385/38 3765/384/38 3769/383/38 3770/386/38
f 3765/388/51 3763/154/51 3767/387/51 3769/386/51
f 3770/386/50 3768/387/50 3764/154/50 3766/388/50
f 3774/378/36 3772/377/36 3771/376/36 3773/379/36
f 3777/381/32 3775/380/32 3776/165/32 3778/382/32
f 3771/385/34 3772/384/34 3776/383/34 3775/386/34
f 3774/385/38 3773/384/38 3777/383/38 3778/386/38
f 3773/388/54 3771/154/54 3775/387/54 3777/386/54
f 3778/386/55 3776/387/55 3772/154/55 3774/388/55
f 3782/378/36 3780/377/36 3779/376/36 3781/379/36
f 3785/381/32 3783/380/32 3784/165/32 3786/382/32
f 3779/385/34 3780/384/34 3784/383/34 3783/386/34
f 3782/385/38 3781/384/38 3785/383/38 3786/386/38
f 3781/388/54 3779/154/54 3783/387/54 3785/386/54
f 3786/386/55 3784/387/55 3780/154/55 3782/388/55
f 3787/376/32 3788/377/32 3790/378/32 3789/379/32
f 3792/165/36 3791/380/36 3793/381/36 3794/382/36
f 3792/383/34 3788/384/34 3787/385/34 3791/386/34
f 3793/383/38 3789/384/38 3790/385/38 3794/386/38
f 3791/387/52 3787/154/52 3789/388/52 3793/386/52
f 3788/154/53 3792/387/53 3794/386/53 3790/388/53
f 3795/376/32 3796/377/32 3798/378/32 3797/379/32
f 3800/165/36 3799/380/36 3801/381/36 3802/382/36
f 3800/383/34 3796/384/34 3795/385/34 3799/386/34
f 3801/383/38 3797/384/38 3798/385/38 3802/386/38
f 3799/387/52 3795/154/52 3797/388/52 3801/386/52
f 3796/154/53 3800/387/53 3802/386/53 3798/388/53
f 3803/376/1 3804/377/1 3806/378/1 3805/379/1
f 3808/165/31 3807/380/31 3809/381/31 3810/382/31
f 3808/383/34 3804/384/34 3803/385/34 3807/386/34
f 3809/383/38 3805/384/38 3806/385/38 3810/386/38
f 3807/387/57 3803/154/57 3805/388/57 3809/386/57
f 3804/154/56 3808/387/56 3810/386/56 3806/388/56
f 3811/376/1 3812/377/1 3814/378/1 3813/379/1
f 3816/165/31 3815/380/31 3817/381/31 3818/382/31
f 3816/383/34 3812/384/34 3811/385/34 3815/386/34
f 3817/383/38 3813/384/38 3814/385/38 3818/386/38
f 3815/387/57 3811/154/57 3813/388/57 3817/386/57
f 3812/154/56 3816/387/56 3818/386/56 3814/388/56
f 3819/376/48 3820/377/48 3822/378/48 3821/379/48
f 3824/165/49 3823/380/49 3825/381/49 3826/382/49
f 3824/383/34 3820/384/34 3819/385/34 3823/386/34
f 3825/383/38 3821/384/38 3822/385/38 3826/386/38
f 3823/387/64 3819/154/64 3821/388/64 3825/386/64
f 3820/154/65 3824/387/65 3826/386/65 3822/388/65
f 3827/376/48 3828/377/48 3830/378/48 3829/379/48
f 3832/165/49 3831/380/49 3833/381/49 3834/382/49
f 3832/383/34 3828/384/34 3827/385/34 3831/386/34
f 3833/383/38 3829/384/38 3830/385/38 3834/386/38
f 3831/387/64 3827/154/64 3829/388/64 3833/386/64
f 3828/154/65 3832/387/65 3834/386/65 3830/388/65
f 3838/378/46 3836/377/46 3835/376/46 3837/379/46
f 3841/381/47 3839/380/47 3840/165/47 3842/382/47
f 3835/385/34 3836/384/34 3840/383/34 3839/386/34
f 3838/385/38 3837/384/38 3841/383/38 3842/386/38
f 3837/388/62 3835/154/62 3839/387/62 3841/386/62
f 3842/386/63 3840/387/63 3836/154/63 3838/388/63
f 3846/378/46 3844/377/46 3843/376/46 3845/379/46
f 3849/381/47 3847/380/47 3848/165/47 3850/382/47
f 3843/385/34 3844/384/34 3848/383/34 3847/386/34
f 3846/385/38 3845/384/38 3849/383/38 3850/386/38
f 3845/388/62 3843/154/62 3847/387/62 3849/386/62
f 3850/386/63 3848/387/63 3844/154/63 3846/388/63
f 3851/376/49 3852/377/49 3854/378/49 3853/379/49
f 3856/165/48 3855/380/48 3857/381/48 3858/382/48
f 3856/383/34 3852/384/34 3851/385/34 3855/386/34
f 3857/383/38 3853/384/38 3854/385/38 3858/386/38
f 3855/387/60 3851/154/60 3853/388/60 3857/386/60
f 3852/154/61 3856/387/61 3858/386/61 3854/388/61
f 3859/376/49 3860/377/49 3862/378/49 3861/379/49
f 3864/165/48 3863/380/48 3865/381/48 3866/382/48
f 3864/383/34 3860/384/34 3859/385/34 3863/386/34
f 3865/383/38 3861/384/38 3862/385/38 3866/386/38
f 3863/387/60 3859/154/60 3861/388/60 3865/386/60
f 3860/154/61 3864/387/61 3866/386/61 3862/388/61
f 3870/378/47 3868/377/47 3867/376/47 3869/379/47
f 3873/381/46 3871/380/46 3872/165/46 3874/382/46
f 3867/385/34 3868/384/34 3872/383/34 3871/386/34
f 3870/385/38 3869/384/38 3873/383/38 3874/386/38
f 3869/388/58 3867/154/58 3871/387/58 3873/386/58
f 3874/386/59 3872/387/59 3868/154/59 3870/388/59
f 3878/378/47 3876/377/47 3875/376/47 3877/379/47
f 3881/381/46 3879/380/46 3880/165/46 3882/382/46
f 3875/385/34 3876/384/34 3880/383/34 3879/386/34
f 3878/385/38 3877/384/38 3881/383/38 3882/386/38
f 3877/388/58 3875/154/58 3879/387/58 3881/386/58
f 3882/386/59 3880/387/59 3876/154/59 3878/388/59
f 3888/313/49 3887/312/49 3883/311/49 3884/314/49
f 3889/317/48 3890/316/48 3886/315/48 3885/318/48
f 3890/321/34 3888/320/34 3884/319/34 3886/322/34
f 3892/324/36 3891/323/36 3887/311/36 3888/314/36
f 3893/326/32 3894/325/32 3890/316/32 3889/317/32
f 3894/329/34 3892/328/34 3888/327/34 3890/330/34
f 3896/315/47 3895/318/47 3891/331/47 3892/332/47
f 3897/335/46 3898/334/46 3894/333/46 3893/336/46
f 3898/339/34 3896/338/34 3892/337/34 3894/340/34
f 3900/333/1 3899/336/1 3895/341/1 3896/342/1
f 3901/326/31 3902/325/31 3898/316/31 3897/317/31
f 3902/345/34 3900/344/34 3896/343/34 3898/346/34
f 3904/348/48 3903/347/48 3899/335/48 3900/334/48
f 3905/351/49 3906/350/49 3902/349/49 3901/352/49
f 3906/321/34 3904/320/34 3900/319/34 3902/322/34
f 3908/348/32 3907/347/32 3903/331/32 3904/332/32
f 3909/311/36 3910/314/36 3906/353/36 3905/354/36
f 3910/330/34 3908/327/34 3904/328/34 3906/329/34
f 3912/357/46 3911/356/46 3907/355/46 3908/278/46
f 3913/317/47 3914/316/47 3910/315/47 3909/318/47
f 3914/340/34 3912/337/34 3908/338/34 3910/339/34
f 3884/315/31 3883/318/31 3911/354/31 3912/353/31
f 3885/359/1 3886/358/1 3914/357/1 3913/356/1
f 3886/345/34 3884/344/34 3912/343/34 3914/346/34
f 3918/321/38 3917/320/38 3915/319/38 3916/322/38
f 3920/329/38 3919/328/38 3917/327/38 3918/330/38
f 3922/339/38 3921/338/38 3919/337/38 3920/340/38
f 3924/345/38 3923/344/38 3921/343/38 3922/346/38
f 3926/321/38 3925/320/38 3923/319/38 3924/322/38
f 3928/330/38 3927/327/38 3925/328/38 3926/329/38
f 3930/340/38 3929/337/38 3927/338/38 3928/339/38
f 3916/345/38 3915/344/38 3929/343/38 3930/346/38
f 3931/362/36 3932/361/36 3934/360/36 3933/363/36
f 3936/362/32 3935/361/32 3937/360/32 3938/363/32
f 3936/366/34 3932/365/34 3931/364/34 3935/367/34
f 3937/366/38 3933/365/38 3934/364/38 3938/367/38
f 3935/362/31 3931/361/31 3933/360/31 3937/363/31
f 3932/362/1 3936/361/1 3938/360/1 3934/363/1
f 3939/370/34 3940/369/34 3942/368/34 3941/371/34
f 3946/368/34 3944/369/34 3943/372/34 3945/373/34
f 3950/373/34 3948/372/34 3947/374/34 3949/375/34
f 1/370/38 3951/369/38 3953/368/38 3952/371/38
f 3957/368/38 3955/369/38 3954/372/38 3956/373/38
f 3961/373/38 3959/372/38 3958/374/38 3960/375/38
f 3965/378/31 3963/377/31 3962/376/31 3964/379/31
f 3968/381/1 3966/380/1 3967/165/1 3969/382/1
f 3962/385/34 3963/384/34 3967/383/34 3966/386/34
f 3965/385/38 3964/384/38 3968/383/38 3969/386/38
f 3964/388/51 3962/154/51 3966/387/51 3968/386/51
f 3969/386/50 3967/387/50 3963/154/50 3965/388/50
f 3973/378/31 3971/377/31 3970/376/31 3972/379/31
f 3976/381/1 3974/380/1 3975/165/1 3977/382/1
f 3970/385/34 3971/384/34 3975/383/34 3974/386/34
f 3973/385/38 3972/384/38 3976/383/38 3977/386/38
f 3972/388/51 3970/154/51 3974/387/51 3976/386/51
f 3977/386/50 3975/387/50 3971/154/50 3973/388/50
f 3981/378/36 3979/377/36 3978/376/36 3980/379/36
f 3984/381/32 3982/380/32 3983/165/32 3985/382/32
f 3978/385/34 3979/384/34 3983/383/34 3982/386/34
f 3981/385/38 3980/384/38 3984/383/38 3985/386/38
f 3980/388/54 3978/154/54 3982/387/54 3984/386/54
f 3985/386/55 3983/387/55 3979/154/55 3981/388/55
f 3989/378/36 3987/377/36 3986/376/36 3988/379/36
f 3992/381/32 3990/380/32 3991/165/32 3993/382/32
f 3986/385/34 3987/384/34 3991/383/34 3990/386/34
f 3989/385/38 3988/384/38 3992/383/38 3993/386/38
f 3988/388/54 3986/154/54 3990/387/54 3992/386/54
f 3993/386/55 3991/387/55 3987/154/55 3989/388/55
f 3994/376/32 3995/377/32 3997/378/32 3996/379/32
f 3999/165/36 3998/380/36 4000/381/36 4001/382/36
f 3999/383/34 3995/384/34 3994/385/34 3998/386/34
f 4000/383/38 3996/384/38 3997/385/38 4001/386/38
f 3998/387/52 3994/154/52 3996/388/52 4000/386/52
f 3995/154/53 3999/387/53 4001/386/53 3997/388/53
f 4002/376/32 4003/377/32 4005/378/32 4004/379/32
f 4007/165/36 4006/380/36 4008/381/36 4009/382/36
f 4007/383/34 4003/384/34 4002/385/34 4006/386/34
f 4008/383/38 4004/384/38 4005/385/38 4009/386/38
f 4006/387/52 4002/154/52 4004/388/52 4008/386/52
f 4003/154/53 4007/387/53 4009/386/53 4005/388/53
f 4010/376/1 4011/377/1 4013/378/1 4012/379/1
f 4015/165/31 4014/380/31 4016/381/31 4017/382/31
f 4015/383/34 4011/384/34 4010/385/34 4014/386/34
f 4016/383/38 4012/384/38 4013/385/38 4017/386/38
f 4014/387/57 4010/154/57 4012/388/57 4016/386/57
f 4011/154/56 4015/387/56 4017/386/56 4013/388/56
f 4018/376/1 4019/377/1 4021/378/1 4020/379/1
f 4023/165/31 4022/380/31 4024/381/31 4025/382/31
f 4023/383/34 4019/384/34 4018/385/34 4022/386/34
f 4024/383/38 4020/384/38 4021/385/38 4025/386/38
f 4022/387/57 4018/154/57 4020/388/57 4024/386/57
f 4019/154/56 4023/387/56 4025/386/56 4021/388/56
f 4026/376/48 4027/377/48 4029/378/48 4028/379/48
f 4031/165/49 4030/380/49 4032/381/49 4033/382/49
f 4031/383/34 4027/384/34 4026/385/34 4030/386/34
f 4032/383/38 4028/384/38 4029/385/38 4033/386/38
f 4030/387/64 4026/154/64 4028/388/64 4032/386/64
f 4027/154/65 4031/387/65 4033/386/65 4029/388/65
f 4034/376/48 4035/377/48 4037/378/48 4036/379/48
f 4039/165/49 4038/380/49 4040/381/49 4041/382/49
f 4039/383/34 4035/384/34 4034/385/34 4038/386/34
f 4040/383/38 4036/384/38 4037/385/38 4041/386/38
f 4038/387/64 4034/154/64 4036/388/64 4040/386/64
f 4035/154/65 4039/387/65 4041/386/65 4037/388/65
f 4045/378/46 4043/377/46 4042/376/46 4044/379/46
f 4048/381/47 4046/380/47 4047/165/47 4049/382/47
f 4042/385/34 4043/384/34 4047/383/34 4046/386/34
f 4045/385/38 4044/384/38 4048/383/38 4049/386/38
f 4044/388/62 4042/154/62 4046/387/62 4048/386/62
f 4049/386/63 4047/387/63 4043/154/63 4045/388/63
f 4053/378/46 4051/377/46 4050/376/46 4052/379/46
f 4056/381/47 4054/380/47 4055/165/47 4057/382/47
f 4050/385/34 4051/384/34 4055/383/34 4054/386/34
f 4053/385/38 4052/384/38 4056/383/38 4057/386/38
f 4052/388/62 4050/154/62 4054/387/62 4056/386/62
f 4057/386/63 4055/387/63 4051/154/63 4053/388/63
f 4058/376/49 4059/377/49 4061/378/49 4060/379/49
f 4063/165/48 4062/380/48 4064/381/48 4065/382/48
f 4063/383/34 4059/384/34 4058/385/34 4062/386/34
f 4064/383/38 4060/384/38 4061/385/38 4065/386/38
f 4062/387/60 4058/154/60 4060/388/60 4064/386/60
f 4059/154/61 4063/387/61 4065/386/61 4061/388/61
f 4066/376/49 4067/377/49 4069/378/49 4068/379/49
f 4071/165/48 4070/380/48 4072/381/48 4073/382/48
f 4071/383/34 4067/384/34 4066/385/34 4070/386/34
f 4072/383/38 4068/384/38 4069/385/38 4073/386/38
f 4070/387/60 4066/154/60 4068/388/60 4072/386/60
f 4067/154/61 4071/387/61 4073/386/61 4069/388/61
f 4077/378/47 4075/377/47 4074/376/47 4076/379/47
f 4080/381/46 4078/380/46 4079/165/46 4081/382/46
f 4074/385/34 4075/384/34 4079/383/34 4078/386/34
f 4077/385/38 4076/384/38 4080/383/38 4081/386/38
f 4076/388/58 4074/154/58 4078/387/58 4080/386/58
f 4081/386/59 4079/387/59 4075/154/59 4077/388/59
f 4085/378/47 4083/377/47 4082/376/47 4084/379/47
f 4088/381/46 4086/380/46 4087/165/46 4089/382/46
f 4082/385/34 4083/384/34 4087/383/34 4086/386/34
f 4085/385/38 4084/384/38 4088/383/38 4089/386/38
f 4084/388/58 4082/154/58 4086/387/58 4088/386/58
f 4089/386/59 4087/387/59 4083/154/59 4085/388/59
f 4095/313/49 4094/312/49 4090/311/49 4091/314/49
f 4096/317/48 4097/316/48 4093/315/48 4092/318/48
f 4097/321/34 4095/320/34 4091/319/34 4093/322/34
f 4099/324/36 4098/323/36 4094/311/36 4095/314/36
f 4100/326/32 4101/325/32 4097/316/32 4096/317/32
f 4101/329/34 4099/328/34 4095/327/34 4097/330/34
f 4103/315/47 4102/318/47 4098/331/47 4099/332/47
f 4104/335/46 4105/334/46 4101/333/46 4100/336/46
f 4105/339/34 4103/338/34 4099/337/34 4101/340/34
f 4107/333/1 4106/336/1 4102/341/1 4103/342/1
f 4108/326/31 4109/325/31 4105/316/31 4104/317/31
f 4109/345/34 4107/344/34 4103/343/34 4105/346/34
f 4111/348/48 4110/347/48 4106/335/48 4107/334/48
f 4112/351/49 4113/350/49 4109/349/49 4108/352/49
f 4113/321/34 4111/320/34 4107/319/34 4109/322/34
f 4115/348/32 4114/347/32 4110/331/32 4111/332/32
f 4116/311/36 4117/314/36 4113/353/36 4112/354/36
f 4117/330/34 4115/327/34 4111/328/34 4113/329/34
f 4119/357/46 4118/356/46 4114/355/46 4115/278/46
f 4120/317/47 4121/316/47 4117/315/47 4116/318/47
f 4121/340/34 4119/337/34 4115/338/34 4117/339/34
f 4091/315/31 4090/318/31 4118/354/31 4119/353/31
f 4092/359/1 4093/358/1 4121/357/1 4120/356/1
f 4093/345/34 4091/344/34 4119/343/34 4121/346/34
f 4125/321/38 4124/320/38 4122/319/38 4123/322/38
f 4127/329/38 4126/328/38 4124/327/38 4125/330/38
f 4129/339/38 4128/338/38 4126/337/38 4127/340/38
f 4131/345/38 4130/344/38 4128/343/38 4129/346/38
f 4133/321/38 4132/320/38 4130/319/38 4131/322/38
f 4135/330/38 4134/327/38 4132/328/38 4133/329/38
f 4137/340/38 4136/337/38 4134/338/38 4135/339/38
f 4123/345/38 4122/344/38 4136/343/38 4137/346/38
f 4138/362/36 4139/361/36 4141/360/36 4140/363/36
f 4143/362/32 4142/361/32 4144/360/32 4145/363/32
f 4143/366/34 4139/365/34 4138/364/34 4142/367/34
f 4144/366/38 4140/365/38 4141/364/38 4145/367/38
f 4142/362/31 4138/361/31 4140/360/31 4144/363/31
f 4139/362/1 4143/361/1 4145/360/1 4141/363/1
f 4146/370/34 4147/369/34 4149/368/34 4148/371/34
f 4153/368/34 4151/369/34 4150/372/34 4152/373/34
f 4157/373/34 4155/372/34 4154/374/34 4156/375/34
f 4158/370/38 4159/369/38 4161/368/38 4160/371/38
f 4165/368/38 4163/369/38 4162/372/38 4164/373/38
f 4169/373/38 4167/372/38 4166/374/38 4168/375/38
f 4173/378/31 4171/377/31 4170/376/31 4172/379/31
f 4176/381/1 4174/380/1 4175/165/1 4177/382/1
f 4170/385/34 4171/384/34 4175/383/34 4174/386/34
f 4173/385/38 4172/384/38 4176/383/38 4177/386/38
f 4172/388/51 4170/154/51 4174/387/51 4176/386/51
f 4177/386/50 4175/387/50 4171/154/50 4173/388/50
f 4181/378/31 4179/377/31 4178/376/31 4180/379/31
f 4184/381/1 4182/380/1 4183/165/1 4185/382/1
f 4178/385/34 4179/384/34 4183/383/34 4182/386/34
f 4181/385/38 4180/384/38 4184/383/38 4185/386/38
f 4180/388/51 4178/154/51 4182/387/51 4184/386/51
f 4185/386/50 4183/387/50 4179/154/50 4181/388/50
f 4189/378/36 4187/377/36 4186/376/36 4188/379/36
f 4192/381/32 4190/380/32 4191/165/32 4193/382/32
f 4186/385/34 4187/384/34 4191/383/34 4190/386/34
f 4189/385/38 4188/384/38 4192/383/38 4193/386/38
f 4188/388/54 4186/154/54 4190/387/54 4192/386/54
f 4193/386/55 4191/387/55 4187/154/55 4189/388/55
f 4197/378/36 4195/377/36 4194/376/36 4196/379/36
f 4200/381/32 4198/380/32 4199/165/32 4201/382/32
f 4194/385/34 4195/384/34 4199/383/34 4198/386/34
f 4197/385/38 4196/384/38 4200/383/38 4201/386/38
f 4196/388/54 4194/154/54 4198/387/54 4200/386/54
f 4201/386/55 4199/387/55 4195/154/55 4197/388/55
f 4202/376/32 4203/377/32 4205/378/32 4204/379/32
f 4207/165/36 4206/380/36 4208/381/36 4209/382/36
f 4207/383/34 4203/384/34 4202/385/34 4206/386/34
f 4208/383/38 4204/384/38 4205/385/38 4209/386/38
f 4206/387/52 4202/154/52 4204/388/52 4208/386/52
f 4203/154/53 4207/387/53 4209/386/53 4205/388/53
f 4210/376/32 4211/377/32 4213/378/32 4212/379/32
f 4215/165/36 4214/380/36 4216/381/36 4217/382/36
f 4215/383/34 4211/384/34 4210/385/34 4214/386/34
f 4216/383/38 4212/384/38 4213/385/38 4217/386/38
f 4214/387/52 4210/154/52 4212/388/52 4216/386/52
f 4211/154/53 4215/387/53 4217/386/53 4213/388/53
f 4218/376/1 4219/377/1 4221/378/1 4220/379/1
f 4223/165/31 4222/380/31 4224/381/31 4225/382/31
f 4223/383/34 4219/384/34 4218/385/34 4222/386/34
f 4224/383/38 4220/384/38 4221/385/38 4225/386/38
f 4222/387/57 4218/154/57 4220/388/57 4224/386/57
f 4219/154/56 4223/387/56 4225/386/56 4221/388/56
f 4226/376/1 4227/377/1 4229/378/1 4228/379/1
f 4231/165/31 4230/380/31 4232/381/31 4233/382/31
f 4231/383/34 4227/384/34 4226/385/34 4230/386/34
f 4232/383/38 4228/384/38 4229/385/38 4233/386/38
f 4230/387/57 4226/154/57 4228/388/57 4232/386/57
f 4227/154/56 4231/387/56 4233/386/56 4229/388/56
f 4234/376/48 4235/377/48 4237/378/48 4236/379/48
f 4239/165/49 4238/380/49 4240/381/49 4241/382/49
f 4239/383/34 4235/384/34 4234/385/34 4238/386/34
f 4240/383/38 4236/384/38 4237/385/38 4241/386/38
f 4238/387/64 4234/154/64 4236/388/64 4240/386/64
f 4235/154/65 4239/387/65 4241/386/65 4237/388/65
f 4242/376/48 4243/377/48 4245/378/48 4244/379/48
f 4247/165/49 4246/380/49 4248/381/49 4249/382/49
f 4247/383/34 4243/384/34 4242/385/34 4246/386/34
f 4248/383/38 4244/384/38 4245/385/38 4249/386/38
f 4246/387/64 4242/154/64 4244/388/64 4248/386/64
f 4243/154/65 4247/387/65 4249/386/65 4245/388/65
f 4253/378/46 4251/377/46 4250/376/46 4252/379/46
f 4256/381/47 4254/380/47 4255/165/47 4257/382/47
f 4250/385/34 4251/384/34 4255/383/34 4254/386/34
f 4253/385/38 4252/384/38 4256/383/38 4257/386/38
f 4252/388/62 4250/154/62 4254/387/62 4256/386/62
f 4257/386/63 4255/387/63 4251/154/63 4253/388/63
f 4261/378/46 4259/377/46 4258/376/46 4260/379/46
f 4264/381/47 4262/380/47 4263/165/47 4265/382/47
f 4258/385/34 4259/384/34 4263/383/34 4262/386/34
f 4261/385/38 4260/384/38 4264/383/38 4265/386/38
f 4260/388/62 4258/154/62 4262/387/62 4264/386/62
f 4265/386/63 4263/387/63 4259/154/63 4261/388/63
f 4266/376/49 4267/377/49 4269/378/49 4268/379/49
f 4271/165/48 4270/380/48 4272/381/48 4273/382/48
f 4271/383/34 4267/384/34 4266/385/34 4270/386/34
f 4272/383/38 4268/384/38 4269/385/38 4273/386/38
f 4270/387/60 4266/154/60 4268/388/60 4272/386/60
f 4267/154/61 4271/387/61 4273/386/61 4269/388/61
f 4274/376/49 4275/377/49 4277/378/49 4276/379/49
f 4279/165/48 4278/380/48 4280/381/48 4281/382/48
f 4279/383/34 4275/384/34 4274/385/34 4278/386/34
f 4280/383/38 4276/384/38 4277/385/38 4281/386/38
f 4278/387/60 4274/154/60 4276/388/60 4280/386/60
f 4275/154/61 4279/387/61 4281/386/61 4277/388/61
f 4285/378/47 4283/377/47 4282/376/47 4284/379/47
f 4288/381/46 4286/380/46 4287/165/46 4289/382/46
f 4282/385/34 4283/384/34 4287/383/34 4286/386/34
f 4285/385/38 4284/384/38 4288/383/38 4289/386/38
f 4284/388/58 4282/154/58 4286/387/58 4288/386/58
f 4289/386/59 4287/387/59 4283/154/59 4285/388/59
f 4293/378/47 4291/377/47 4290/376/47 4292/379/47
f 4296/381/46 4294/380/46 4295/165/46 4297/382/46
f 4290/385/34 4291/384/34 4295/383/34 4294/386/34
f 4293/385/38 4292/384/38 4296/383/38 4297/386/38
f 4292/388/58 4290/154/58 4294/387/58 4296/386/58
f 4297/386/59 4295/387/59 4291/154/59 4293/388/59
f 4303/391/32 4302/390/32 4304/389/32 4305/392/32
f 4303/390/31 4299/394/31 4298/393/31 4302/391/31
f 4302/397/38 4298/396/38 4300/395/38 4304/398/38
f 4299/396/34 4303/397/34 4305/398/34 4301/395/34
f 4306/401/36 4307/400/36 4309/399/36 4308/402/36
f 4311/405/67 4310/404/67 4312/403/67 4313/406/67
f 4312/390/1 4308/408/1 4309/407/1 4313/391/1
f 4310/398/38 4306/395/38 4308/409/38 4312/410/38
f 4307/395/34 4311/398/34 4313/410/34 4309/409/34
f 4319/413/31 4315/412/31 4314/411/31 4318/414/31
f 4320/417/1 4316/416/1 4317/415/1 4321/418/1
f 4318/396/38 4314/420/38 4316/419/38 4320/409/38
f 4315/420/34 4319/396/34 4321/409/34 4317/419/34
f 4328/389/36 4326/390/36 4327/391/36 4329/392/36
f 4322/393/31 4323/394/31 4327/390/31 4326/391/31
f 4324/395/38 4322/396/38 4326/397/38 4328/398/38
f 4329/398/34 4327/397/34 4323/396/34 4325/395/34
f 4333/399/32 4331/400/32 4330/401/32 4332/402/32
f 4336/403/66 4334/404/66 4335/405/66 4337/406/66
f 4333/407/1 4332/408/1 4336/390/1 4337/391/1
f 4332/409/38 4330/395/38 4334/398/38 4336/410/38
f 4337/410/34 4335/398/34 4331/395/34 4333/409/34
f 4343/391/32 4342/390/32 4344/389/32 4345/392/32
f 4343/390/31 4339/394/31 4338/393/31 4342/391/31
f 4342/397/38 4338/396/38 4340/395/38 4344/398/38
f 4339/396/34 4343/397/34 4345/398/34 4341/395/34
f 4346/401/36 4347/400/36 4349/399/36 4348/402/36
f 4351/405/67 4350/404/67 4352/403/67 4353/406/67
f 4352/390/1 4348/408/1 4349/407/1 4353/391/1
f 4350/398/38 4346/395/38 4348/409/38 4352/410/38
f 4347/395/34 4351/398/34 4353/410/34 4349/409/34
f 4359/413/31 4355/412/31 4354/411/31 4358/414/31
f 4360/417/1 4356/416/1 4357/415/1 4361/418/1
f 4358/396/38 4354/420/38 4356/419/38 4360/409/38
f 4355/420/34 4359/396/34 4361/409/34 4357/419/34
f 4368/389/36 4366/390/36 4367/391/36 4369/392/36
f 4362/393/31 4363/394/31 4367/390/31 4366/391/31
f 4364/395/38 4362/396/38 4366/397/38 4368/398/38
f 4369/398/34 4367/397/34 4363/396/34 4365/395/34
f 4373/399/32 4371/400/32 4370/401/32 4372/402/32
f 4376/403/66 4374/404/66 4375/405/66 4377/406/66
f 4373/407/1 4372/408/1 4376/390/1 4377/391/1
f 4372/409/38 4370/395/38 4374/398/38 4376/410/38
f 4377/410/34 4375/398/34 4371/395/34 4373/409/34
f 4381/422/32 4379/299/32 4378/421/32 4380/423/32
f 4384/422/36 4382/299/36 4383/421/36 4385/423/36
f 4378/425/31 4379/163/31 4383/424/31 4382/426/31
f 4380/428/38 4378/420/38 4382/427/38 4384/429/38
f 4385/429/34 4383/427/34 4379/420/34 4381/428/34
f 4389/150/32 4387/431/32 4386/430/32 4388/265/32
f 4392/434/66 4390/433/66 4391/432/66 4393/435/66
f 4389/437/1 4388/436/1 4392/421/1 4393/299/1
f 4388/419/38 4386/428/38 4390/429/38 4392/438/38
f 4393/438/34 4391/429/34 4387/428/34 4389/419/34
f 4394/421/36 4395/299/36 4397/422/36 4396/423/36
f 4399/421/32 4398/299/32 4400/422/32 4401/423/32
f 4399/424/31 4395/163/31 4394/425/31 4398/426/31
f 4398/427/38 4394/420/38 4396/428/38 4400/429/38
f 4395/420/34 4399/427/34 4401/429/34 4397/428/34
f 4402/430/36 4403/431/36 4405/150/36 4404/265/36
f 4407/423/67 4406/422/67 4408/150/67 4409/265/67
f 4408/421/1 4404/436/1 4405/437/1 4409/299/1
f 4406/429/38 4402/428/38 4404/419/38 4408/438/38
f 4403/428/34 4407/429/34 4409/438/34 4405/419/34
f 4418/163/32 4419/163/32 4421/455/32 4420/455/32
f 4423/163/32 4422/163/32 4424/455/32 4425/455/32
f 4423/163/68 4419/456/68 4418/456/68 4422/163/68
f 4424/163/68 4420/456/68 4421/456/68 4425/163/68
f 4419/459/34 4423/458/34 4425/457/34 4421/460/34
f 4429/273/34 4427/461/34 4426/462/34 4428/265/34
f 4432/273/38 4430/461/38 4431/462/38 4433/265/38
f 4426/461/31 4427/463/31 4431/464/31 4430/462/31
f 4429/461/1 4428/463/1 4432/464/1 4433/462/1
f 4428/273/32 4426/461/32 4430/462/32 4432/265/32
f 4433/273/36 4431/461/36 4427/462/36 4429/265/36
f 4437/465/34 4435/466/34 4434/467/34 4436/468/34
f 4440/465/38 4438/466/38 4439/467/38 4441/468/38
f 4434/466/31 4435/469/31 4439/470/31 4438/467/31
f 4437/466/1 4436/469/1 4440/470/1 4441/467/1
f 4436/465/32 4434/466/32 4438/467/32 4440/468/32
f 4441/465/36 4439/466/36 4435/467/36 4437/468/36
f 4445/273/34 4443/461/34 4442/462/34 4444/265/34
f 4448/273/38 4446/461/38 4447/462/38 4449/265/38
f 4442/461/31 4443/463/31 4447/464/31 4446/462/31
f 4445/461/1 4444/463/1 4448/464/1 4449/462/1
f 4444/273/32 4442/461/32 4446/462/32 4448/265/32
f 4449/273/36 4447/461/36 4443/462/36 4445/265/36
f 4453/465/34 4451/466/34 4450/467/34 4452/468/34
f 4456/465/38 4454/466/38 4455/467/38 4457/468/38
f 4450/466/31 4451/469/31 4455/470/31 4454/467/31
f 4453/466/1 4452/469/1 4456/470/1 4457/467/1
f 4452/465/32 4450/466/32 4454/467/32 4456/468/32
f 4457/465/36 4455/466/36 4451/467/36 4453/468/36
f 4461/273/34 4459/461/34 4458/462/34 4460/265/34
f 4464/273/38 4462/461/38 4463/462/38 4465/265/38
f 4458/461/31 4459/463/31 4463/464/31 4462/462/31
f 4461/461/1 4460/463/1 4464/464/1 4465/462/1
f 4460/273/32 4458/461/32 4462/462/32 4464/265/32
f 4465/273/36 4463/461/36 4459/462/36 4461/265/36
f 4469/465/34 4467/466/34 4466/467/34 4468/468/34
f 4472/465/38 4470/466/38 4471/467/38 4473/468/38
f 4466/466/31 4467/469/31 4471/470/31 4470/467/31
f 4469/466/1 4468/469/1 4472/470/1 4473/467/1
f 4468/465/32 4466/466/32 4470/467/32 4472/468/32
f 4473/465/36 4471/466/36 4467/467/36 4469/468/36
f 4477/273/34 4475/461/34 4474/462/34 4476/265/34
f 4480/273/38 4478/461/38 4479/462/38 4481/265/38
f 4477/461/1 4476/463/1 4480/464/1 4481/462/1
f 4476/273/32 4474/461/32 4478/462/32 4480/265/32
f 4481/273/36 4479/461/36 4475/462/36 4477/265/36
f 4485/465/34 4483/466/34 4482/467/34 4484/468/34
f 4488/465/38 4486/466/38 4487/467/38 4489/468/38
f 4482/466/31 4483/469/31 4487/470/31 4486/467/31
f 4485/466/1 4484/469/1 4488/470/1 4489/467/1
f 4484/465/32 4482/466/32 4486/467/32 4488/468/32
f 4489/465/36 4487/466/36 4483/467/36 4485/468/36
f 4493/273/34 4491/461/34 4490/462/34 4492/265/34
f 4496/273/38 4494/461/38 4495/462/38 4497/265/38
f 4490/461/31 4491/463/31 4495/464/31 4494/462/31
f 4493/461/1 4492/463/1 4496/464/1 4497/462/1
f 4492/273/32 4490/461/32 4494/462/32 4496/265/32
f 4497/273/36 4495/461/36 4491/462/36 4493/265/36
f 4501/465/34 4499/466/34 4498/467/34 4500/468/34
f 4504/465/38 4502/466/38 4503/467/38 4505/468/38
f 4498/466/31 4499/469/31 4503/470/31 4502/467/31
f 4501/466/1 4500/469/1 4504/470/1 4505/467/1
f 4500/465/32 4498/466/32 4502/467/32 4504/468/32
f 4505/465/36 4503/466/36 4499/467/36 4501/468/36
f 4506/163/68 4507/464/68 4509/464/68 4508/163/68
f 4511/163/68 4510/464/68 4512/464/68 4513/163/68
f 4510/163/32 4506/464/32 4508/464/32 4512/163/32
f 4507/163/32 4511/464/32 4513/464/32 4509/163/32
f 4517/475/34 4515/476/34 4514/477/34 4516/478/34
f 4520/475/38 4518/476/38 4519/477/38 4521/478/38
f 4516/475/32 4514/476/32 4518/477/32 4520/478/32
f 4521/475/36 4519/476/36 4515/477/36 4517/478/36
f 4525/475/34 4523/476/34 4522/477/34 4524/478/34
f 4528/475/38 4526/476/38 4527/477/38 4529/478/38
f 4522/479/31 4523/480/31 4527/481/31 4526/482/31
f 4524/475/32 4522/476/32 4526/477/32 4528/478/32
f 4529/475/36 4527/476/36 4523/477/36 4525/478/36
f 4533/475/34 4531/476/34 4530/477/34 4532/478/34
f 4536/475/38 4534/476/38 4535/477/38 4537/478/38
f 4533/479/1 4532/480/1 4536/481/1 4537/482/1
f 4532/475/32 4530/476/32 4534/477/32 4536/478/32
f 4537/475/36 4535/476/36 4531/477/36 4533/478/36
f 4538/376/36 4539/377/36 4541/378/36 4540/379/36
f 4543/165/32 4542/380/32 4544/381/32 4545/382/32
f 4543/383/34 4539/384/34 4538/385/34 4542/386/34
f 4544/383/38 4540/384/38 4541/385/38 4545/386/38
f 4542/387/55 4538/154/55 4540/388/55 4544/386/55
f 4539/154/54 4543/387/54 4545/386/54 4541/388/54
f 4546/376/36 4547/377/36 4549/378/36 4548/379/36
f 4551/165/32 4550/380/32 4552/381/32 4553/382/32
f 4551/383/34 4547/384/34 4546/385/34 4550/386/34
f 4552/383/38 4548/384/38 4549/385/38 4553/386/38
f 4550/387/55 4546/154/55 4548/388/55 4552/386/55
f 4547/154/54 4551/387/54 4553/386/54 4549/388/54
f 4554/376/36 4555/377/36 4557/378/36 4556/379/36
f 4559/165/32 4558/380/32 4560/381/32 4561/382/32
f 4559/383/34 4555/384/34 4554/385/34 4558/386/34
f 4560/383/38 4556/384/38 4557/385/38 4561/386/38
f 4558/387/55 4554/154/55 4556/388/55 4560/386/55
f 4555/154/54 4559/387/54 4561/386/54 4557/388/54
f 4562/376/36 4563/377/36 4565/378/36 4564/379/36
f 4567/165/32 4566/380/32 4568/381/32 4569/382/32
f 4567/383/34 4563/384/34 4562/385/34 4566/386/34
f 4568/383/38 4564/384/38 4565/385/38 4569/386/38
f 4566/387/55 4562/154/55 4564/388/55 4568/386/55
f 4563/154/54 4567/387/54 4569/386/54 4565/388/54
f 4570/376/36 4571/377/36 4573/378/36 4572/379/36
f 4575/165/32 4574/380/32 4576/381/32 4577/382/32
f 4575/383/34 4571/384/34 4570/385/34 4574/386/34
f 4576/383/38 4572/384/38 4573/385/38 4577/386/38
f 4574/387/55 4570/154/55 4572/388/55 4576/386/55
f 4571/154/54 4575/387/54 4577/386/54 4573/388/54
f 4578/376/36 4579/377/36 4581/378/36 4580/379/36
f 4583/165/32 4582/380/32 4584/381/32 4585/382/32
f 4583/383/34 4579/384/34 4578/385/34 4582/386/34
f 4584/383/38 4580/384/38 4581/385/38 4585/386/38
f 4582/387/55 4578/154/55 4580/388/55 4584/386/55
f 4579/154/54 4583/387/54 4585/386/54 4581/388/54
f 4586/376/36 4587/377/36 4589/378/36 4588/379/36
f 4591/165/32 4590/380/32 4592/381/32 4593/382/32
f 4591/383/34 4587/384/34 4586/385/34 4590/386/34
f 4592/383/38 4588/384/38 4589/385/38 4593/386/38
f 4590/387/55 4586/154/55 4588/388/55 4592/386/55
f 4587/154/54 4591/387/54 4593/386/54 4589/388/54
f 4594/376/36 4595/377/36 4597/378/36 4596/379/36
f 4599/165/32 4598/380/32 4600/381/32 4601/382/32
f 4599/383/34 4595/384/34 4594/385/34 4598/386/34
f 4600/383/38 4596/384/38 4597/385/38 4601/386/38
f 4598/387/55 4594/154/55 4596/388/55 4600/386/55
f 4595/154/54 4599/387/54 4601/386/54 4597/388/54
f 4602/376/36 4603/377/36 4605/378/36 4604/379/36
f 4607/165/32 4606/380/32 4608/381/32 4609/382/32
f 4607/383/34 4603/384/34 4602/385/34 4606/386/34
f 4608/383/38 4604/384/38 4605/385/38 4609/386/38
f 4606/387/55 4602/154/55 4604/388/55 4608/386/55
f 4603/154/54 4607/387/54 4609/386/54 4605/388/54
f 4610/376/36 4611/377/36 4613/378/36 4612/379/36
f 4615/165/32 4614/380/32 4616/381/32 4617/382/32
f 4615/383/34 4611/384/34 4610/385/34 4614/386/34
f 4616/383/38 4612/384/38 4613/385/38 4617/386/38
f 4614/387/55 4610/154/55 4612/388/55 4616/386/55
f 4611/154/54 4615/387/54 4617/386/54 4613/388/54
f 4618/376/36 4619/377/36 4621/378/36 4620/379/36
f 4623/165/32 4622/380/32 4624/381/32 4625/382/32
f 4623/383/34 4619/384/34 4618/385/34 4622/386/34
f 4624/383/38 4620/384/38 4621/385/38 4625/386/38
f 4622/387/55 4618/154/55 4620/388/55 4624/386/55
f 4619/154/54 4623/387/54 4625/386/54 4621/388/54
f 4626/376/36 4627/377/36 4629/378/36 4628/379/36
f 4631/165/32 4630/380/32 4632/381/32 4633/382/32
f 4631/383/34 4627/384/34 4626/385/34 4630/386/34
f 4632/383/38 4628/384/38 4629/385/38 4633/386/38
f 4630/387/55 4626/154/55 4628/388/55 4632/386/55
f 4627/154/54 4631/387/54 4633/386/54 4629/388/54
f 4634/376/36 4635/377/36 4637/378/36 4636/379/36
f 4639/165/32 4638/380/32 4640/381/32 4641/382/32
f 4639/383/34 4635/384/34 4634/385/34 4638/386/34
f 4640/383/38 4636/384/38 4637/385/38 4641/386/38
f 4638/387/55 4634/154/55 4636/388/55 4640/386/55
f 4635/154/54 4639/387/54 4641/386/54 4637/388/54
f 4642/376/36 4643/377/36 4645/378/36 4644/379/36
f 4647/165/32 4646/380/32 4648/381/32 4649/382/32
f 4647/383/34 4643/384/34 4642/385/34 4646/386/34
f 4648/383/38 4644/384/38 4645/385/38 4649/386/38
f 4646/387/55 4642/154/55 4644/388/55 4648/386/55
f 4643/154/54 4647/387/54 4649/386/54 4645/388/54
f 4650/376/36 4651/377/36 4653/378/36 4652/379/36
f 4655/165/32 4654/380/32 4656/381/32 4657/382/32
f 4655/383/34 4651/384/34 4650/385/34 4654/386/34
f 4656/383/38 4652/384/38 4653/385/38 4657/386/38
f 4654/387/55 4650/154/55 4652/388/55 4656/386/55
f 4651/154/54 4655/387/54 4657/386/54 4653/388/54
f 4661/378/32 4659/377/32 4658/376/32 4660/379/32
f 4664/381/36 4662/380/36 4663/165/36 4665/382/36
f 4658/385/34 4659/384/34 4663/383/34 4662/386/34
f 4661/385/38 4660/384/38 4664/383/38 4665/386/38
f 4660/388/53 4658/154/53 4662/387/53 4664/386/53
f 4665/386/52 4663/387/52 4659/154/52 4661/388/52
f 4669/378/32 4667/377/32 4666/376/32 4668/379/32
f 4672/381/36 4670/380/36 4671/165/36 4673/382/36
f 4666/385/34 4667/384/34 4671/383/34 4670/386/34
f 4669/385/38 4668/384/38 4672/383/38 4673/386/38
f 4668/388/53 4666/154/53 4670/387/53 4672/386/53
f 4673/386/52 4671/387/52 4667/154/52 4669/388/52
f 4677/378/32 4675/377/32 4674/376/32 4676/379/32
f 4680/381/36 4678/380/36 4679/165/36 4681/382/36
f 4674/385/34 4675/384/34 4679/383/34 4678/386/34
f 4677/385/38 4676/384/38 4680/383/38 4681/386/38
f 4676/388/53 4674/154/53 4678/387/53 4680/386/53
f 4681/386/52 4679/387/52 4675/154/52 4677/388/52
f 4685/378/32 4683/377/32 4682/376/32 4684/379/32
f 4688/381/36 4686/380/36 4687/165/36 4689/382/36
f 4682/385/34 4683/384/34 4687/383/34 4686/386/34
f 4685/385/38 4684/384/38 4688/383/38 4689/386/38
f 4684/388/53 4682/154/53 4686/387/53 4688/386/53
f 4689/386/52 4687/387/52 4683/154/52 4685/388/52
f 4693/378/32 4691/377/32 4690/376/32 4692/379/32
f 4696/381/36 4694/380/36 4695/165/36 4697/382/36
f 4690/385/34 4691/384/34 4695/383/34 4694/386/34
f 4693/385/38 4692/384/38 4696/383/38 4697/386/38
f 4692/388/53 4690/154/53 4694/387/53 4696/386/53
f 4697/386/52 4695/387/52 4691/154/52 4693/388/52
f 4701/378/32 4699/377/32 4698/376/32 4700/379/32
f 4704/381/36 4702/380/36 4703/165/36 4705/382/36
f 4698/385/34 4699/384/34 4703/383/34 4702/386/34
f 4701/385/38 4700/384/38 4704/383/38 4705/386/38
f 4700/388/53 4698/154/53 4702/387/53 4704/386/53
f 4705/386/52 4703/387/52 4699/154/52 4701/388/52
f 4709/378/32 4707/377/32 4706/376/32 4708/379/32
f 4712/381/36 4710/380/36 4711/165/36 4713/382/36
f 4706/385/34 4707/384/34 4711/383/34 4710/386/34
f 4709/385/38 4708/384/38 4712/383/38 4713/386/38
f 4708/388/53 4706/154/53 4710/387/53 4712/386/53
f 4713/386/52 4711/387/52 4707/154/52 4709/388/52
f 4717/378/32 4715/377/32 4714/376/32 4716/379/32
f 4720/381/36 4718/380/36 4719/165/36 4721/382/36
f 4714/385/34 4715/384/34 4719/383/34 4718/386/34
f 4717/385/38 4716/384/38 4720/383/38 4721/386/38
f 4716/388/53 4714/154/53 4718/387/53 4720/386/53
f 4721/386/52 4719/387/52 4715/154/52 4717/388/52
f 4725/378/32 4723/377/32 4722/376/32 4724/379/32
f 4728/381/36 4726/380/36 4727/165/36 4729/382/36
f 4722/385/34 4723/384/34 4727/383/34 4726/386/34
f 4725/385/38 4724/384/38 4728/383/38 4729/386/38
f 4724/388/53 4722/154/53 4726/387/53 4728/386/53
f 4729/386/52 4727/387/52 4723/154/52 4725/388/52
f 4733/378/32 4731/377/32 4730/376/32 4732/379/32
f 4736/381/36 4734/380/36 4735/165/36 4737/382/36
f 4730/385/34 4731/384/34 4735/383/34 4734/386/34
f 4733/385/38 4732/384/38 4736/383/38 4737/386/38
f 4732/388/53 4730/154/53 4734/387/53 4736/386/53
f 4737/386/52 4735/387/52 4731/154/52 4733/388/52
f 4741/378/32 4739/377/32 4738/376/32 4740/379/32
f 4744/381/36 4742/380/36 4743/165/36 4745/382/36
f 4738/385/34 4739/384/34 4743/383/34 4742/386/34
f 4741/385/38 4740/384/38 4744/383/38 4745/386/38
f 4740/388/53 4738/154/53 4742/387/53 4744/386/53
f 4745/386/52 4743/387/52 4739/154/52 4741/388/52
f 4749/378/32 4747/377/32 4746/376/32 4748/379/32
f 4752/381/36 4750/380/36 4751/165/36 4753/382/36
f 4746/385/34 4747/384/34 4751/383/34 4750/386/34
f 4749/385/38 4748/384/38 4752/383/38 4753/386/38
f 4748/388/53 4746/154/53 4750/387/53 4752/386/53
f 4753/386/52 4751/387/52 4747/154/52 4749/388/52
f 4757/378/32 4755/377/32 4754/376/32 4756/379/32
f 4760/381/36 4758/380/36 4759/165/36 4761/382/36
f 4754/385/34 4755/384/34 4759/383/34 4758/386/34
f 4757/385/38 4756/384/38 4760/383/38 4761/386/38
f 4756/388/53 4754/154/53 4758/387/53 4760/386/53
f 4761/386/52 4759/387/52 4755/154/52 4757/388/52
f 4765/378/32 4763/377/32 4762/376/32 4764/379/32
f 4768/381/36 4766/380/36 4767/165/36 4769/382/36
f 4762/385/34 4763/384/34 4767/383/34 4766/386/34
f 4765/385/38 4764/384/38 4768/383/38 4769/386/38
f 4764/388/53 4762/154/53 4766/387/53 4768/386/53
f 4769/386/52 4767/387/52 4763/154/52 4765/388/52
f 4773/378/32 4771/377/32 4770/376/32 4772/379/32
f 4776/381/36 4774/380/36 4775/165/36 4777/382/36
f 4770/385/34 4771/384/34 4775/383/34 4774/386/34
f 4773/385/38 4772/384/38 4776/383/38 4777/386/38
f 4772/388/53 4770/154/53 4774/387/53 4776/386/53
f 4777/386/52 4775/387/52 4771/154/52 4773/388/52
f 4781/475/34 4779/476/34 4778/477/34 4780/478/34
f 4784/475/38 4782/476/38 4783/477/38 4785/478/38
f 4780/475/32 4778/476/32 4782/477/32 4784/478/32
f 4785/475/36 4783/476/36 4779/477/36 4781/478/36
f 4789/475/34 4787/476/34 4786/477/34 4788/478/34
f 4792/475/38 4790/476/38 4791/477/38 4793/478/38
f 4786/479/31 4787/480/31 4791/481/31 4790/482/31
f 4788/475/32 4786/476/32 4790/477/32 4792/478/32
f 4793/475/36 4791/476/36 4787/477/36 4789/478/36
f 4797/475/34 4795/476/34 4794/477/34 4796/478/34
f 4800/475/38 4798/476/38 4799/477/38 4801/478/38
f 4797/479/1 4796/480/1 4800/481/1 4801/482/1
f 4796/475/32 4794/476/32 4798/477/32 4800/478/32
f 4801/475/36 4799/476/36 4795/477/36 4797/478/36
f 4802/376/36 4803/377/36 4805/378/36 4804/379/36
f 4807/165/32 4806/380/32 4808/381/32 4809/382/32
f 4807/383/34 4803/384/34 4802/385/34 4806/386/34
f 4808/383/38 4804/384/38 4805/385/38 4809/386/38
f 4806/387/55 4802/154/55 4804/388/55 4808/386/55
f 4803/154/54 4807/387/54 4809/386/54 4805/388/54
f 4810/376/36 4811/377/36 4813/378/36 4812/379/36
f 4815/165/32 4814/380/32 4816/381/32 4817/382/32
f 4815/383/34 4811/384/34 4810/385/34 4814/386/34
f 4816/383/38 4812/384/38 4813/385/38 4817/386/38
f 4814/387/55 4810/154/55 4812/388/55 4816/386/55
f 4811/154/54 4815/387/54 4817/386/54 4813/388/54
f 4818/376/36 4819/377/36 4821/378/36 4820/379/36
f 4823/165/32 4822/380/32 4824/381/32 4825/382/32
f 4823/383/34 4819/384/34 4818/385/34 4822/386/34
f 4824/383/38 4820/384/38 4821/385/38 4825/386/38
f 4822/387/55 4818/154/55 4820/388/55 4824/386/55
f 4819/154/54 4823/387/54 4825/386/54 4821/388/54
f 4826/376/36 4827/377/36 4829/378/36 4828/379/36
f 4831/165/32 4830/380/32 4832/381/32 4833/382/32
f 4831/383/34 4827/384/34 4826/385/34 4830/386/34
f 4832/383/38 4828/384/38 4829/385/38 4833/386/38
f 4830/387/55 4826/154/55 4828/388/55 4832/386/55
f 4827/154/54 4831/387/54 4833/386/54 4829/388/54
f 4834/376/36 4835/377/36 4837/378/36 4836/379/36
f 4839/165/32 4838/380/32 4840/381/32 4841/382/32
f 4839/383/34 4835/384/34 4834/385/34 4838/386/34
f 4840/383/38 4836/384/38 4837/385/38 4841/386/38
f 4838/387/55 4834/154/55 4836/388/55 4840/386/55
f 4835/154/54 4839/387/54 4841/386/54 4837/388/54
f 4842/376/36 4843/377/36 4845/378/36 4844/379/36
f 4847/165/32 4846/380/32 4848/381/32 4849/382/32
f 4847/383/34 4843/384/34 4842/385/34 4846/386/34
f 4848/383/38 4844/384/38 4845/385/38 4849/386/38
f 4846/387/55 4842/154/55 4844/388/55 4848/386/55
f 4843/154/54 4847/387/54 4849/386/54 4845/388/54
f 4850/376/36 4851/377/36 4853/378/36 4852/379/36
f 4855/165/32 4854/380/32 4856/381/32 4857/382/32
f 4855/383/34 4851/384/34 4850/385/34 4854/386/34
f 4856/383/38 4852/384/38 4853/385/38 4857/386/38
f 4854/387/55 4850/154/55 4852/388/55 4856/386/55
f 4851/154/54 4855/387/54 4857/386/54 4853/388/54
f 4858/376/36 4859/377/36 4861/378/36 4860/379/36
f 4863/165/32 4862/380/32 4864/381/32 4865/382/32
f 4863/383/34 4859/384/34 4858/385/34 4862/386/34
f 4864/383/38 4860/384/38 4861/385/38 4865/386/38
f 4862/387/55 4858/154/55 4860/388/55 4864/386/55
f 4859/154/54 4863/387/54 4865/386/54 4861/388/54
f 4866/376/36 4867/377/36 4869/378/36 4868/379/36
f 4871/165/32 4870/380/32 4872/381/32 4873/382/32
f 4871/383/34 4867/384/34 4866/385/34 4870/386/34
f 4872/383/38 4868/384/38 4869/385/38 4873/386/38
f 4870/387/55 4866/154/55 4868/388/55 4872/386/55
f 4867/154/54 4871/387/54 4873/386/54 4869/388/54
f 4874/376/36 4875/377/36 4877/378/36 4876/379/36
f 4879/165/32 4878/380/32 4880/381/32 4881/382/32
f 4879/383/34 4875/384/34 4874/385/34 4878/386/34
f 4880/383/38 4876/384/38 4877/385/38 4881/386/38
f 4878/387/55 4874/154/55 4876/388/55 4880/386/55
f 4875/154/54 4879/387/54 4881/386/54 4877/388/54
f 4882/376/36 4883/377/36 4885/378/36 4884/379/36
f 4887/165/32 4886/380/32 4888/381/32 4889/382/32
f 4887/383/34 4883/384/34 4882/385/34 4886/386/34
f 4888/383/38 4884/384/38 4885/385/38 4889/386/38
f 4886/387/55 4882/154/55 4884/388/55 4888/386/55
f 4883/154/54 4887/387/54 4889/386/54 4885/388/54
f 4890/376/36 4891/377/36 4893/378/36 4892/379/36
f 4895/165/32 4894/380/32 4896/381/32 4897/382/32
f 4895/383/34 4891/384/34 4890/385/34 4894/386/34
f 4896/383/38 4892/384/38 4893/385/38 4897/386/38
f 4894/387/55 4890/154/55 4892/388/55 4896/386/55
f 4891/154/54 4895/387/54 4897/386/54 4893/388/54
f 4898/376/36 4899/377/36 4901/378/36 4900/379/36
f 4903/165/32 4902/380/32 4904/381/32 4905/382/32
f 4903/383/34 4899/384/34 4898/385/34 4902/386/34
f 4904/383/38 4900/384/38 4901/385/38 4905/386/38
f 4902/387/55 4898/154/55 4900/388/55 4904/386/55
f 4899/154/54 4903/387/54 4905/386/54 4901/388/54
f 4906/376/36 4907/377/36 4909/378/36 4908/379/36
f 4911/165/32 4910/380/32 4912/381/32 4913/382/32
f 4911/383/34 4907/384/34 4906/385/34 4910/386/34
f 4912/383/38 4908/384/38 4909/385/38 4913/386/38
f 4910/387/55 4906/154/55 4908/388/55 4912/386/55
f 4907/154/54 4911/387/54 4913/386/54 4909/388/54
f 4914/376/36 4915/377/36 4917/378/36 4916/379/36
f 4919/165/32 4918/380/32 4920/381/32 4921/382/32
f 4919/383/34 4915/384/34 4914/385/34 4918/386/34
f 4920/383/38 4916/384/38 4917/385/38 4921/386/38
f 4918/387/55 4914/154/55 4916/388/55 4920/386/55
f 4915/154/54 4919/387/54 4921/386/54 4917/388/54
f 4925/378/32 4923/377/32 4922/376/32 4924/379/32
f 4928/381/36 4926/380/36 4927/165/36 4929/382/36
f 4922/385/34 4923/384/34 4927/383/34 4926/386/34
f 4925/385/38 4924/384/38 4928/383/38 4929/386/38
f 4924/388/53 4922/154/53 4926/387/53 4928/386/53
f 4929/386/52 4927/387/52 4923/154/52 4925/388/52
f 4933/378/32 4931/377/32 4930/376/32 4932/379/32
f 4936/381/36 4934/380/36 4935/165/36 4937/382/36
f 4930/385/34 4931/384/34 4935/383/34 4934/386/34
f 4933/385/38 4932/384/38 4936/383/38 4937/386/38
f 4932/388/53 4930/154/53 4934/387/53 4936/386/53
f 4937/386/52 4935/387/52 4931/154/52 4933/388/52
f 4941/378/32 4939/377/32 4938/376/32 4940/379/32
f 4944/381/36 4942/380/36 4943/165/36 4945/382/36
f 4938/385/34 4939/384/34 4943/383/34 4942/386/34
f 4941/385/38 4940/384/38 4944/383/38 4945/386/38
f 4940/388/53 4938/154/53 4942/387/53 4944/386/53
f 4945/386/52 4943/387/52 4939/154/52 4941/388/52
f 4949/378/32 4947/377/32 4946/376/32 4948/379/32
f 4952/381/36 4950/380/36 4951/165/36 4953/382/36
f 4946/385/34 4947/384/34 4951/383/34 4950/386/34
f 4949/385/38 4948/384/38 4952/383/38 4953/386/38
f 4948/388/53 4946/154/53 4950/387/53 4952/386/53
f 4953/386/52 4951/387/52 4947/154/52 4949/388/52
f 4957/378/32 4955/377/32 4954/376/32 4956/379/32
f 4960/381/36 4958/380/36 4959/165/36 4961/382/36
f 4954/385/34 4955/384/34 4959/383/34 4958/386/34
f 4957/385/38 4956/384/38 4960/383/38 4961/386/38
f 4956/388/53 4954/154/53 4958/387/53 4960/386/53
f 4961/386/52 4959/387/52 4955/154/52 4957/388/52
f 4965/378/32 4963/377/32 4962/376/32 4964/379/32
f 4968/381/36 4966/380/36 4967/165/36 4969/382/36
f 4962/385/34 4963/384/34 4967/383/34 4966/386/34
f 4965/385/38 4964/384/38 4968/383/38 4969/386/38
f 4964/388/53 4962/154/53 4966/387/53 4968/386/53
f 4969/386/52 4967/387/52 4963/154/52 4965/388/52
f 4973/378/32 4971/377/32 4970/376/32 4972/379/32
f 4976/381/36 4974/380/36 4975/165/36 4977/382/36
f 4970/385/34 4971/384/34 4975/383/34 4974/386/34
f 4973/385/38 4972/384/38 4976/383/38 4977/386/38
f 4972/388/53 4970/154/53 4974/387/53 4976/386/53
f 4977/386/52 4975/387/52 4971/154/52 4973/388/52
f 4981/378/32 4979/377/32 4978/376/32 4980/379/32
f 4984/381/36 4982/380/36 4983/165/36 4985/382/36
f 4978/385/34 4979/384/34 4983/383/34 4982/386/34
f 4981/385/38 4980/384/38 4984/383/38 4985/386/38
f 4980/388/53 4978/154/53 4982/387/53 4984/386/53
f 4985/386/52 4983/387/52 4979/154/52 4981/388/52
f 4989/378/32 4987/377/32 4986/376/32 4988/379/32
f 4992/381/36 4990/380/36 4991/165/36 4993/382/36
f 4986/385/34 4987/384/34 4991/383/34 4990/386/34
f 4989/385/38 4988/384/38 4992/383/38 4993/386/38
f 4988/388/53 4986/154/53 4990/387/53 4992/386/53
f 4993/386/52 4991/387/52 4987/154/52 4989/388/52
f 4997/378/32 4995/377/32 4994/376/32 4996/379/32
f 5000/381/36 4998/380/36 4999/165/36 5001/382/36
f 4994/385/34 4995/384/34 4999/383/34 4998/386/34
f 4997/385/38 4996/384/38 5000/383/38 5001/386/38
f 4996/388/53 4994/154/53 4998/387/53 5000/386/53
f 5001/386/52 4999/387/52 4995/154/52 4997/388/52
f 5005/378/32 5003/377/32 5002/376/32 5004/379/32
f 5008/381/36 5006/380/36 5007/165/36 5009/382/36
f 5002/385/34 5003/384/34 5007/383/34 5006/386/34
f 5005/385/38 5004/384/38 5008/383/38 5009/386/38
f 5004/388/53 5002/154/53 5006/387/53 5008/386/53
f 5009/386/52 5007/387/52 5003/154/52 5005/388/52
f 5013/378/32 5011/377/32 5010/376/32 5012/379/32
f 5016/381/36 5014/380/36 5015/165/36 5017/382/36
f 5010/385/34 5011/384/34 5015/383/34 5014/386/34
f 5013/385/38 5012/384/38 5016/383/38 5017/386/38
f 5012/388/53 5010/154/53 5014/387/53 5016/386/53
f 5017/386/52 5015/387/52 5011/154/52 5013/388/52
f 5021/378/32 5019/377/32 5018/376/32 5020/379/32
f 5024/381/36 5022/380/36 5023/165/36 5025/382/36
f 5018/385/34 5019/384/34 5023/383/34 5022/386/34
f 5021/385/38 5020/384/38 5024/383/38 5025/386/38
f 5020/388/53 5018/154/53 5022/387/53 5024/386/53
f 5025/386/52 5023/387/52 5019/154/52 5021/388/52
f 5029/378/32 5027/377/32 5026/376/32 5028/379/32
f 5032/381/36 5030/380/36 5031/165/36 5033/382/36
f 5026/385/34 5027/384/34 5031/383/34 5030/386/34
f 5029/385/38 5028/384/38 5032/383/38 5033/386/38
f 5028/388/53 5026/154/53 5030/387/53 5032/386/53
f 5033/386/52 5031/387/52 5027/154/52 5029/388/52
f 5037/378/32 5035/377/32 5034/376/32 5036/379/32
f 5040/381/36 5038/380/36 5039/165/36 5041/382/36
f 5034/385/34 5035/384/34 5039/383/34 5038/386/34
f 5037/385/38 5036/384/38 5040/383/38 5041/386/38
f 5036/388/53 5034/154/53 5038/387/53 5040/386/53
f 5041/386/52 5039/387/52 5035/154/52 5037/388/52
f 5045/273/34 5043/461/34 5042/462/34 5044/265/34
f 5048/273/38 5046/461/38 5047/462/38 5049/265/38
f 5042/461/31 5043/463/31 5047/464/31 5046/462/31
f 5045/461/1 5044/463/1 5048/464/1 5049/462/1
f 5044/273/32 5042/461/32 5046/462/32 5048/265/32
f 5049/273/36 5047/461/36 5043/462/36 5045/265/36
f 5053/465/34 5051/466/34 5050/467/34 5052/468/34
f 5056/465/38 5054/466/38 5055/467/38 5057/468/38
f 5050/466/31 5051/469/31 5055/470/31 5054/467/31
f 5053/466/1 5052/469/1 5056/470/1 5057/467/1
f 5052/465/32 5050/466/32 5054/467/32 5056/468/32
f 5057/465/36 5055/466/36 5051/467/36 5053/468/36
f 5061/273/34 5059/461/34 5058/462/34 5060/265/34
f 5064/273/38 5062/461/38 5063/462/38 5065/265/38
f 5058/461/31 5059/463/31 5063/464/31 5062/462/31
f 5061/461/1 5060/463/1 5064/464/1 5065/462/1
f 5060/273/32 5058/461/32 5062/462/32 5064/265/32
f 5065/273/36 5063/461/36 5059/462/36 5061/265/36
f 5069/465/34 5067/466/34 5066/467/34 5068/468/34
f 5072/465/38 5070/466/38 5071/467/38 5073/468/38
f 5066/466/31 5067/469/31 5071/470/31 5070/467/31
f 5069/466/1 5068/469/1 5072/470/1 5073/467/1
f 5068/465/32 5066/466/32 5070/467/32 5072/468/32
f 5073/465/36 5071/466/36 5067/467/36 5069/468/36
f 5077/273/34 5075/461/34 5074/462/34 5076/265/34
f 5080/273/38 5078/461/38 5079/462/38 5081/265/38
f 5074/461/31 5075/463/31 5079/464/31 5078/462/31
f 5077/461/1 5076/463/1 5080/464/1 5081/462/1
f 5076/273/32 5074/461/32 5078/462/32 5080/265/32
f 5081/273/36 5079/461/36 5075/462/36 5077/265/36
f 5085/465/34 5083/466/34 5082/467/34 5084/468/34
f 5088/465/38 5086/466/38 5087/467/38 5089/468/38
f 5082/466/31 5083/469/31 5087/470/31 5086/467/31
f 5085/466/1 5084/469/1 5088/470/1 5089/467/1
f 5084/465/32 5082/466/32 5086/467/32 5088/468/32
f 5089/465/36 5087/466/36 5083/467/36 5085/468/36
f 5093/273/34 5091/461/34 5090/462/34 5092/265/34
f 5096/273/38 5094/461/38 5095/462/38 5097/265/38
f 5093/461/1 5092/463/1 5096/464/1 5097/462/1
f 5092/273/32 5090/461/32 5094/462/32 5096/265/32
f 5097/273/36 5095/461/36 5091/462/36 5093/265/36
f 5101/465/34 5099/466/34 5098/467/34 5100/468/34
f 5104/465/38 5102/466/38 5103/467/38 5105/468/38
f 5098/466/31 5099/469/31 5103/470/31 5102/467/31
f 5101/466/1 5100/469/1 5104/470/1 5105/467/1
f 5100/465/32 5098/466/32 5102/467/32 5104/468/32
f 5105/465/36 5103/466/36 5099/467/36 5101/468/36
f 5109/273/34 5107/461/34 5106/462/34 5108/265/34
f 5112/273/38 5110/461/38 5111/462/38 5113/265/38
f 5106/461/31 5107/463/31 5111/464/31 5110/462/31
f 5109/461/1 5108/463/1 5112/464/1 5113/462/1
f 5108/273/32 5106/461/32 5110/462/32 5112/265/32
f 5113/273/36 5111/461/36 5107/462/36 5109/265/36
f 5117/465/34 5115/466/34 5114/467/34 5116/468/34
f 5120/465/38 5118/466/38 5119/467/38 5121/468/38
f 5114/466/31 5115/469/31 5119/470/31 5118/467/31
f 5117/466/1 5116/469/1 5120/470/1 5121/467/1
f 5116/465/32 5114/466/32 5118/467/32 5120/468/32
f 5121/465/36 5119/466/36 5115/467/36 5117/468/36
f 5122/163/68 5123/464/68 5125/464/68 5124/163/68
f 5127/163/68 5126/464/68 5128/464/68 5129/163/68
f 5126/163/32 5122/464/32 5124/464/32 5128/163/32
f 5123/163/32 5127/464/32 5129/464/32 5125/163/32
f 5133/475/34 5131/476/34 5130/477/34 5132/478/34
f 5136/475/38 5134/476/38 5135/477/38 5137/478/38
f 5132/475/32 5130/476/32 5134/477/32 5136/478/32
f 5137/475/36 5135/476/36 5131/477/36 5133/478/36
f 5141/475/34 5139/476/34 5138/477/34 5140/478/34
f 5144/475/38 5142/476/38 5143/477/38 5145/478/38
f 5138/479/31 5139/480/31 5143/481/31 5142/482/31
f 5140/475/32 5138/476/32 5142/477/32 5144/478/32
f 5145/475/36 5143/476/36 5139/477/36 5141/478/36
f 5149/475/34 5147/476/34 5146/477/34 5148/478/34
f 5152/475/38 5150/476/38 5151/477/38 5153/478/38
f 5149/479/1 5148/480/1 5152/481/1 5153/482/1
f 5148/475/32 5146/476/32 5150/477/32 5152/478/32
f 5153/475/36 5151/476/36 5147/477/36 5149/478/36
f 5154/376/36 5155/377/36 5157/378/36 5156/379/36
f 5159/165/32 5158/380/32 5160/381/32 5161/382/32
f 5159/383/34 5155/384/34 5154/385/34 5158/386/34
f 5160/383/38 5156/384/38 5157/385/38 5161/386/38
f 5158/387/55 5154/154/55 5156/388/55 5160/386/55
f 5155/154/54 5159/387/54 5161/386/54 5157/388/54
f 5162/376/36 5163/377/36 5165/378/36 5164/379/36
f 5167/165/32 5166/380/32 5168/381/32 5169/382/32
f 5167/383/34 5163/384/34 5162/385/34 5166/386/34
f 5168/383/38 5164/384/38 5165/385/38 5169/386/38
f 5166/387/55 5162/154/55 5164/388/55 5168/386/55
f 5163/154/54 5167/387/54 5169/386/54 5165/388/54
f 5170/376/36 5171/377/36 5173/378/36 5172/379/36
f 5175/165/32 5174/380/32 5176/381/32 5177/382/32
f 5175/383/34 5171/384/34 5170/385/34 5174/386/34
f 5176/383/38 5172/384/38 5173/385/38 5177/386/38
f 5174/387/55 5170/154/55 5172/388/55 5176/386/55
f 5171/154/54 5175/387/54 5177/386/54 5173/388/54
f 5178/376/36 5179/377/36 5181/378/36 5180/379/36
f 3/165/32 5182/380/32 5183/381/32 5184/382/32
f 3/383/34 5179/384/34 5178/385/34 5182/386/34
f 5183/383/38 5180/384/38 5181/385/38 5184/386/38
f 5182/387/55 5178/154/55 5180/388/55 5183/386/55
f 5179/154/54 3/387/54 5184/386/54 5181/388/54
f 5185/376/36 5186/377/36 5188/378/36 5187/379/36
f 5190/165/32 5189/380/32 5191/381/32 5192/382/32
f 5190/383/34 5186/384/34 5185/385/34 5189/386/34
f 5191/383/38 5187/384/38 5188/385/38 5192/386/38
f 5189/387/55 5185/154/55 5187/388/55 5191/386/55
f 5186/154/54 5190/387/54 5192/386/54 5188/388/54
f 5193/376/36 5194/377/36 5196/378/36 5195/379/36
f 5198/165/32 5197/380/32 5199/381/32 5200/382/32
f 5198/383/34 5194/384/34 5193/385/34 5197/386/34
f 5199/383/38 5195/384/38 5196/385/38 5200/386/38
f 5197/387/55 5193/154/55 5195/388/55 5199/386/55
f 5194/154/54 5198/387/54 5200/386/54 5196/388/54
f 5201/376/36 5202/377/36 5204/378/36 5203/379/36
f 5206/165/32 5205/380/32 5207/381/32 5208/382/32
f 5206/383/34 5202/384/34 5201/385/34 5205/386/34
f 5207/383/38 5203/384/38 5204/385/38 5208/386/38
f 5205/387/55 5201/154/55 5203/388/55 5207/386/55
f 5202/154/54 5206/387/54 5208/386/54 5204/388/54
f 5209/376/36 5210/377/36 5212/378/36 5211/379/36
f 5214/165/32 5213/380/32 5215/381/32 5216/382/32
f 5214/383/34 5210/384/34 5209/385/34 5213/386/34
f 5215/383/38 5211/384/38 5212/385/38 5216/386/38
f 5213/387/55 5209/154/55 5211/388/55 5215/386/55
f 5210/154/54 5214/387/54 5216/386/54 5212/388/54
f 5217/376/36 5218/377/36 5220/378/36 5219/379/36
f 5222/165/32 5221/380/32 5223/381/32 5224/382/32
f 5222/383/34 5218/384/34 5217/385/34 5221/386/34
f 5223/383/38 5219/384/38 5220/385/38 5224/386/38
f 5221/387/55 5217/154/55 5219/388/55 5223/386/55
f 5218/154/54 5222/387/54 5224/386/54 5220/388/54
f 5225/376/36 5226/377/36 5228/378/36 5227/379/36
f 5230/165/32 5229/380/32 5231/381/32 5232/382/32
f 5230/383/34 5226/384/34 5225/385/34 5229/386/34
f 5231/383/38 5227/384/38 5228/385/38 5232/386/38
f 5229/387/55 5225/154/55 5227/388/55 5231/386/55
f 5226/154/54 5230/387/54 5232/386/54 5228/388/54
f 5233/376/36 5234/377/36 5236/378/36 5235/379/36
f 5238/165/32 5237/380/32 5239/381/32 5240/382/32
f 5238/383/34 5234/384/34 5233/385/34 5237/386/34
f 5239/383/38 5235/384/38 5236/385/38 5240/386/38
f 5237/387/55 5233/154/55 5235/388/55 5239/386/55
f 5234/154/54 5238/387/54 5240/386/54 5236/388/54
f 5241/376/36 5242/377/36 5244/378/36 5243/379/36
f 5246/165/32 5245/380/32 5247/381/32 5248/382/32
f 5246/383/34 5242/384/34 5241/385/34 5245/386/34
f 5247/383/38 5243/384/38 5244/385/38 5248/386/38
f 5245/387/55 5241/154/55 5243/388/55 5247/386/55
f 5242/154/54 5246/387/54 5248/386/54 5244/388/54
f 5249/376/36 5250/377/36 5252/378/36 5251/379/36
f 5254/165/32 5253/380/32 5255/381/32 5256/382/32
f 5254/383/34 5250/384/34 5249/385/34 5253/386/34
f 5255/383/38 5251/384/38 5252/385/38 5256/386/38
f 5253/387/55 5249/154/55 5251/388/55 5255/386/55
f 5250/154/54 5254/387/54 5256/386/54 5252/388/54
f 5257/376/36 5258/377/36 5260/378/36 5259/379/36
f 5262/165/32 5261/380/32 5263/381/32 5264/382/32
f 5262/383/34 5258/384/34 5257/385/34 5261/386/34
f 5263/383/38 5259/384/38 5260/385/38 5264/386/38
f 5261/387/55 5257/154/55 5259/388/55 5263/386/55
f 5258/154/54 5262/387/54 5264/386/54 5260/388/54
f 5265/376/36 5266/377/36 5268/378/36 5267/379/36
f 5270/165/32 5269/380/32 5271/381/32 5272/382/32
f 5270/383/34 5266/384/34 5265/385/34 5269/386/34
f 5271/383/38 5267/384/38 5268/385/38 5272/386/38
f 5269/387/55 5265/154/55 5267/388/55 5271/386/55
f 5266/154/54 5270/387/54 5272/386/54 5268/388/54
f 5276/378/32 5274/377/32 5273/376/32 5275/379/32
f 5279/381/36 5277/380/36 5278/165/36 5280/382/36
f 5273/385/34 5274/384/34 5278/383/34 5277/386/34
f 5276/385/38 5275/384/38 5279/383/38 5280/386/38
f 5275/388/53 5273/154/53 5277/387/53 5279/386/53
f 5280/386/52 5278/387/52 5274/154/52 5276/388/52
f 5284/378/32 5282/377/32 5281/376/32 5283/379/32
f 5287/381/36 5285/380/36 5286/165/36 5288/382/36
f 5281/385/34 5282/384/34 5286/383/34 5285/386/34
f 5284/385/38 5283/384/38 5287/383/38 5288/386/38
f 5283/388/53 5281/154/53 5285/387/53 5287/386/53
f 5288/386/52 5286/387/52 5282/154/52 5284/388/52
f 5292/378/32 5290/377/32 5289/376/32 5291/379/32
f 5295/381/36 5293/380/36 5294/165/36 5296/382/36
f 5289/385/34 5290/384/34 5294/383/34 5293/386/34
f 5292/385/38 5291/384/38 5295/383/38 5296/386/38
f 5291/388/53 5289/154/53 5293/387/53 5295/386/53
f 5296/386/52 5294/387/52 5290/154/52 5292/388/52
f 5300/378/32 5298/377/32 5297/376/32 5299/379/32
f 5303/381/36 5301/380/36 5302/165/36 5304/382/36
f 5297/385/34 5298/384/34 5302/383/34 5301/386/34
f 5300/385/38 5299/384/38 5303/383/38 5304/386/38
f 5299/388/53 5297/154/53 5301/387/53 5303/386/53
f 5304/386/52 5302/387/52 5298/154/52 5300/388/52
f 5308/378/32 5306/377/32 5305/376/32 5307/379/32
f 5311/381/36 5309/380/36 5310/165/36 5312/382/36
f 5305/385/34 5306/384/34 5310/383/34 5309/386/34
f 5308/385/38 5307/384/38 5311/383/38 5312/386/38
f 5307/388/53 5305/154/53 5309/387/53 5311/386/53
f 5312/386/52 5310/387/52 5306/154/52 5308/388/52
f 5316/378/32 5314/377/32 5313/376/32 5315/379/32
f 5319/381/36 5317/380/36 5318/165/36 5320/382/36
f 5313/385/34 5314/384/34 5318/383/34 5317/386/34
f 5316/385/38 5315/384/38 5319/383/38 5320/386/38
f 5315/388/53 5313/154/53 5317/387/53 5319/386/53
f 5320/386/52 5318/387/52 5314/154/52 5316/388/52
f 5324/378/32 5322/377/32 5321/376/32 5323/379/32
f 5327/381/36 5325/380/36 5326/165/36 5328/382/36
f 5321/385/34 5322/384/34 5326/383/34 5325/386/34
f 5324/385/38 5323/384/38 5327/383/38 5328/386/38
f 5323/388/53 5321/154/53 5325/387/53 5327/386/53
f 5328/386/52 5326/387/52 5322/154/52 5324/388/52
f 5332/378/32 5330/377/32 5329/376/32 5331/379/32
f 5335/381/36 5333/380/36 5334/165/36 5336/382/36
f 5329/385/34 5330/384/34 5334/383/34 5333/386/34
f 5332/385/38 5331/384/38 5335/383/38 5336/386/38
f 5331/388/53 5329/154/53 5333/387/53 5335/386/53
f 5336/386/52 5334/387/52 5330/154/52 5332/388/52
f 5340/378/32 5338/377/32 5337/376/32 5339/379/32
f 5343/381/36 5341/380/36 5342/165/36 5344/382/36
f 5337/385/34 5338/384/34 5342/383/34 5341/386/34
f 5340/385/38 5339/384/38 5343/383/38 5344/386/38
f 5339/388/53 5337/154/53 5341/387/53 5343/386/53
f 5344/386/52 5342/387/52 5338/154/52 5340/388/52
f 5348/378/32 5346/377/32 5345/376/32 5347/379/32
f 5351/381/36 5349/380/36 5350/165/36 5352/382/36
f 5345/385/34 5346/384/34 5350/383/34 5349/386/34
f 5348/385/38 5347/384/38 5351/383/38 5352/386/38
f 5347/388/53 5345/154/53 5349/387/53 5351/386/53
f 5352/386/52 5350/387/52 5346/154/52 5348/388/52
f 5356/378/32 5354/377/32 5353/376/32 5355/379/32
f 5359/381/36 5357/380/36 5358/165/36 5360/382/36
f 5353/385/34 5354/384/34 5358/383/34 5357/386/34
f 5356/385/38 5355/384/38 5359/383/38 5360/386/38
f 5355/388/53 5353/154/53 5357/387/53 5359/386/53
f 5360/386/52 5358/387/52 5354/154/52 5356/388/52
f 5364/378/32 5362/377/32 5361/376/32 5363/379/32
f 5367/381/36 5365/380/36 5366/165/36 5368/382/36
f 5361/385/34 5362/384/34 5366/383/34 5365/386/34
f 5364/385/38 5363/384/38 5367/383/38 5368/386/38
f 5363/388/53 5361/154/53 5365/387/53 5367/386/53
f 5368/386/52 5366/387/52 5362/154/52 5364/388/52
f 5372/378/32 5370/377/32 5369/376/32 5371/379/32
f 5375/381/36 5373/380/36 5374/165/36 5376/382/36
f 5369/385/34 5370/384/34 5374/383/34 5373/386/34
f 5372/385/38 5371/384/38 5375/383/38 5376/386/38
f 5371/388/53 5369/154/53 5373/387/53 5375/386/53
f 5376/386/52 5374/387/52 5370/154/52 5372/388/52
f 5380/378/32 5378/377/32 5377/376/32 5379/379/32
f 5383/381/36 5381/380/36 5382/165/36 5384/382/36
f 5377/385/34 5378/384/34 5382/383/34 5381/386/34
f 5380/385/38 5379/384/38 5383/383/38 5384/386/38
f 5379/388/53 5377/154/53 5381/387/53 5383/386/53
f 5384/386/52 5382/387/52 5378/154/52 5380/388/52
f 5388/378/32 5386/377/32 5385/376/32 5387/379/32
f 5391/381/36 5389/380/36 5390/165/36 5392/382/36
f 5385/385/34 5386/384/34 5390/383/34 5389/386/34
f 5388/385/38 5387/384/38 5391/383/38 5392/386/38
f 5387/388/53 5385/154/53 5389/387/53 5391/386/53
f 5392/386/52 5390/387/52 5386/154/52 5388/388/52
f 5396/475/34 5394/476/34 5393/477/34 5395/478/34
f 5399/475/38 5397/476/38 5398/477/38 5400/478/38
f 5395/475/32 5393/476/32 5397/477/32 5399/478/32
f 5400/475/36 5398/476/36 5394/477/36 5396/478/36
f 5404/475/34 5402/476/34 5401/477/34 5403/478/34
f 5407/475/38 5405/476/38 5406/477/38 5408/478/38
f 5401/479/31 5402/480/31 5406/481/31 5405/482/31
f 5403/475/32 5401/476/32 5405/477/32 5407/478/32
f 5408/475/36 5406/476/36 5402/477/36 5404/478/36
f 5412/475/34 5410/476/34 5409/477/34 5411/478/34
f 5415/475/38 5413/476/38 5414/477/38 5416/478/38
f 5412/479/1 5411/480/1 5415/481/1 5416/482/1
f 5411/475/32 5409/476/32 5413/477/32 5415/478/32
f 5416/475/36 5414/476/36 5410/477/36 5412/478/36
f 5417/376/36 5418/377/36 5420/378/36 5419/379/36
f 5422/165/32 5421/380/32 5423/381/32 5424/382/32
f 5422/383/34 5418/384/34 5417/385/34 5421/386/34
f 5423/383/38 5419/384/38 5420/385/38 5424/386/38
f 5421/387/55 5417/154/55 5419/388/55 5423/386/55
f 5418/154/54 5422/387/54 5424/386/54 5420/388/54
f 5425/376/36 5426/377/36 5428/378/36 5427/379/36
f 5430/165/32 5429/380/32 5431/381/32 5432/382/32
f 5430/383/34 5426/384/34 5425/385/34 5429/386/34
f 5431/383/38 5427/384/38 5428/385/38 5432/386/38
f 5429/387/55 5425/154/55 5427/388/55 5431/386/55
f 5426/154/54 5430/387/54 5432/386/54 5428/388/54
f 5433/376/36 5434/377/36 5436/378/36 5435/379/36
f 5438/165/32 5437/380/32 5439/381/32 5440/382/32
f 5438/383/34 5434/384/34 5433/385/34 5437/386/34
f 5439/383/38 5435/384/38 5436/385/38 5440/386/38
f 5437/387/55 5433/154/55 5435/388/55 5439/386/55
f 5434/154/54 5438/387/54 5440/386/54 5436/388/54
f 5441/376/36 5442/377/36 5444/378/36 5443/379/36
f 5446/165/32 5445/380/32 5447/381/32 5448/382/32
f 5446/383/34 5442/384/34 5441/385/34 5445/386/34
f 5447/383/38 5443/384/38 5444/385/38 5448/386/38
f 5445/387/55 5441/154/55 5443/388/55 5447/386/55
f 5442/154/54 5446/387/54 5448/386/54 5444/388/54
f 5449/376/36 5450/377/36 5452/378/36 5451/379/36
f 5454/165/32 5453/380/32 5455/381/32 5456/382/32
f 5454/383/34 5450/384/34 5449/385/34 5453/386/34
f 5455/383/38 5451/384/38 5452/385/38 5456/386/38
f 5453/387/55 5449/154/55 5451/388/55 5455/386/55
f 5450/154/54 5454/387/54 5456/386/54 5452/388/54
f 5457/376/36 5458/377/36 5460/378/36 5459/379/36
f 5462/165/32 5461/380/32 5463/381/32 5464/382/32
f 5462/383/34 5458/384/34 5457/385/34 5461/386/34
f 5463/383/38 5459/384/38 5460/385/38 5464/386/38
f 5461/387/55 5457/154/55 5459/388/55 5463/386/55
f 5458/154/54 5462/387/54 5464/386/54 5460/388/54
f 5465/376/36 5466/377/36 5468/378/36 5467/379/36
f 5470/165/32 5469/380/32 5471/381/32 5472/382/32
f 5470/383/34 5466/384/34 5465/385/34 5469/386/34
f 5471/383/38 5467/384/38 5468/385/38 5472/386/38
f 5469/387/55 5465/154/55 5467/388/55 5471/386/55
f 5466/154/54 5470/387/54 5472/386/54 5468/388/54
f 5473/376/36 5474/377/36 5476/378/36 5475/379/36
f 5478/165/32 5477/380/32 5479/381/32 5480/382/32
f 5478/383/34 5474/384/34 5473/385/34 5477/386/34
f 5479/383/38 5475/384/38 5476/385/38 5480/386/38
f 5477/387/55 5473/154/55 5475/388/55 5479/386/55
f 5474/154/54 5478/387/54 5480/386/54 5476/388/54
f 5481/376/36 5482/377/36 5484/378/36 5483/379/36
f 5486/165/32 5485/380/32 5487/381/32 5488/382/32
f 5486/383/34 5482/384/34 5481/385/34 5485/386/34
f 5487/383/38 5483/384/38 5484/385/38 5488/386/38
f 5485/387/55 5481/154/55 5483/388/55 5487/386/55
f 5482/154/54 5486/387/54 5488/386/54 5484/388/54
f 5489/376/36 5490/377/36 5492/378/36 5491/379/36
f 5494/165/32 5493/380/32 5495/381/32 5496/382/32
f 5494/383/34 5490/384/34 5489/385/34 5493/386/34
f 5495/383/38 5491/384/38 5492/385/38 5496/386/38
f 5493/387/55 5489/154/55 5491/388/55 5495/386/55
f 5490/154/54 5494/387/54 5496/386/54 5492/388/54
f 5497/376/36 5498/377/36 5500/378/36 5499/379/36
f 5502/165/32 5501/380/32 5503/381/32 5504/382/32
f 5502/383/34 5498/384/34 5497/385/34 5501/386/34
f 5503/383/38 5499/384/38 5500/385/38 5504/386/38
f 5501/387/55 5497/154/55 5499/388/55 5503/386/55
f 5498/154/54 5502/387/54 5504/386/54 5500/388/54
f 5505/376/36 5506/377/36 5508/378/36 5507/379/36
f 5510/165/32 5509/380/32 5511/381/32 5512/382/32
f 5510/383/34 5506/384/34 5505/385/34 5509/386/34
f 5511/383/38 5507/384/38 5508/385/38 5512/386/38
f 5509/387/55 5505/154/55 5507/388/55 5511/386/55
f 5506/154/54 5510/387/54 5512/386/54 5508/388/54
f 5513/376/36 5514/377/36 5516/378/36 5515/379/36
f 5518/165/32 5517/380/32 5519/381/32 5520/382/32
f 5518/383/34 5514/384/34 5513/385/34 5517/386/34
f 5519/383/38 5515/384/38 5516/385/38 5520/386/38
f 5517/387/55 5513/154/55 5515/388/55 5519/386/55
f 5514/154/54 5518/387/54 5520/386/54 5516/388/54
f 5521/376/36 5522/377/36 5524/378/36 5523/379/36
f 5526/165/32 5525/380/32 5527/381/32 5528/382/32
f 5526/383/34 5522/384/34 5521/385/34 5525/386/34
f 5527/383/38 5523/384/38 5524/385/38 5528/386/38
f 5525/387/55 5521/154/55 5523/388/55 5527/386/55
f 5522/154/54 5526/387/54 5528/386/54 5524/388/54
f 5529/376/36 5530/377/36 5532/378/36 5531/379/36
f 5534/165/32 5533/380/32 5535/381/32 5536/382/32
f 5534/383/34 5530/384/34 5529/385/34 5533/386/34
f 5535/383/38 5531/384/38 5532/385/38 5536/386/38
f 5533/387/55 5529/154/55 5531/388/55 5535/386/55
f 5530/154/54 5534/387/54 5536/386/54 5532/388/54
f 5540/378/32 5538/377/32 5537/376/32 5539/379/32
f 5543/381/36 5541/380/36 5542/165/36 5544/382/36
f 5537/385/34 5538/384/34 5542/383/34 5541/386/34
f 5540/385/38 5539/384/38 5543/383/38 5544/386/38
f 5539/388/53 5537/154/53 5541/387/53 5543/386/53
f 5544/386/52 5542/387/52 5538/154/52 5540/388/52
f 5548/378/32 5546/377/32 5545/376/32 5547/379/32
f 5551/381/36 5549/380/36 5550/165/36 5552/382/36
f 5545/385/34 5546/384/34 5550/383/34 5549/386/34
f 5548/385/38 5547/384/38 5551/383/38 5552/386/38
f 5547/388/53 5545/154/53 5549/387/53 5551/386/53
f 5552/386/52 5550/387/52 5546/154/52 5548/388/52
f 5556/378/32 5554/377/32 5553/376/32 5555/379/32
f 5559/381/36 5557/380/36 5558/165/36 5560/382/36
f 5553/385/34 5554/384/34 5558/383/34 5557/386/34
f 5556/385/38 5555/384/38 5559/383/38 5560/386/38
f 5555/388/53 5553/154/53 5557/387/53 5559/386/53
f 5560/386/52 5558/387/52 5554/154/52 5556/388/52
f 5564/378/32 5562/377/32 5561/376/32 5563/379/32
f 5567/381/36 5565/380/36 5566/165/36 5568/382/36
f 5561/385/34 5562/384/34 5566/383/34 5565/386/34
f 5564/385/38 5563/384/38 5567/383/38 5568/386/38
f 5563/388/53 5561/154/53 5565/387/53 5567/386/53
f 5568/386/52 5566/387/52 5562/154/52 5564/388/52
f 5572/378/32 5570/377/32 5569/376/32 5571/379/32
f 5575/381/36 5573/380/36 5574/165/36 5576/382/36
f 5569/385/34 5570/384/34 5574/383/34 5573/386/34
f 5572/385/38 5571/384/38 5575/383/38 5576/386/38
f 5571/388/53 5569/154/53 5573/387/53 5575/386/53
f 5576/386/52 5574/387/52 5570/154/52 5572/388/52
f 5580/378/32 5578/377/32 5577/376/32 5579/379/32
f 5583/381/36 5581/380/36 5582/165/36 5584/382/36
f 5577/385/34 5578/384/34 5582/383/34 5581/386/34
f 5580/385/38 5579/384/38 5583/383/38 5584/386/38
f 5579/388/53 5577/154/53 5581/387/53 5583/386/53
f 5584/386/52 5582/387/52 5578/154/52 5580/388/52
f 5588/378/32 5586/377/32 5585/376/32 5587/379/32
f 5591/381/36 5589/380/36 5590/165/36 5592/382/36
f 5585/385/34 5586/384/34 5590/383/34 5589/386/34
f 5588/385/38 5587/384/38 5591/383/38 5592/386/38
f 5587/388/53 5585/154/53 5589/387/53 5591/386/53
f 5592/386/52 5590/387/52 5586/154/52 5588/388/52
f 5596/378/32 5594/377/32 5593/376/32 5595/379/32
f 5599/381/36 5597/380/36 5598/165/36 5600/382/36
f 5593/385/34 5594/384/34 5598/383/34 5597/386/34
f 5596/385/38 5595/384/38 5599/383/38 5600/386/38
f 5595/388/53 5593/154/53 5597/387/53 5599/386/53
f 5600/386/52 5598/387/52 5594/154/52 5596/388/52
f 5604/378/32 5602/377/32 5601/376/32 5603/379/32
f 5607/381/36 5605/380/36 5606/165/36 5608/382/36
f 5601/385/34 5602/384/34 5606/383/34 5605/386/34
f 5604/385/38 5603/384/38 5607/383/38 5608/386/38
f 5603/388/53 5601/154/53 5605/387/53 5607/386/53
f 5608/386/52 5606/387/52 5602/154/52 5604/388/52
f 5612/378/32 5610/377/32 5609/376/32 5611/379/32
f 5615/381/36 5613/380/36 5614/165/36 5616/382/36
f 5609/385/34 5610/384/34 5614/383/34 5613/386/34
f 5612/385/38 5611/384/38 5615/383/38 5616/386/38
f 5611/388/53 5609/154/53 5613/387/53 5615/386/53
f 5616/386/52 5614/387/52 5610/154/52 5612/388/52
f 5620/378/32 5618/377/32 5617/376/32 5619/379/32
f 5623/381/36 5621/380/36 5622/165/36 5624/382/36
f 5617/385/34 5618/384/34 5622/383/34 5621/386/34
f 5620/385/38 5619/384/38 5623/383/38 5624/386/38
f 5619/388/53 5617/154/53 5621/387/53 5623/386/53
f 5624/386/52 5622/387/52 5618/154/52 5620/388/52
f 5628/378/32 5626/377/32 5625/376/32 5627/379/32
f 5631/381/36 5629/380/36 5630/165/36 5632/382/36
f 5625/385/34 5626/384/34 5630/383/34 5629/386/34
f 5628/385/38 5627/384/38 5631/383/38 5632/386/38
f 5627/388/53 5625/154/53 5629/387/53 5631/386/53
f 5632/386/52 5630/387/52 5626/154/52 5628/388/52
f 5636/378/32 5634/377/32 5633/376/32 5635/379/32
f 5639/381/36 5637/380/36 5638/165/36 5640/382/36
f 5633/385/34 5634/384/34 5638/383/34 5637/386/34
f 5636/385/38 5635/384/38 5639/383/38 5640/386/38
f 5635/388/53 5633/154/53 5637/387/53 5639/386/53
f 5640/386/52 5638/387/52 5634/154/52 5636/388/52
f 5644/378/32 5642/377/32 5641/376/32 5643/379/32
f 5647/381/36 5645/380/36 5646/165/36 5648/382/36
f 5641/385/34 5642/384/34 5646/383/34 5645/386/34
f 5644/385/38 5643/384/38 5647/383/38 5648/386/38
f 5643/388/53 5641/154/53 5645/387/53 5647/386/53
f 5648/386/52 5646/387/52 5642/154/52 5644/388/52
f 5652/378/32 5650/377/32 5649/376/32 5651/379/32
f 5655/381/36 5653/380/36 5654/165/36 5656/382/36
f 5649/385/34 5650/384/34 5654/383/34 5653/386/34
f 5652/385/38 5651/384/38 5655/383/38 5656/386/38
f 5651/388/53 5649/154/53 5653/387/53 5655/386/53
f 5656/386/52 5654/387/52 5650/154/52 5652/388/52
f 5660/273/34 5658/461/34 5657/462/34 5659/265/34
f 5663/273/38 5661/461/38 5662/462/38 5664/265/38
f 5657/461/31 5658/463/31 5662/464/31 5661/462/31
f 5660/461/1 5659/463/1 5663/464/1 5664/462/1
f 5659/273/32 5657/461/32 5661/462/32 5663/265/32
f 5664/273/36 5662/461/36 5658/462/36 5660/265/36
f 5668/465/34 5666/466/34 5665/467/34 5667/468/34
f 5671/465/38 5669/466/38 5670/467/38 5672/468/38
f 5665/466/31 5666/469/31 5670/470/31 5669/467/31
f 5668/466/1 5667/469/1 5671/470/1 5672/467/1
f 5667/465/32 5665/466/32 5669/467/32 5671/468/32
f 5672/465/36 5670/466/36 5666/467/36 5668/468/36
f 5676/273/34 5674/461/34 5673/462/34 5675/265/34
f 5679/273/38 5677/461/38 5678/462/38 5680/265/38
f 5673/461/31 5674/463/31 5678/464/31 5677/462/31
f 5676/461/1 5675/463/1 5679/464/1 5680/462/1
f 5675/273/32 5673/461/32 5677/462/32 5679/265/32
f 5680/273/36 5678/461/36 5674/462/36 5676/265/36
f 5684/465/34 5682/466/34 5681/467/34 5683/468/34
f 5687/465/38 5685/466/38 5686/467/38 5688/468/38
f 5681/466/31 5682/469/31 5686/470/31 5685/467/31
f 5684/466/1 5683/469/1 5687/470/1 5688/467/1
f 5683/465/32 5681/466/32 5685/467/32 5687/468/32
f 5688/465/36 5686/466/36 5682/467/36 5684/468/36
f 5692/273/34 5690/461/34 5689/462/34 5691/265/34
f 5695/273/38 5693/461/38 5694/462/38 5696/265/38
f 5689/461/31 5690/463/31 5694/464/31 5693/462/31
f 5692/461/1 5691/463/1 5695/464/1 5696/462/1
f 5691/273/32 5689/461/32 5693/462/32 5695/265/32
f 5696/273/36 5694/461/36 5690/462/36 5692/265/36
f 5700/465/34 5698/466/34 5697/467/34 5699/468/34
f 5703/465/38 5701/466/38 5702/467/38 5704/468/38
f 5697/466/31 5698/469/31 5702/470/31 5701/467/31
f 5700/466/1 5699/469/1 5703/470/1 5704/467/1
f 5699/465/32 5697/466/32 5701/467/32 5703/468/32
f 5704/465/36 5702/466/36 5698/467/36 5700/468/36
f 5708/273/34 5706/461/34 5705/462/34 5707/265/34
f 5711/273/38 5709/461/38 5710/462/38 5712/265/38
f 5708/461/1 5707/463/1 5711/464/1 5712/462/1
f 5707/273/32 5705/461/32 5709/462/32 5711/265/32
f 5712/273/36 5710/461/36 5706/462/36 5708/265/36
f 5716/465/34 5714/466/34 5713/467/34 5715/468/34
f 5719/465/38 5717/466/38 5718/467/38 5720/468/38
f 5713/466/31 5714/469/31 5718/470/31 5717/467/31
f 5716/466/1 5715/469/1 5719/470/1 5720/467/1
f 5715/465/32 5713/466/32 5717/467/32 5719/468/32
f 5720/465/36 5718/466/36 5714/467/36 5716/468/36
f 5724/273/34 5722/461/34 5721/462/34 5723/265/34
f 5727/273/38 5725/461/38 5726/462/38 5728/265/38
f 5721/461/31 5722/463/31 5726/464/31 5725/462/31
f 5724/461/1 5723/463/1 5727/464/1 5728/462/1
f 5723/273/32 5721/461/32 5725/462/32 5727/265/32
f 5728/273/36 5726/461/36 5722/462/36 5724/265/36
f 5732/465/34 5730/466/34 5729/467/34 5731/468/34
f 5735/465/38 5733/466/38 5734/467/38 5736/468/38
f 5729/466/31 5730/469/31 5734/470/31 5733/467/31
f 5732/466/1 5731/469/1 5735/470/1 5736/467/1
f 5731/465/32 5729/466/32 5733/467/32 5735/468/32
f 5736/465/36 5734/466/36 5730/467/36 5732/468/36
f 5737/163/68 5738/464/68 5740/464/68 5739/163/68
f 5742/163/68 5741/464/68 5743/464/68 5744/163/68
f 5741/163/32 5737/464/32 5739/464/32 5743/163/32
f 5738/163/32 5742/464/32 5744/464/32 5740/163/32
f 5748/475/34 5746/476/34 5745/477/34 5747/478/34
f 5751/475/38 5749/476/38 5750/477/38 5752/478/38
f 5747/475/32 5745/476/32 5749/477/32 5751/478/32
f 5752/475/36 5750/476/36 5746/477/36 5748/478/36
f 5756/475/34 5754/476/34 5753/477/34 5755/478/34
f 5759/475/38 5757/476/38 5758/477/38 5760/478/38
f 5753/479/31 5754/480/31 5758/481/31 5757/482/31
f 5755/475/32 5753/476/32 5757/477/32 5759/478/32
f 5760/475/36 5758/476/36 5754/477/36 5756/478/36
f 5764/475/34 5762/476/34 5761/477/34 5763/478/34
f 5767/475/38 5765/476/38 5766/477/38 5768/478/38
f 5764/479/1 5763/480/1 5767/481/1 5768/482/1
f 5763/475/32 5761/476/32 5765/477/32 5767/478/32
f 5768/475/36 5766/476/36 5762/477/36 5764/478/36
f 5769/376/36 5770/377/36 5772/378/36 5771/379/36
f 5774/165/32 5773/380/32 5775/381/32 5776/382/32
f 5774/383/34 5770/384/34 5769/385/34 5773/386/34
f 5775/383/38 5771/384/38 5772/385/38 5776/386/38
f 5773/387/55 5769/154/55 5771/388/55 5775/386/55
f 5770/154/54 5774/387/54 5776/386/54 5772/388/54
f 5777/376/36 5778/377/36 5780/378/36 5779/379/36
f 5782/165/32 5781/380/32 5783/381/32 5784/382/32
f 5782/383/34 5778/384/34 5777/385/34 5781/386/34
f 5783/383/38 5779/384/38 5780/385/38 5784/386/38
f 5781/387/55 5777/154/55 5779/388/55 5783/386/55
f 5778/154/54 5782/387/54 5784/386/54 5780/388/54
f 5785/376/36 5786/377/36 5788/378/36 5787/379/36
f 5790/165/32 5789/380/32 5791/381/32 5792/382/32
f 5790/383/34 5786/384/34 5785/385/34 5789/386/34
f 5791/383/38 5787/384/38 5788/385/38 5792/386/38
f 5789/387/55 5785/154/55 5787/388/55 5791/386/55
f 5786/154/54 5790/387/54 5792/386/54 5788/388/54
f 5793/376/36 5794/377/36 5796/378/36 5795/379/36
f 5798/165/32 5797/380/32 5799/381/32 5800/382/32
f 5798/383/34 5794/384/34 5793/385/34 5797/386/34
f 5799/383/38 5795/384/38 5796/385/38 5800/386/38
f 5797/387/55 5793/154/55 5795/388/55 5799/386/55
f 5794/154/54 5798/387/54 5800/386/54 5796/388/54
f 5801/376/36 5802/377/36 5804/378/36 5803/379/36
f 5806/165/32 5805/380/32 5807/381/32 5808/382/32
f 5806/383/34 5802/384/34 5801/385/34 5805/386/34
f 5807/383/38 5803/384/38 5804/385/38 5808/386/38
f 5805/387/55 5801/154/55 5803/388/55 5807/386/55
f 5802/154/54 5806/387/54 5808/386/54 5804/388/54
f 5809/376/36 5810/377/36 5812/378/36 5811/379/36
f 5814/165/32 5813/380/32 5815/381/32 5816/382/32
f 5814/383/34 5810/384/34 5809/385/34 5813/386/34
f 5815/383/38 5811/384/38 5812/385/38 5816/386/38
f 5813/387/55 5809/154/55 5811/388/55 5815/386/55
f 5810/154/54 5814/387/54 5816/386/54 5812/388/54
f 5817/376/36 5818/377/36 5820/378/36 5819/379/36
f 5822/165/32 5821/380/32 5823/381/32 5824/382/32
f 5822/383/34 5818/384/34 5817/385/34 5821/386/34
f 5823/383/38 5819/384/38 5820/385/38 5824/386/38
f 5821/387/55 5817/154/55 5819/388/55 5823/386/55
f 5818/154/54 5822/387/54 5824/386/54 5820/388/54
f 5825/376/36 5826/377/36 5828/378/36 5827/379/36
f 5830/165/32 5829/380/32 5831/381/32 5832/382/32
f 5830/383/34 5826/384/34 5825/385/34 5829/386/34
f 5831/383/38 5827/384/38 5828/385/38 5832/386/38
f 5829/387/55 5825/154/55 5827/388/55 5831/386/55
f 5826/154/54 5830/387/54 5832/386/54 5828/388/54
f 5833/376/36 5834/377/36 5836/378/36 5835/379/36
f 5838/165/32 5837/380/32 5839/381/32 5840/382/32
f 5838/383/34 5834/384/34 5833/385/34 5837/386/34
f 5839/383/38 5835/384/38 5836/385/38 5840/386/38
f 5837/387/55 5833/154/55 5835/388/55 5839/386/55
f 5834/154/54 5838/387/54 5840/386/54 5836/388/54
f 5841/376/36 5842/377/36 5844/378/36 5843/379/36
f 5846/165/32 5845/380/32 5847/381/32 5848/382/32
f 5846/383/34 5842/384/34 5841/385/34 5845/386/34
f 5847/383/38 5843/384/38 5844/385/38 5848/386/38
f 5845/387/55 5841/154/55 5843/388/55 5847/386/55
f 5842/154/54 5846/387/54 5848/386/54 5844/388/54
f 5849/376/36 5850/377/36 5852/378/36 5851/379/36
f 5854/165/32 5853/380/32 5855/381/32 5856/382/32
f 5854/383/34 5850/384/34 5849/385/34 5853/386/34
f 5855/383/38 5851/384/38 5852/385/38 5856/386/38
f 5853/387/55 5849/154/55 5851/388/55 5855/386/55
f 5850/154/54 5854/387/54 5856/386/54 5852/388/54
f 5857/376/36 5858/377/36 5860/378/36 5859/379/36
f 5862/165/32 5861/380/32 5863/381/32 5864/382/32
f 5862/383/34 5858/384/34 5857/385/34 5861/386/34
f 5863/383/38 5859/384/38 5860/385/38 5864/386/38
f 5861/387/55 5857/154/55 5859/388/55 5863/386/55
f 5858/154/54 5862/387/54 5864/386/54 5860/388/54
f 5865/376/36 5866/377/36 5868/378/36 5867/379/36
f 5870/165/32 5869/380/32 5871/381/32 5872/382/32
f 5870/383/34 5866/384/34 5865/385/34 5869/386/34
f 5871/383/38 5867/384/38 5868/385/38 5872/386/38
f 5869/387/55 5865/154/55 5867/388/55 5871/386/55
f 5866/154/54 5870/387/54 5872/386/54 5868/388/54
f 5873/376/36 5874/377/36 5876/378/36 5875/379/36
f 5878/165/32 5877/380/32 5879/381/32 5880/382/32
f 5878/383/34 5874/384/34 5873/385/34 5877/386/34
f 5879/383/38 5875/384/38 5876/385/38 5880/386/38
f 5877/387/55 5873/154/55 5875/388/55 5879/386/55
f 5874/154/54 5878/387/54 5880/386/54 5876/388/54
f 5881/376/36 5882/377/36 5884/378/36 5883/379/36
f 5886/165/32 5885/380/32 5887/381/32 5888/382/32
f 5886/383/34 5882/384/34 5881/385/34 5885/386/34
f 5887/383/38 5883/384/38 5884/385/38 5888/386/38
f 5885/387/55 5881/154/55 5883/388/55 5887/386/55
f 5882/154/54 5886/387/54 5888/386/54 5884/388/54
f 5892/378/32 5890/377/32 5889/376/32 5891/379/32
f 5895/381/36 5893/380/36 5894/165/36 5896/382/36
f 5889/385/34 5890/384/34 5894/383/34 5893/386/34
f 5892/385/38 5891/384/38 5895/383/38 5896/386/38
f 5891/388/53 5889/154/53 5893/387/53 5895/386/53
f 5896/386/52 5894/387/52 5890/154/52 5892/388/52
f 5900/378/32 5898/377/32 5897/376/32 5899/379/32
f 5903/381/36 5901/380/36 5902/165/36 5904/382/36
f 5897/385/34 5898/384/34 5902/383/34 5901/386/34
f 5900/385/38 5899/384/38 5903/383/38 5904/386/38
f 5899/388/53 5897/154/53 5901/387/53 5903/386/53
f 5904/386/52 5902/387/52 5898/154/52 5900/388/52
f 5908/378/32 5906/377/32 5905/376/32 5907/379/32
f 5911/381/36 5909/380/36 5910/165/36 5912/382/36
f 5905/385/34 5906/384/34 5910/383/34 5909/386/34
f 5908/385/38 5907/384/38 5911/383/38 5912/386/38
f 5907/388/53 5905/154/53 5909/387/53 5911/386/53
f 5912/386/52 5910/387/52 5906/154/52 5908/388/52
f 5916/378/32 5914/377/32 5913/376/32 5915/379/32
f 5919/381/36 5917/380/36 5918/165/36 5920/382/36
f 5913/385/34 5914/384/34 5918/383/34 5917/386/34
f 5916/385/38 5915/384/38 5919/383/38 5920/386/38
f 5915/388/53 5913/154/53 5917/387/53 5919/386/53
f 5920/386/52 5918/387/52 5914/154/52 5916/388/52
f 5924/378/32 5922/377/32 5921/376/32 5923/379/32
f 5927/381/36 5925/380/36 5926/165/36 5928/382/36
f 5921/385/34 5922/384/34 5926/383/34 5925/386/34
f 5924/385/38 5923/384/38 5927/383/38 5928/386/38
f 5923/388/53 5921/154/53 5925/387/53 5927/386/53
f 5928/386/52 5926/387/52 5922/154/52 5924/388/52
f 5932/378/32 5930/377/32 5929/376/32 5931/379/32
f 5935/381/36 5933/380/36 5934/165/36 5936/382/36
f 5929/385/34 5930/384/34 5934/383/34 5933/386/34
f 5932/385/38 5931/384/38 5935/383/38 5936/386/38
f 5931/388/53 5929/154/53 5933/387/53 5935/386/53
f 5936/386/52 5934/387/52 5930/154/52 5932/388/52
f 5940/378/32 5938/377/32 5937/376/32 5939/379/32
f 5943/381/36 5941/380/36 5942/165/36 5944/382/36
f 5937/385/34 5938/384/34 5942/383/34 5941/386/34
f 5940/385/38 5939/384/38 5943/383/38 5944/386/38
f 5939/388/53 5937/154/53 5941/387/53 5943/386/53
f 5944/386/52 5942/387/52 5938/154/52 5940/388/52
f 5948/378/32 5946/377/32 5945/376/32 5947/379/32
f 5951/381/36 5949/380/36 5950/165/36 5952/382/36
f 5945/385/34 5946/384/34 5950/383/34 5949/386/34
f 5948/385/38 5947/384/38 5951/383/38 5952/386/38
f 5947/388/53 5945/154/53 5949/387/53 5951/386/53
f 5952/386/52 5950/387/52 5946/154/52 5948/388/52
f 5956/378/32 5954/377/32 5953/376/32 5955/379/32
f 5959/381/36 5957/380/36 5958/165/36 5960/382/36
f 5953/385/34 5954/384/34 5958/383/34 5957/386/34
f 5956/385/38 5955/384/38 5959/383/38 5960/386/38
f 5955/388/53 5953/154/53 5957/387/53 5959/386/53
f 5960/386/52 5958/387/52 5954/154/52 5956/388/52
f 5964/378/32 5962/377/32 5961/376/32 5963/379/32
f 5967/381/36 5965/380/36 5966/165/36 5968/382/36
f 5961/385/34 5962/384/34 5966/383/34 5965/386/34
f 5964/385/38 5963/384/38 5967/383/38 5968/386/38
f 5963/388/53 5961/154/53 5965/387/53 5967/386/53
f 5968/386/52 5966/387/52 5962/154/52 5964/388/52
f 5972/378/32 5970/377/32 5969/376/32 5971/379/32
f 5975/381/36 5973/380/36 5974/165/36 5976/382/36
f 5969/385/34 5970/384/34 5974/383/34 5973/386/34
f 5972/385/38 5971/384/38 5975/383/38 5976/386/38
f 5971/388/53 5969/154/53 5973/387/53 5975/386/53
f 5976/386/52 5974/387/52 5970/154/52 5972/388/52
f 5980/378/32 5978/377/32 5977/376/32 5979/379/32
f 5983/381/36 5981/380/36 5982/165/36 5984/382/36
f 5977/385/34 5978/384/34 5982/383/34 5981/386/34
f 5980/385/38 5979/384/38 5983/383/38 5984/386/38
f 5979/388/53 5977/154/53 5981/387/53 5983/386/53
f 5984/386/52 5982/387/52 5978/154/52 5980/388/52
f 5988/378/32 5986/377/32 5985/376/32 5987/379/32
f 5991/381/36 5989/380/36 5990/165/36 5992/382/36
f 5985/385/34 5986/384/34 5990/383/34 5989/386/34
f 5988/385/38 5987/384/38 5991/383/38 5992/386/38
f 5987/388/53 5985/154/53 5989/387/53 5991/386/53
f 5992/386/52 5990/387/52 5986/154/52 5988/388/52
f 5996/378/32 5994/377/32 5993/376/32 5995/379/32
f 5999/381/36 5997/380/36 5998/165/36 6000/382/36
f 5993/385/34 5994/384/34 5998/383/34 5997/386/34
f 5996/385/38 5995/384/38 5999/383/38 6000/386/38
f 5995/388/53 5993/154/53 5997/387/53 5999/386/53
f 6000/386/52 5998/387/52 5994/154/52 5996/388/52
f 6004/378/32 6002/377/32 6001/376/32 6003/379/32
f 6007/381/36 6005/380/36 6006/165/36 6008/382/36
f 6001/385/34 6002/384/34 6006/383/34 6005/386/34
f 6004/385/38 6003/384/38 6007/383/38 6008/386/38
f 6003/388/53 6001/154/53 6005/387/53 6007/386/53
f 6008/386/52 6006/387/52 6002/154/52 6004/388/52
f 6012/475/34 6010/476/34 6009/477/34 6011/478/34
f 6015/475/38 6013/476/38 6014/477/38 6016/478/38
f 6011/475/32 6009/476/32 6013/477/32 6015/478/32
f 6016/475/36 6014/476/36 6010/477/36 6012/478/36
f 6020/475/34 6018/476/34 6017/477/34 6019/478/34
f 6023/475/38 6021/476/38 6022/477/38 6024/478/38
f 6017/479/31 6018/480/31 6022/481/31 6021/482/31
f 6019/475/32 6017/476/32 6021/477/32 6023/478/32
f 6024/475/36 6022/476/36 6018/477/36 6020/478/36
f 6028/475/34 6026/476/34 6025/477/34 6027/478/34
f 6031/475/38 6029/476/38 6030/477/38 6032/478/38
f 6028/479/1 6027/480/1 6031/481/1 6032/482/1
f 6027/475/32 6025/476/32 6029/477/32 6031/478/32
f 6032/475/36 6030/476/36 6026/477/36 6028/478/36
f 6033/376/36 6034/377/36 6036/378/36 6035/379/36
f 6038/165/32 6037/380/32 6039/381/32 6040/382/32
f 6038/383/34 6034/384/34 6033/385/34 6037/386/34
f 6039/383/38 6035/384/38 6036/385/38 6040/386/38
f 6037/387/55 6033/154/55 6035/388/55 6039/386/55
f 6034/154/54 6038/387/54 6040/386/54 6036/388/54
f 6041/376/36 6042/377/36 6044/378/36 6043/379/36
f 6046/165/32 6045/380/32 6047/381/32 6048/382/32
f 6046/383/34 6042/384/34 6041/385/34 6045/386/34
f 6047/383/38 6043/384/38 6044/385/38 6048/386/38
f 6045/387/55 6041/154/55 6043/388/55 6047/386/55
f 6042/154/54 6046/387/54 6048/386/54 6044/388/54
f 6049/376/36 6050/377/36 6052/378/36 6051/379/36
f 6054/165/32 6053/380/32 6055/381/32 6056/382/32
f 6054/383/34 6050/384/34 6049/385/34 6053/386/34
f 6055/383/38 6051/384/38 6052/385/38 6056/386/38
f 6053/387/55 6049/154/55 6051/388/55 6055/386/55
f 6050/154/54 6054/387/54 6056/386/54 6052/388/54
f 6057/376/36 6058/377/36 6060/378/36 6059/379/36
f 6062/165/32 6061/380/32 6063/381/32 6064/382/32
f 6062/383/34 6058/384/34 6057/385/34 6061/386/34
f 6063/383/38 6059/384/38 6060/385/38 6064/386/38
f 6061/387/55 6057/154/55 6059/388/55 6063/386/55
f 6058/154/54 6062/387/54 6064/386/54 6060/388/54
f 6065/376/36 6066/377/36 6068/378/36 6067/379/36
f 6070/165/32 6069/380/32 6071/381/32 6072/382/32
f 6070/383/34 6066/384/34 6065/385/34 6069/386/34
f 6071/383/38 6067/384/38 6068/385/38 6072/386/38
f 6069/387/55 6065/154/55 6067/388/55 6071/386/55
f 6066/154/54 6070/387/54 6072/386/54 6068/388/54
f 6073/376/36 6074/377/36 6076/378/36 6075/379/36
f 6078/165/32 6077/380/32 6079/381/32 6080/382/32
f 6078/383/34 6074/384/34 6073/385/34 6077/386/34
f 6079/383/38 6075/384/38 6076/385/38 6080/386/38
f 6077/387/55 6073/154/55 6075/388/55 6079/386/55
f 6074/154/54 6078/387/54 6080/386/54 6076/388/54
f 6081/376/36 6082/377/36 6084/378/36 6083/379/36
f 6086/165/32 6085/380/32 6087/381/32 6088/382/32
f 6086/383/34 6082/384/34 6081/385/34 6085/386/34
f 6087/383/38 6083/384/38 6084/385/38 6088/386/38
f 6085/387/55 6081/154/55 6083/388/55 6087/386/55
f 6082/154/54 6086/387/54 6088/386/54 6084/388/54
f 6089/376/36 6090/377/36 6092/378/36 6091/379/36
f 6094/165/32 6093/380/32 6095/381/32 6096/382/32
f 6094/383/34 6090/384/34 6089/385/34 6093/386/34
f 6095/383/38 6091/384/38 6092/385/38 6096/386/38
f 6093/387/55 6089/154/55 6091/388/55 6095/386/55
f 6090/154/54 6094/387/54 6096/386/54 6092/388/54
f 6097/376/36 6098/377/36 6100/378/36 6099/379/36
f 6102/165/32 6101/380/32 6103/381/32 6104/382/32
f 6102/383/34 6098/384/34 6097/385/34 6101/386/34
f 6103/383/38 6099/384/38 6100/385/38 6104/386/38
f 6101/387/55 6097/154/55 6099/388/55 6103/386/55
f 6098/154/54 6102/387/54 6104/386/54 6100/388/54
f 6105/376/36 6106/377/36 6108/378/36 6107/379/36
f 6110/165/32 6109/380/32 6111/381/32 6112/382/32
f 6110/383/34 6106/384/34 6105/385/34 6109/386/34
f 6111/383/38 6107/384/38 6108/385/38 6112/386/38
f 6109/387/55 6105/154/55 6107/388/55 6111/386/55
f 6106/154/54 6110/387/54 6112/386/54 6108/388/54
f 6113/376/36 6114/377/36 6116/378/36 6115/379/36
f 6118/165/32 6117/380/32 6119/381/32 6120/382/32
f 6118/383/34 6114/384/34 6113/385/34 6117/386/34
f 6119/383/38 6115/384/38 6116/385/38 6120/386/38
f 6117/387/55 6113/154/55 6115/388/55 6119/386/55
f 6114/154/54 6118/387/54 6120/386/54 6116/388/54
f 6121/376/36 6122/377/36 6124/378/36 6123/379/36
f 6126/165/32 6125/380/32 6127/381/32 6128/382/32
f 6126/383/34 6122/384/34 6121/385/34 6125/386/34
f 6127/383/38 6123/384/38 6124/385/38 6128/386/38
f 6125/387/55 6121/154/55 6123/388/55 6127/386/55
f 6122/154/54 6126/387/54 6128/386/54 6124/388/54
f 6129/376/36 6130/377/36 6132/378/36 6131/379/36
f 6134/165/32 6133/380/32 6135/381/32 6136/382/32
f 6134/383/34 6130/384/34 6129/385/34 6133/386/34
f 6135/383/38 6131/384/38 6132/385/38 6136/386/38
f 6133/387/55 6129/154/55 6131/388/55 6135/386/55
f 6130/154/54 6134/387/54 6136/386/54 6132/388/54
f 6137/376/36 6138/377/36 6140/378/36 6139/379/36
f 6142/165/32 6141/380/32 6143/381/32 6144/382/32
f 6142/383/34 6138/384/34 6137/385/34 6141/386/34
f 6143/383/38 6139/384/38 6140/385/38 6144/386/38
f 6141/387/55 6137/154/55 6139/388/55 6143/386/55
f 6138/154/54 6142/387/54 6144/386/54 6140/388/54
f 6145/376/36 6146/377/36 6148/378/36 6147/379/36
f 6150/165/32 6149/380/32 6151/381/32 6152/382/32
f 6150/383/34 6146/384/34 6145/385/34 6149/386/34
f 6151/383/38 6147/384/38 6148/385/38 6152/386/38
f 6149/387/55 6145/154/55 6147/388/55 6151/386/55
f 6146/154/54 6150/387/54 6152/386/54 6148/388/54
f 6156/378/32 6154/377/32 6153/376/32 6155/379/32
f 6159/381/36 6157/380/36 6158/165/36 6160/382/36
f 6153/385/34 6154/384/34 6158/383/34 6157/386/34
f 6156/385/38 6155/384/38 6159/383/38 6160/386/38
f 6155/388/53 6153/154/53 6157/387/53 6159/386/53
f 6160/386/52 6158/387/52 6154/154/52 6156/388/52
f 6164/378/32 6162/377/32 6161/376/32 6163/379/32
f 6167/381/36 6165/380/36 6166/165/36 6168/382/36
f 6161/385/34 6162/384/34 6166/383/34 6165/386/34
f 6164/385/38 6163/384/38 6167/383/38 6168/386/38
f 6163/388/53 6161/154/53 6165/387/53 6167/386/53
f 6168/386/52 6166/387/52 6162/154/52 6164/388/52
f 6172/378/32 6170/377/32 6169/376/32 6171/379/32
f 6175/381/36 6173/380/36 6174/165/36 6176/382/36
f 6169/385/34 6170/384/34 6174/383/34 6173/386/34
f 6172/385/38 6171/384/38 6175/383/38 6176/386/38
f 6171/388/53 6169/154/53 6173/387/53 6175/386/53
f 6176/386/52 6174/387/52 6170/154/52 6172/388/52
f 6180/378/32 6178/377/32 6177/376/32 6179/379/32
f 6183/381/36 6181/380/36 6182/165/36 6184/382/36
f 6177/385/34 6178/384/34 6182/383/34 6181/386/34
f 6180/385/38 6179/384/38 6183/383/38 6184/386/38
f 6179/388/53 6177/154/53 6181/387/53 6183/386/53
f 6184/386/52 6182/387/52 6178/154/52 6180/388/52
f 6188/378/32 6186/377/32 6185/376/32 6187/379/32
f 6191/381/36 6189/380/36 6190/165/36 6192/382/36
f 6185/385/34 6186/384/34 6190/383/34 6189/386/34
f 6188/385/38 6187/384/38 6191/383/38 6192/386/38
f 6187/388/53 6185/154/53 6189/387/53 6191/386/53
f 6192/386/52 6190/387/52 6186/154/52 6188/388/52
f 6196/378/32 6194/377/32 6193/376/32 6195/379/32
f 6199/381/36 6197/380/36 6198/165/36 6200/382/36
f 6193/385/34 6194/384/34 6198/383/34 6197/386/34
f 6196/385/38 6195/384/38 6199/383/38 6200/386/38
f 6195/388/53 6193/154/53 6197/387/53 6199/386/53
f 6200/386/52 6198/387/52 6194/154/52 6196/388/52
f 6204/378/32 6202/377/32 6201/376/32 6203/379/32
f 6207/381/36 6205/380/36 6206/165/36 6208/382/36
f 6201/385/34 6202/384/34 6206/383/34 6205/386/34
f 6204/385/38 6203/384/38 6207/383/38 6208/386/38
f 6203/388/53 6201/154/53 6205/387/53 6207/386/53
f 6208/386/52 6206/387/52 6202/154/52 6204/388/52
f 6212/378/32 6210/377/32 6209/376/32 6211/379/32
f 6215/381/36 6213/380/36 6214/165/36 6216/382/36
f 6209/385/34 6210/384/34 6214/383/34 6213/386/34
f 6212/385/38 6211/384/38 6215/383/38 6216/386/38
f 6211/388/53 6209/154/53 6213/387/53 6215/386/53
f 6216/386/52 6214/387/52 6210/154/52 6212/388/52
f 6220/378/32 6218/377/32 6217/376/32 6219/379/32
f 6223/381/36 6221/380/36 6222/165/36 6224/382/36
f 6217/385/34 6218/384/34 6222/383/34 6221/386/34
f 6220/385/38 6219/384/38 6223/383/38 6224/386/38
f 6219/388/53 6217/154/53 6221/387/53 6223/386/53
f 6224/386/52 6222/387/52 6218/154/52 6220/388/52
f 6228/378/32 6226/377/32 6225/376/32 6227/379/32
f 6231/381/36 6229/380/36 6230/165/36 6232/382/36
f 6225/385/34 6226/384/34 6230/383/34 6229/386/34
f 6228/385/38 6227/384/38 6231/383/38 6232/386/38
f 6227/388/53 6225/154/53 6229/387/53 6231/386/53
f 6232/386/52 6230/387/52 6226/154/52 6228/388/52
f 6236/378/32 6234/377/32 6233/376/32 6235/379/32
f 6239/381/36 6237/380/36 6238/165/36 6240/382/36
f 6233/385/34 6234/384/34 6238/383/34 6237/386/34
f 6236/385/38 6235/384/38 6239/383/38 6240/386/38
f 6235/388/53 6233/154/53 6237/387/53 6239/386/53
f 6240/386/52 6238/387/52 6234/154/52 6236/388/52
f 6244/378/32 6242/377/32 6241/376/32 6243/379/32
f 6247/381/36 6245/380/36 6246/165/36 6248/382/36
f 6241/385/34 6242/384/34 6246/383/34 6245/386/34
f 6244/385/38 6243/384/38 6247/383/38 6248/386/38
f 6243/388/53 6241/154/53 6245/387/53 6247/386/53
f 6248/386/52 6246/387/52 6242/154/52 6244/388/52
f 6252/378/32 6250/377/32 6249/376/32 6251/379/32
f 6255/381/36 6253/380/36 6254/165/36 6256/382/36
f 6249/385/34 6250/384/34 6254/383/34 6253/386/34
f 6252/385/38 6251/384/38 6255/383/38 6256/386/38
f 6251/388/53 6249/154/53 6253/387/53 6255/386/53
f 6256/386/52 6254/387/52 6250/154/52 6252/388/52
f 6260/378/32 6258/377/32 6257/376/32 6259/379/32
f 6263/381/36 6261/380/36 6262/165/36 6264/382/36
f 6257/385/34 6258/384/34 6262/383/34 6261/386/34
f 6260/385/38 6259/384/38 6263/383/38 6264/386/38
f 6259/388/53 6257/154/53 6261/387/53 6263/386/53
f 6264/386/52 6262/387/52 6258/154/52 6260/388/52
f 6268/378/32 6266/377/32 6265/376/32 6267/379/32
f 6271/381/36 6269/380/36 6270/165/36 6272/382/36
f 6265/385/34 6266/384/34 6270/383/34 6269/386/34
f 6268/385/38 6267/384/38 6271/383/38 6272/386/38
f 6267/388/53 6265/154/53 6269/387/53 6271/386/53
f 6272/386/52 6270/387/52 6266/154/52 6268/388/52
f 6276/273/34 6274/461/34 6273/462/34 6275/265/34
f 6279/273/38 6277/461/38 6278/462/38 6280/265/38
f 6273/461/31 6274/463/31 6278/464/31 6277/462/31
f 6276/461/1 6275/463/1 6279/464/1 6280/462/1
f 6275/273/32 6273/461/32 6277/462/32 6279/265/32
f 6280/273/36 6278/461/36 6274/462/36 6276/265/36
f 6284/465/34 6282/466/34 6281/467/34 6283/468/34
f 6287/465/38 6285/466/38 6286/467/38 6288/468/38
f 6281/466/31 6282/469/31 6286/470/31 6285/467/31
f 6284/466/1 6283/469/1 6287/470/1 6288/467/1
f 6283/465/32 6281/466/32 6285/467/32 6287/468/32
f 6288/465/36 6286/466/36 6282/467/36 6284/468/36
f 6292/273/34 6290/461/34 6289/462/34 6291/265/34
f 6295/273/38 6293/461/38 6294/462/38 6296/265/38
f 6289/461/31 6290/463/31 6294/464/31 6293/462/31
f 6292/461/1 6291/463/1 6295/464/1 6296/462/1
f 6291/273/32 6289/461/32 6293/462/32 6295/265/32
f 6296/273/36 6294/461/36 6290/462/36 6292/265/36
f 6300/465/34 6298/466/34 6297/467/34 6299/468/34
f 6303/465/38 6301/466/38 6302/467/38 6304/468/38
f 6297/466/31 6298/469/31 6302/470/31 6301/467/31
f 6300/466/1 6299/469/1 6303/470/1 6304/467/1
f 6299/465/32 6297/466/32 6301/467/32 6303/468/32
f 6304/465/36 6302/466/36 6298/467/36 6300/468/36
f 6308/273/34 6306/461/34 6305/462/34 6307/265/34
f 6311/273/38 6309/461/38 6310/462/38 6312/265/38
f 6305/461/31 6306/463/31 6310/464/31 6309/462/31
f 6308/461/1 6307/463/1 6311/464/1 6312/462/1
f 6307/273/32 6305/461/32 6309/462/32 6311/265/32
f 6312/273/36 6310/461/36 6306/462/36 6308/265/36
f 6316/465/34 6314/466/34 6313/467/34 6315/468/34
f 6319/465/38 6317/466/38 6318/467/38 6320/468/38
f 6313/466/31 6314/469/31 6318/470/31 6317/467/31
f 6316/466/1 6315/469/1 6319/470/1 6320/467/1
f 6315/465/32 6313/466/32 6317/467/32 6319/468/32
f 6320/465/36 6318/466/36 6314/467/36 6316/468/36
f 6324/273/34 6322/461/34 6321/462/34 6323/265/34
f 6327/273/38 6325/461/38 6326/462/38 6328/265/38
f 6324/461/1 6323/463/1 6327/464/1 6328/462/1
f 6323/273/32 6321/461/32 6325/462/32 6327/265/32
f 6328/273/36 6326/461/36 6322/462/36 6324/265/36
f 6332/465/34 6330/466/34 6329/467/34 6331/468/34
f 6335/465/38 6333/466/38 6334/467/38 6336/468/38
f 6329/466/31 6330/469/31 6334/470/31 6333/467/31
f 6332/466/1 6331/469/1 6335/470/1 6336/467/1
f 6331/465/32 6329/466/32 6333/467/32 6335/468/32
f 6336/465/36 6334/466/36 6330/467/36 6332/468/36
f 6340/273/34 6338/461/34 6337/462/34 6339/265/34
f 6343/273/38 6341/461/38 6342/462/38 6344/265/38
f 6337/461/31 6338/463/31 6342/464/31 6341/462/31
f 6340/461/1 6339/463/1 6343/464/1 6344/462/1
f 6339/273/32 6337/461/32 6341/462/32 6343/265/32
f 6344/273/36 6342/461/36 6338/462/36 6340/265/36
f 6348/465/34 6346/466/34 6345/467/34 6347/468/34
f 6351/465/38 6349/466/38 6350/467/38 6352/468/38
f 6345/466/31 6346/469/31 6350/470/31 6349/467/31
f 6348/466/1 6347/469/1 6351/470/1 6352/467/1
f 6347/465/32 6345/466/32 6349/467/32 6351/468/32
f 6352/465/36 6350/466/36 6346/467/36 6348/468/36
f 6353/163/68 6354/464/68 6356/464/68 6355/163/68
f 6358/163/68 6357/464/68 6359/464/68 6360/163/68
f 6357/163/32 6353/464/32 6355/464/32 6359/163/32
f 6354/163/32 6358/464/32 6360/464/32 6356/163/32
f 6364/475/34 6362/476/34 6361/477/34 6363/478/34
f 6367/475/38 6365/476/38 6366/477/38 6368/478/38
f 6363/475/32 6361/476/32 6365/477/32 6367/478/32
f 6368/475/36 6366/476/36 6362/477/36 6364/478/36
f 6372/475/34 6370/476/34 6369/477/34 6371/478/34
f 6375/475/38 6373/476/38 6374/477/38 6376/478/38
f 6369/479/31 6370/480/31 6374/481/31 6373/482/31
f 6371/475/32 6369/476/32 6373/477/32 6375/478/32
f 6376/475/36 6374/476/36 6370/477/36 6372/478/36
f 6380/475/34 6378/476/34 6377/477/34 6379/478/34
f 6383/475/38 6381/476/38 6382/477/38 6384/478/38
f 6380/479/1 6379/480/1 6383/481/1 6384/482/1
f 6379/475/32 6377/476/32 6381/477/32 6383/478/32
f 6384/475/36 6382/476/36 6378/477/36 6380/478/36
f 6385/376/36 6386/377/36 6388/378/36 6387/379/36
f 6390/165/32 6389/380/32 6391/381/32 6392/382/32
f 6390/383/34 6386/384/34 6385/385/34 6389/386/34
f 6391/383/38 6387/384/38 6388/385/38 6392/386/38
f 6389/387/55 6385/154/55 6387/388/55 6391/386/55
f 6386/154/54 6390/387/54 6392/386/54 6388/388/54
f 6393/376/36 6394/377/36 6396/378/36 6395/379/36
f 6398/165/32 6397/380/32 6399/381/32 6400/382/32
f 6398/383/34 6394/384/34 6393/385/34 6397/386/34
f 6399/383/38 6395/384/38 6396/385/38 6400/386/38
f 6397/387/55 6393/154/55 6395/388/55 6399/386/55
f 6394/154/54 6398/387/54 6400/386/54 6396/388/54
f 6401/376/36 6402/377/36 6404/378/36 6403/379/36
f 6406/165/32 6405/380/32 6407/381/32 6408/382/32
f 6406/383/34 6402/384/34 6401/385/34 6405/386/34
f 6407/383/38 6403/384/38 6404/385/38 6408/386/38
f 6405/387/55 6401/154/55 6403/388/55 6407/386/55
f 6402/154/54 6406/387/54 6408/386/54 6404/388/54
f 6409/376/36 6410/377/36 6412/378/36 6411/379/36
f 6414/165/32 6413/380/32 6415/381/32 6416/382/32
f 6414/383/34 6410/384/34 6409/385/34 6413/386/34
f 6415/383/38 6411/384/38 6412/385/38 6416/386/38
f 6413/387/55 6409/154/55 6411/388/55 6415/386/55
f 6410/154/54 6414/387/54 6416/386/54 6412/388/54
f 6417/376/36 6418/377/36 6420/378/36 6419/379/36
f 6422/165/32 6421/380/32 6423/381/32 6424/382/32
f 6422/383/34 6418/384/34 6417/385/34 6421/386/34
f 6423/383/38 6419/384/38 6420/385/38 6424/386/38
f 6421/387/55 6417/154/55 6419/388/55 6423/386/55
f 6418/154/54 6422/387/54 6424/386/54 6420/388/54
f 6425/376/36 6426/377/36 6428/378/36 6427/379/36
f 6430/165/32 6429/380/32 6431/381/32 6432/382/32
f 6430/383/34 6426/384/34 6425/385/34 6429/386/34
f 6431/383/38 6427/384/38 6428/385/38 6432/386/38
f 6429/387/55 6425/154/55 6427/388/55 6431/386/55
f 6426/154/54 6430/387/54 6432/386/54 6428/388/54
f 6433/376/36 6434/377/36 6436/378/36 6435/379/36
f 6438/165/32 6437/380/32 6439/381/32 6440/382/32
f 6438/383/34 6434/384/34 6433/385/34 6437/386/34
f 6439/383/38 6435/384/38 6436/385/38 6440/386/38
f 6437/387/55 6433/154/55 6435/388/55 6439/386/55
f 6434/154/54 6438/387/54 6440/386/54 6436/388/54
f 6441/376/36 6442/377/36 6444/378/36 6443/379/36
f 6446/165/32 6445/380/32 6447/381/32 6448/382/32
f 6446/383/34 6442/384/34 6441/385/34 6445/386/34
f 6447/383/38 6443/384/38 6444/385/38 6448/386/38
f 6445/387/55 6441/154/55 6443/388/55 6447/386/55
f 6442/154/54 6446/387/54 6448/386/54 6444/388/54
f 6449/376/36 6450/377/36 6452/378/36 6451/379/36
f 6454/165/32 6453/380/32 6455/381/32 6456/382/32
f 6454/383/34 6450/384/34 6449/385/34 6453/386/34
f 6455/383/38 6451/384/38 6452/385/38 6456/386/38
f 6453/387/55 6449/154/55 6451/388/55 6455/386/55
f 6450/154/54 6454/387/54 6456/386/54 6452/388/54
f 6457/376/36 6458/377/36 6460/378/36 6459/379/36
f 6462/165/32 6461/380/32 6463/381/32 6464/382/32
f 6462/383/34 6458/384/34 6457/385/34 6461/386/34
f 6463/383/38 6459/384/38 6460/385/38 6464/386/38
f 6461/387/55 6457/154/55 6459/388/55 6463/386/55
f 6458/154/54 6462/387/54 6464/386/54 6460/388/54
f 6465/376/36 6466/377/36 6468/378/36 6467/379/36
f 6470/165/32 6469/380/32 6471/381/32 6472/382/32
f 6470/383/34 6466/384/34 6465/385/34 6469/386/34
f 6471/383/38 6467/384/38 6468/385/38 6472/386/38
f 6469/387/55 6465/154/55 6467/388/55 6471/386/55
f 6466/154/54 6470/387/54 6472/386/54 6468/388/54
f 6473/376/36 6474/377/36 6476/378/36 6475/379/36
f 6478/165/32 6477/380/32 6479/381/32 6480/382/32
f 6478/383/34 6474/384/34 6473/385/34 6477/386/34
f 6479/383/38 6475/384/38 6476/385/38 6480/386/38
f 6477/387/55 6473/154/55 6475/388/55 6479/386/55
f 6474/154/54 6478/387/54 6480/386/54 6476/388/54
f 6481/376/36 6482/377/36 6484/378/36 6483/379/36
f 6486/165/32 6485/380/32 6487/381/32 6488/382/32
f 6486/383/34 6482/384/34 6481/385/34 6485/386/34
f 6487/383/38 6483/384/38 6484/385/38 6488/386/38
f 6485/387/55 6481/154/55 6483/388/55 6487/386/55
f 6482/154/54 6486/387/54 6488/386/54 6484/388/54
f 6489/376/36 6490/377/36 6492/378/36 6491/379/36
f 6494/165/32 6493/380/32 6495/381/32 6496/382/32
f 6494/383/34 6490/384/34 6489/385/34 6493/386/34
f 6495/383/38 6491/384/38 6492/385/38 6496/386/38
f 6493/387/55 6489/154/55 6491/388/55 6495/386/55
f 6490/154/54 6494/387/54 6496/386/54 6492/388/54
f 6497/376/36 6498/377/36 6500/378/36 6499/379/36
f 6502/165/32 6501/380/32 6503/381/32 6504/382/32
f 6502/383/34 6498/384/34 6497/385/34 6501/386/34
f 6503/383/38 6499/384/38 6500/385/38 6504/386/38
f 6501/387/55 6497/154/55 6499/388/55 6503/386/55
f 6498/154/54 6502/387/54 6504/386/54 6500/388/54
f 6508/378/32 6506/377/32 6505/376/32 6507/379/32
f 6511/381/36 6509/380/36 6510/165/36 6512/382/36
f 6505/385/34 6506/384/34 6510/383/34 6509/386/34
f 6508/385/38 6507/384/38 6511/383/38 6512/386/38
f 6507/388/53 6505/154/53 6509/387/53 6511/386/53
f 6512/386/52 6510/387/52 6506/154/52 6508/388/52
f 6516/378/32 6514/377/32 6513/376/32 6515/379/32
f 6519/381/36 6517/380/36 6518/165/36 6520/382/36
f 6513/385/34 6514/384/34 6518/383/34 6517/386/34
f 6516/385/38 6515/384/38 6519/383/38 6520/386/38
f 6515/388/53 6513/154/53 6517/387/53 6519/386/53
f 6520/386/52 6518/387/52 6514/154/52 6516/388/52
f 6524/378/32 6522/377/32 6521/376/32 6523/379/32
f 6527/381/36 6525/380/36 6526/165/36 6528/382/36
f 6521/385/34 6522/384/34 6526/383/34 6525/386/34
f 6524/385/38 6523/384/38 6527/383/38 6528/386/38
f 6523/388/53 6521/154/53 6525/387/53 6527/386/53
f 6528/386/52 6526/387/52 6522/154/52 6524/388/52
f 6532/378/32 6530/377/32 6529/376/32 6531/379/32
f 6535/381/36 6533/380/36 6534/165/36 6536/382/36
f 6529/385/34 6530/384/34 6534/383/34 6533/386/34
f 6532/385/38 6531/384/38 6535/383/38 6536/386/38
f 6531/388/53 6529/154/53 6533/387/53 6535/386/53
f 6536/386/52 6534/387/52 6530/154/52 6532/388/52
f 6540/378/32 6538/377/32 6537/376/32 6539/379/32
f 6543/381/36 6541/380/36 6542/165/36 6544/382/36
f 6537/385/34 6538/384/34 6542/383/34 6541/386/34
f 6540/385/38 6539/384/38 6543/383/38 6544/386/38
f 6539/388/53 6537/154/53 6541/387/53 6543/386/53
f 6544/386/52 6542/387/52 6538/154/52 6540/388/52
f 6548/378/32 6546/377/32 6545/376/32 6547/379/32
f 6551/381/36 6549/380/36 6550/165/36 6552/382/36
f 6545/385/34 6546/384/34 6550/383/34 6549/386/34
f 6548/385/38 6547/384/38 6551/383/38 6552/386/38
f 6547/388/53 6545/154/53 6549/387/53 6551/386/53
f 6552/386/52 6550/387/52 6546/154/52 6548/388/52
f 6556/378/32 6554/377/32 6553/376/32 6555/379/32
f 6559/381/36 6557/380/36 6558/165/36 6560/382/36
f 6553/385/34 6554/384/34 6558/383/34 6557/386/34
f 6556/385/38 6555/384/38 6559/383/38 6560/386/38
f 6555/388/53 6553/154/53 6557/387/53 6559/386/53
f 6560/386/52 6558/387/52 6554/154/52 6556/388/52
f 6564/378/32 6562/377/32 6561/376/32 6563/379/32
f 6567/381/36 6565/380/36 6566/165/36 6568/382/36
f 6561/385/34 6562/384/34 6566/383/34 6565/386/34
f 6564/385/38 6563/384/38 6567/383/38 6568/386/38
f 6563/388/53 6561/154/53 6565/387/53 6567/386/53
f 6568/386/52 6566/387/52 6562/154/52 6564/388/52
f 6572/378/32 6570/377/32 6569/376/32 6571/379/32
f 6575/381/36 6573/380/36 6574/165/36 6576/382/36
f 6569/385/34 6570/384/34 6574/383/34 6573/386/34
f 6572/385/38 6571/384/38 6575/383/38 6576/386/38
f 6571/388/53 6569/154/53 6573/387/53 6575/386/53
f 6576/386/52 6574/387/52 6570/154/52 6572/388/52
f 6580/378/32 6578/377/32 6577/376/32 6579/379/32
f 6583/381/36 6581/380/36 6582/165/36 6584/382/36
f 6577/385/34 6578/384/34 6582/383/34 6581/386/34
f 6580/385/38 6579/384/38 6583/383/38 6584/386/38
f 6579/388/53 6577/154/53 6581/387/53 6583/386/53
f 6584/386/52 6582/387/52 6578/154/52 6580/388/52
f 6588/378/32 6586/377/32 6585/376/32 6587/379/32
f 6591/381/36 6589/380/36 6590/165/36 6592/382/36
f 6585/385/34 6586/384/34 6590/383/34 6589/386/34
f 6588/385/38 6587/384/38 6591/383/38 6592/386/38
f 6587/388/53 6585/154/53 6589/387/53 6591/386/53
f 6592/386/52 6590/387/52 6586/154/52 6588/388/52
f 6596/378/32 6594/377/32 6593/376/32 6595/379/32
f 6599/381/36 6597/380/36 6598/165/36 6600/382/36
f 6593/385/34 6594/384/34 6598/383/34 6597/386/34
f 6596/385/38 6595/384/38 6599/383/38 6600/386/38
f 6595/388/53 6593/154/53 6597/387/53 6599/386/53
f 6600/386/52 6598/387/52 6594/154/52 6596/388/52
f 6604/378/32 6602/377/32 6601/376/32 6603/379/32
f 6607/381/36 6605/380/36 6606/165/36 6608/382/36
f 6601/385/34 6602/384/34 6606/383/34 6605/386/34
f 6604/385/38 6603/384/38 6607/383/38 6608/386/38
f 6603/388/53 6601/154/53 6605/387/53 6607/386/53
f 6608/386/52 6606/387/52 6602/154/52 6604/388/52
f 6612/378/32 6610/377/32 6609/376/32 6611/379/32
f 6615/381/36 6613/380/36 6614/165/36 6616/382/36
f 6609/385/34 6610/384/34 6614/383/34 6613/386/34
f 6612/385/38 6611/384/38 6615/383/38 6616/386/38
f 6611/388/53 6609/154/53 6613/387/53 6615/386/53
f 6616/386/52 6614/387/52 6610/154/52 6612/388/52
f 6620/378/32 6618/377/32 6617/376/32 6619/379/32
f 6623/381/36 6621/380/36 6622/165/36 6624/382/36
f 6617/385/34 6618/384/34 6622/383/34 6621/386/34
f 6620/385/38 6619/384/38 6623/383/38 6624/386/38
f 6619/388/53 6617/154/53 6621/387/53 6623/386/53
f 6624/386/52 6622/387/52 6618/154/52 6620/388/52
f 6628/475/34 6626/476/34 6625/477/34 6627/478/34
f 6631/475/38 6629/476/38 6630/477/38 6632/478/38
f 6627/475/32 6625/476/32 6629/477/32 6631/478/32
f 6632/475/36 6630/476/36 6626/477/36 6628/478/36
f 6636/475/34 6634/476/34 6633/477/34 6635/478/34
f 6639/475/38 6637/476/38 6638/477/38 6640/478/38
f 6633/479/31 6634/480/31 6638/481/31 6637/482/31
f 6635/475/32 6633/476/32 6637/477/32 6639/478/32
f 6640/475/36 6638/476/36 6634/477/36 6636/478/36
f 6644/475/34 6642/476/34 6641/477/34 6643/478/34
f 6647/475/38 6645/476/38 6646/477/38 6648/478/38
f 6644/479/1 6643/480/1 6647/481/1 6648/482/1
f 6643/475/32 6641/476/32 6645/477/32 6647/478/32
f 6648/475/36 6646/476/36 6642/477/36 6644/478/36
f 6649/376/36 6650/377/36 6652/378/36 6651/379/36
f 6654/165/32 6653/380/32 6655/381/32 6656/382/32
f 6654/383/34 6650/384/34 6649/385/34 6653/386/34
f 6655/383/38 6651/384/38 6652/385/38 6656/386/38
f 6653/387/55 6649/154/55 6651/388/55 6655/386/55
f 6650/154/54 6654/387/54 6656/386/54 6652/388/54
f 6657/376/36 6658/377/36 6660/378/36 6659/379/36
f 6662/165/32 6661/380/32 6663/381/32 6664/382/32
f 6662/383/34 6658/384/34 6657/385/34 6661/386/34
f 6663/383/38 6659/384/38 6660/385/38 6664/386/38
f 6661/387/55 6657/154/55 6659/388/55 6663/386/55
f 6658/154/54 6662/387/54 6664/386/54 6660/388/54
f 6665/376/36 6666/377/36 6668/378/36 6667/379/36
f 6670/165/32 6669/380/32 6671/381/32 6672/382/32
f 6670/383/34 6666/384/34 6665/385/34 6669/386/34
f 6671/383/38 6667/384/38 6668/385/38 6672/386/38
f 6669/387/55 6665/154/55 6667/388/55 6671/386/55
f 6666/154/54 6670/387/54 6672/386/54 6668/388/54
f 6673/376/36 6674/377/36 6676/378/36 6675/379/36
f 6678/165/32 6677/380/32 6679/381/32 6680/382/32
f 6678/383/34 6674/384/34 6673/385/34 6677/386/34
f 6679/383/38 6675/384/38 6676/385/38 6680/386/38
f 6677/387/55 6673/154/55 6675/388/55 6679/386/55
f 6674/154/54 6678/387/54 6680/386/54 6676/388/54
f 6681/376/36 6682/377/36 6684/378/36 6683/379/36
f 6686/165/32 6685/380/32 6687/381/32 6688/382/32
f 6686/383/34 6682/384/34 6681/385/34 6685/386/34
f 6687/383/38 6683/384/38 6684/385/38 6688/386/38
f 6685/387/55 6681/154/55 6683/388/55 6687/386/55
f 6682/154/54 6686/387/54 6688/386/54 6684/388/54
f 6689/376/36 6690/377/36 6692/378/36 6691/379/36
f 6694/165/32 6693/380/32 6695/381/32 6696/382/32
f 6694/383/34 6690/384/34 6689/385/34 6693/386/34
f 6695/383/38 6691/384/38 6692/385/38 6696/386/38
f 6693/387/55 6689/154/55 6691/388/55 6695/386/55
f 6690/154/54 6694/387/54 6696/386/54 6692/388/54
f 6697/376/36 6698/377/36 6700/378/36 6699/379/36
f 6702/165/32 6701/380/32 6703/381/32 6704/382/32
f 6702/383/34 6698/384/34 6697/385/34 6701/386/34
f 6703/383/38 6699/384/38 6700/385/38 6704/386/38
f 6701/387/55 6697/154/55 6699/388/55 6703/386/55
f 6698/154/54 6702/387/54 6704/386/54 6700/388/54
f 6705/376/36 6706/377/36 6708/378/36 6707/379/36
f 6710/165/32 6709/380/32 6711/381/32 6712/382/32
f 6710/383/34 6706/384/34 6705/385/34 6709/386/34
f 6711/383/38 6707/384/38 6708/385/38 6712/386/38
f 6709/387/55 6705/154/55 6707/388/55 6711/386/55
f 6706/154/54 6710/387/54 6712/386/54 6708/388/54
f 6713/376/36 6714/377/36 6716/378/36 6715/379/36
f 6718/165/32 6717/380/32 6719/381/32 6720/382/32
f 6718/383/34 6714/384/34 6713/385/34 6717/386/34
f 6719/383/38 6715/384/38 6716/385/38 6720/386/38
f 6717/387/55 6713/154/55 6715/388/55 6719/386/55
f 6714/154/54 6718/387/54 6720/386/54 6716/388/54
f 6721/376/36 6722/377/36 6724/378/36 6723/379/36
f 6726/165/32 6725/380/32 6727/381/32 6728/382/32
f 6726/383/34 6722/384/34 6721/385/34 6725/386/34
f 6727/383/38 6723/384/38 6724/385/38 6728/386/38
f 6725/387/55 6721/154/55 6723/388/55 6727/386/55
f 6722/154/54 6726/387/54 6728/386/54 6724/388/54
f 6729/376/36 6730/377/36 6732/378/36 6731/379/36
f 6734/165/32 6733/380/32 6735/381/32 6736/382/32
f 6734/383/34 6730/384/34 6729/385/34 6733/386/34
f 6735/383/38 6731/384/38 6732/385/38 6736/386/38
f 6733/387/55 6729/154/55 6731/388/55 6735/386/55
f 6730/154/54 6734/387/54 6736/386/54 6732/388/54
f 6737/376/36 6738/377/36 6740/378/36 6739/379/36
f 6742/165/32 6741/380/32 6743/381/32 6744/382/32
f 6742/383/34 6738/384/34 6737/385/34 6741/386/34
f 6743/383/38 6739/384/38 6740/385/38 6744/386/38
f 6741/387/55 6737/154/55 6739/388/55 6743/386/55
f 6738/154/54 6742/387/54 6744/386/54 6740/388/54
f 6745/376/36 6746/377/36 6748/378/36 6747/379/36
f 6750/165/32 6749/380/32 6751/381/32 6752/382/32
f 6750/383/34 6746/384/34 6745/385/34 6749/386/34
f 6751/383/38 6747/384/38 6748/385/38 6752/386/38
f 6749/387/55 6745/154/55 6747/388/55 6751/386/55
f 6746/154/54 6750/387/54 6752/386/54 6748/388/54
f 6753/376/36 6754/377/36 6756/378/36 6755/379/36
f 6758/165/32 6757/380/32 6759/381/32 6760/382/32
f 6758/383/34 6754/384/34 6753/385/34 6757/386/34
f 6759/383/38 6755/384/38 6756/385/38 6760/386/38
f 6757/387/55 6753/154/55 6755/388/55 6759/386/55
f 6754/154/54 6758/387/54 6760/386/54 6756/388/54
f 6761/376/36 6762/377/36 6764/378/36 6763/379/36
f 6766/165/32 6765/380/32 6767/381/32 6768/382/32
f 6766/383/34 6762/384/34 6761/385/34 6765/386/34
f 6767/383/38 6763/384/38 6764/385/38 6768/386/38
f 6765/387/55 6761/154/55 6763/388/55 6767/386/55
f 6762/154/54 6766/387/54 6768/386/54 6764/388/54
f 6772/378/32 6770/377/32 6769/376/32 6771/379/32
f 6775/381/36 6773/380/36 6774/165/36 6776/382/36
f 6769/385/34 6770/384/34 6774/383/34 6773/386/34
f 6772/385/38 6771/384/38 6775/383/38 6776/386/38
f 6771/388/53 6769/154/53 6773/387/53 6775/386/53
f 6776/386/52 6774/387/52 6770/154/52 6772/388/52
f 6780/378/32 6778/377/32 6777/376/32 6779/379/32
f 6783/381/36 6781/380/36 6782/165/36 6784/382/36
f 6777/385/34 6778/384/34 6782/383/34 6781/386/34
f 6780/385/38 6779/384/38 6783/383/38 6784/386/38
f 6779/388/53 6777/154/53 6781/387/53 6783/386/53
f 6784/386/52 6782/387/52 6778/154/52 6780/388/52
f 6788/378/32 6786/377/32 6785/376/32 6787/379/32
f 6791/381/36 6789/380/36 6790/165/36 6792/382/36
f 6785/385/34 6786/384/34 6790/383/34 6789/386/34
f 6788/385/38 6787/384/38 6791/383/38 6792/386/38
f 6787/388/53 6785/154/53 6789/387/53 6791/386/53
f 6792/386/52 6790/387/52 6786/154/52 6788/388/52
f 6796/378/32 6794/377/32 6793/376/32 6795/379/32
f 6799/381/36 6797/380/36 6798/165/36 6800/382/36
f 6793/385/34 6794/384/34 6798/383/34 6797/386/34
f 6796/385/38 6795/384/38 6799/383/38 6800/386/38
f 6795/388/53 6793/154/53 6797/387/53 6799/386/53
f 6800/386/52 6798/387/52 6794/154/52 6796/388/52
f 6804/378/32 6802/377/32 6801/376/32 6803/379/32
f 6807/381/36 6805/380/36 6806/165/36 6808/382/36
f 6801/385/34 6802/384/34 6806/383/34 6805/386/34
f 6804/385/38 6803/384/38 6807/383/38 6808/386/38
f 6803/388/53 6801/154/53 6805/387/53 6807/386/53
f 6808/386/52 6806/387/52 6802/154/52 6804/388/52
f 6812/378/32 6810/377/32 6809/376/32 6811/379/32
f 6815/381/36 6813/380/36 6814/165/36 6816/382/36
f 6809/385/34 6810/384/34 6814/383/34 6813/386/34
f 6812/385/38 6811/384/38 6815/383/38 6816/386/38
f 6811/388/53 6809/154/53 6813/387/53 6815/386/53
f 6816/386/52 6814/387/52 6810/154/52 6812/388/52
f 6820/378/32 6818/377/32 6817/376/32 6819/379/32
f 6823/381/36 6821/380/36 6822/165/36 6824/382/36
f 6817/385/34 6818/384/34 6822/383/34 6821/386/34
f 6820/385/38 6819/384/38 6823/383/38 6824/386/38
f 6819/388/53 6817/154/53 6821/387/53 6823/386/53
f 6824/386/52 6822/387/52 6818/154/52 6820/388/52
f 6828/378/32 6826/377/32 6825/376/32 6827/379/32
f 6831/381/36 6829/380/36 6830/165/36 6832/382/36
f 6825/385/34 6826/384/34 6830/383/34 6829/386/34
f 6828/385/38 6827/384/38 6831/383/38 6832/386/38
f 6827/388/53 6825/154/53 6829/387/53 6831/386/53
f 6832/386/52 6830/387/52 6826/154/52 6828/388/52
f 6836/378/32 6834/377/32 6833/376/32 6835/379/32
f 6839/381/36 6837/380/36 6838/165/36 6840/382/36
f 6833/385/34 6834/384/34 6838/383/34 6837/386/34
f 6836/385/38 6835/384/38 6839/383/38 6840/386/38
f 6835/388/53 6833/154/53 6837/387/53 6839/386/53
f 6840/386/52 6838/387/52 6834/154/52 6836/388/52
f 6844/378/32 6842/377/32 6841/376/32 6843/379/32
f 6847/381/36 6845/380/36 6846/165/36 6848/382/36
f 6841/385/34 6842/384/34 6846/383/34 6845/386/34
f 6844/385/38 6843/384/38 6847/383/38 6848/386/38
f 6843/388/53 6841/154/53 6845/387/53 6847/386/53
f 6848/386/52 6846/387/52 6842/154/52 6844/388/52
f 6852/378/32 6850/377/32 6849/376/32 6851/379/32
f 6855/381/36 6853/380/36 6854/165/36 6856/382/36
f 6849/385/34 6850/384/34 6854/383/34 6853/386/34
f 6852/385/38 6851/384/38 6855/383/38 6856/386/38
f 6851/388/53 6849/154/53 6853/387/53 6855/386/53
f 6856/386/52 6854/387/52 6850/154/52 6852/388/52
f 6860/378/32 6858/377/32 6857/376/32 6859/379/32
f 6863/381/36 6861/380/36 6862/165/36 6864/382/36
f 6857/385/34 6858/384/34 6862/383/34 6861/386/34
f 6860/385/38 6859/384/38 6863/383/38 6864/386/38
f 6859/388/53 6857/154/53 6861/387/53 6863/386/53
f 6864/386/52 6862/387/52 6858/154/52 6860/388/52
f 6868/378/32 6866/377/32 6865/376/32 6867/379/32
f 6871/381/36 6869/380/36 6870/165/36 6872/382/36
f 6865/385/34 6866/384/34 6870/383/34 6869/386/34
f 6868/385/38 6867/384/38 6871/383/38 6872/386/38
f 6867/388/53 6865/154/53 6869/387/53 6871/386/53
f 6872/386/52 6870/387/52 6866/154/52 6868/388/52
f 6876/378/32 6874/377/32 6873/376/32 6875/379/32
f 6879/381/36 6877/380/36 6878/165/36 6880/382/36
f 6873/385/34 6874/384/34 6878/383/34 6877/386/34
f 6876/385/38 6875/384/38 6879/383/38 6880/386/38
f 6875/388/53 6873/154/53 6877/387/53 6879/386/53
f 6880/386/52 6878/387/52 6874/154/52 6876/388/52
f 6884/378/32 6882/377/32 6881/376/32 6883/379/32
f 6887/381/36 6885/380/36 6886/165/36 6888/382/36
f 6881/385/34 6882/384/34 6886/383/34 6885/386/34
f 6884/385/38 6883/384/38 6887/383/38 6888/386/38
f 6883/388/53 6881/154/53 6885/387/53 6887/386/53
f 6888/386/52 6886/387/52 6882/154/52 6884/388/52
usemtl m_fd61b9ea-1a45-8a62-c0dc-54e43fd39aba.002
f 1534/439/35 1532/440/35 1533/441/35 1535/442/35
f 1537/443/30 1536/444/30 1538/445/30 1539/446/30
f 1533/447/31 1532/448/31 1536/449/31 1537/450/31
f 1538/449/1 1534/448/1 1535/447/1 1539/450/1
f 1536/451/37 1532/452/37 1534/453/37 1538/454/37
f 2493/441/37 2492/440/37 2494/439/37 2495/442/37
f 2498/445/33 2496/444/33 2497/443/33 2499/446/33
f 2496/449/31 2492/448/31 2493/447/31 2497/450/31
f 2495/447/1 2494/448/1 2498/449/1 2499/450/1
f 2494/453/35 2492/452/35 2496/451/35 2498/454/35
f 3453/439/30 3451/440/30 3452/441/30 3454/442/30
f 3456/443/35 3455/444/35 3457/445/35 3458/446/35
f 3452/447/31 3451/448/31 3455/449/31 3456/450/31
f 3457/449/1 3453/448/1 3454/447/1 3458/450/1
f 3455/451/33 3451/452/33 3453/453/33 3457/454/33
f 4411/441/33 4410/440/33 4412/439/33 4413/442/33
f 4416/445/37 4414/444/37 4415/443/37 4417/446/37
f 4414/449/31 4410/448/31 4411/447/31 4415/450/31
f 4413/447/1 4412/448/1 4416/449/1 4417/450/1
f 4412/453/30 4410/452/30 4414/451/30 4416/454/30
f 4512/471/31 4508/472/31 4509/473/31 4513/474/31
f 5128/471/31 5124/472/31 5125/473/31 5129/474/31
f 5743/471/31 5739/472/31 5740/473/31 5744/474/31
f 6359/471/31 6355/472/31 6356/473/31 6360/474/31
f 6892/483/32 6890/484/32 6889/485/32 6891/486/32
f 6889/487/31 6890/488/31 6894/489/31 6893/490/31
f 6892/488/1 6891/487/1 6895/490/1 6896/489/1
f 6891/491/38 6889/492/38 6893/493/38 6895/494/38
f 6896/491/34 6894/492/34 6890/493/34 6892/494/34
f 6900/491/32 6898/492/32 6897/493/32 6899/494/32
f 6903/495/36 6901/450/36 6902/163/36 6904/496/36
f 6897/497/31 6898/498/31 6902/499/31 6901/489/31
f 6900/498/1 6899/497/1 6903/489/1 6904/499/1
f 6899/500/38 6897/501/38 6901/163/38 6903/496/38
f 6908/502/32 6906/503/32 6905/504/32 6907/505/32
f 6905/506/31 6906/507/31 6910/508/31 6909/499/31
f 6908/507/1 6907/506/1 6911/499/1 6912/508/1
f 6907/491/38 6905/492/38 6909/493/38 6911/494/38
f 6912/491/34 6910/492/34 6906/493/34 6908/494/34
f 6916/509/32 6914/510/32 6913/511/32 6915/512/32
f 6919/509/36 6917/510/36 6918/511/36 6920/512/36
f 6913/513/31 6914/514/31 6918/515/31 6917/516/31
f 6916/513/1 6915/514/1 6919/515/1 6920/516/1
f 6915/513/38 6913/514/38 6917/515/38 6919/516/38
f 6920/516/34 6918/515/34 6914/510/34 6916/509/34
f 6924/509/32 6922/510/32 6921/511/32 6923/512/32
f 6927/509/36 6925/510/36 6926/511/36 6928/512/36
f 6921/513/31 6922/514/31 6926/515/31 6925/516/31
f 6924/513/1 6923/514/1 6927/515/1 6928/516/1
f 6923/513/38 6921/514/38 6925/515/38 6927/516/38
f 6928/516/34 6926/515/34 6922/510/34 6924/509/34
f 6932/509/32 6930/510/32 6929/511/32 6931/512/32
f 6935/509/36 6933/510/36 6934/511/36 6936/512/36
f 6929/513/31 6930/514/31 6934/515/31 6933/516/31
f 6932/513/1 6931/514/1 6935/515/1 6936/516/1
f 6931/513/38 6929/514/38 6933/515/38 6935/516/38
f 6936/516/34 6934/515/34 6930/510/34 6932/509/34
f 6943/517/36 6941/518/36 6942/519/36 6944/520/36
f 6937/521/31 6938/522/31 6942/523/31 6941/524/31
f 6939/525/38 6937/526/38 6941/527/38 6943/528/38
f 6944/529/34 6942/530/34 6938/531/34 6940/532/34
f 6948/533/32 6946/534/32 6945/535/32 6947/536/32
f 6951/536/36 6949/535/36 6950/534/36 6952/533/36
f 6945/535/31 6946/534/31 6950/533/31 6949/536/31
f 6948/534/1 6947/535/1 6951/536/1 6952/533/1
f 6947/537/38 6945/538/38 6949/539/38 6951/540/38
f 6952/537/34 6950/538/34 6946/539/34 6948/540/34
f 6956/541/45 6954/542/45 6953/543/45 6955/544/45
f 6959/544/36 6957/543/36 6958/542/36 6960/541/36
f 6953/545/31 6954/546/31 6958/547/31 6957/540/31
f 6956/543/1 6955/542/1 6959/541/1 6960/544/1
f 6955/548/38 6953/549/38 6957/550/38 6959/551/38
f 6960/537/34 6958/538/34 6954/539/34 6956/540/34
f 6961/543/69 6962/542/69 6964/541/69 6963/544/69
f 6966/542/36 6965/543/36 6967/544/36 6968/541/36
f 6966/547/31 6962/546/31 6961/545/31 6965/540/31
f 6967/541/1 6963/542/1 6964/543/1 6968/544/1
f 6965/550/34 6961/549/34 6963/548/34 6967/551/34
f 6962/539/38 6966/538/38 6968/537/38 6964/540/38
f 6969/543/70 6970/542/70 6972/541/70 6971/544/70
f 6974/542/32 6973/543/32 6975/544/32 6976/541/32
f 6974/547/31 6970/546/31 6969/545/31 6973/540/31
f 6975/541/1 6971/542/1 6972/543/1 6976/544/1
f 6973/550/38 6969/549/38 6971/548/38 6975/551/38
f 6970/539/34 6974/538/34 6976/537/34 6972/540/34
f 6980/552/38 6978/553/38 6977/554/38 6979/454/38
f 6983/454/34 6981/554/34 6982/553/34 6984/552/34
f 6977/554/31 6978/553/31 6982/552/31 6981/454/31
f 6980/554/1 6979/553/1 6983/552/1 6984/454/1
f 6979/537/36 6977/538/36 6981/539/36 6983/540/36
f 6984/537/32 6982/538/32 6978/539/32 6980/540/32
f 6988/555/36 6986/541/36 6985/544/36 6987/556/36
f 6991/556/32 6989/544/32 6990/541/32 6992/555/32
f 6985/544/31 6986/541/31 6990/555/31 6989/556/31
f 6988/544/1 6987/541/1 6991/555/1 6992/556/1
f 6987/537/34 6985/538/34 6989/539/34 6991/540/34
f 6992/537/38 6990/538/38 6986/539/38 6988/540/38
f 6996/555/34 6994/541/34 6993/544/34 6995/556/34
f 6999/556/38 6997/544/38 6998/541/38 7000/555/38
f 6993/544/31 6994/541/31 6998/555/31 6997/556/31
f 6996/544/1 6995/541/1 6999/555/1 7000/556/1
f 6995/537/32 6993/538/32 6997/539/32 6999/540/32
f 7000/537/36 6998/538/36 6994/539/36 6996/540/36
f 7003/487/32 7010/557/32 7009/558/32 7001/490/32
f 7001/521/31 7009/559/31 7012/560/31 7005/524/31
f 7007/471/1 7011/561/1 7010/562/1 7003/472/1
f 7008/563/34 7006/564/34 7002/565/34 7004/566/34
f 7002/508/32 7009/486/32 7010/567/32 7004/507/32
f 7004/473/1 7010/562/1 7011/561/1 7008/474/1
f 7006/523/31 7012/568/31 7009/569/31 7002/522/31
f 7017/508/36 7024/486/36 7023/567/36 7019/507/36
f 7013/521/31 7021/559/31 7024/560/31 7017/524/31
f 7019/471/1 7023/561/1 7022/562/1 7015/472/1
f 7020/570/34 7018/495/34 7014/496/34 7016/571/34
f 7016/473/1 7022/562/1 7023/561/1 7020/474/1
f 7020/487/36 7023/557/36 7024/558/36 7018/490/36
f 7018/523/31 7024/568/31 7021/569/31 7014/522/31
f 7028/572/31 7026/573/31 7025/574/31 7027/575/31
f 7031/572/1 7029/573/1 7030/574/1 7032/575/1
f 7025/576/71 7026/577/71 7030/574/71 7029/578/71
f 7028/576/72 7027/577/72 7031/574/72 7032/578/72
f 7027/579/73 7025/577/73 7029/574/73 7031/575/73
f 7032/572/74 7030/573/74 7026/580/74 7028/581/74
f 7036/582/31 7034/583/31 7033/584/31 7035/585/31
f 7039/582/1 7037/583/1 7038/584/1 7040/585/1
f 7033/572/71 7034/573/71 7038/580/71 7037/581/71
f 7036/572/72 7035/573/72 7039/580/72 7040/581/72
f 7035/586/73 7033/587/73 7037/584/73 7039/585/73
f 7040/582/74 7038/583/74 7034/588/74 7036/589/74
f 7044/590/31 7042/591/31 7041/592/31 7043/593/31
f 7047/590/1 7045/591/1 7046/592/1 7048/593/1
f 7041/594/71 7042/591/71 7046/592/71 7045/595/71
f 7044/590/72 7043/596/72 7047/597/72 7048/593/72
f 7043/590/73 7041/591/73 7045/592/73 7047/593/73
f 7048/590/74 7046/591/74 7042/592/74 7044/593/74
f 7052/598/31 7050/599/31 7049/600/31 7051/596/31
f 7055/598/1 7053/599/1 7054/600/1 7056/596/1
f 7049/601/71 7050/599/71 7054/600/71 7053/591/71
f 7052/598/72 7051/602/72 7055/594/72 7056/596/72
f 7051/598/73 7049/599/73 7053/600/73 7055/596/73
f 7056/598/74 7054/599/74 7050/600/74 7052/596/74
f 7060/590/31 7058/591/31 7057/592/31 7059/593/31
f 7063/590/1 7061/591/1 7062/592/1 7064/593/1
f 7057/594/71 7058/591/71 7062/592/71 7061/595/71
f 7060/590/72 7059/596/72 7063/597/72 7064/593/72
f 7059/590/73 7057/591/73 7061/592/73 7063/593/73
f 7064/590/74 7062/591/74 7058/592/74 7060/593/74
f 7068/598/31 7066/599/31 7065/600/31 7067/596/31
f 7071/598/1 7069/599/1 7070/600/1 7072/596/1
f 7065/601/71 7066/599/71 7070/600/71 7069/591/71
f 7068/598/72 7067/602/72 7071/594/72 7072/596/72
f 7067/598/73 7065/599/73 7069/600/73 7071/596/73
f 7072/598/74 7070/599/74 7066/600/74 7068/596/74
f 7076/603/31 7074/582/31 7073/589/31 7075/604/31
f 7079/603/1 7077/582/1 7078/589/1 7080/604/1
f 7073/603/71 7074/582/71 7078/589/71 7077/604/71
f 7076/603/72 7075/582/72 7079/589/72 7080/604/72
f 7075/603/73 7073/582/73 7077/589/73 7079/604/73
f 7080/603/74 7078/582/74 7074/589/74 7076/604/74
f 7084/603/31 7082/582/31 7081/589/31 7083/604/31
f 7087/603/1 7085/582/1 7086/589/1 7088/604/1
f 7081/603/71 7082/582/71 7086/589/71 7085/604/71
f 7084/603/72 7083/582/72 7087/589/72 7088/604/72
f 7083/603/73 7081/582/73 7085/589/73 7087/604/73
f 7088/603/74 7086/582/74 7082/589/74 7084/604/74
f 7092/580/31 7090/582/31 7089/586/31 7091/605/31
f 7095/580/1 7093/582/1 7094/586/1 7096/605/1
f 7089/576/71 7090/577/71 7094/574/71 7093/578/71
f 7092/576/72 7091/577/72 7095/574/72 7096/578/72
f 7091/574/73 7089/606/73 7093/586/73 7095/605/73
f 7096/580/74 7094/582/74 7090/589/74 7092/577/74
f 7100/593/31 7098/595/31 7097/607/31 7099/608/31
f 7103/593/1 7101/595/1 7102/607/1 7104/608/1
f 7097/597/71 7098/595/71 7102/607/71 7101/609/71
f 7100/593/72 7099/597/72 7103/609/72 7104/608/72
f 7099/593/73 7097/595/73 7101/607/73 7103/608/73
f 7104/593/74 7102/595/74 7098/607/74 7100/608/74
f 7108/590/31 7106/591/31 7105/592/31 7107/593/31
f 7111/590/1 7109/591/1 7110/592/1 7112/593/1
f 7105/594/71 7106/591/71 7110/592/71 7109/595/71
f 7108/590/72 7107/596/72 7111/597/72 7112/593/72
f 7107/590/73 7105/591/73 7109/592/73 7111/593/73
f 7112/590/74 7110/591/74 7106/592/74 7108/593/74
f 7116/598/31 7114/599/31 7113/600/31 7115/596/31
f 7119/598/1 7117/599/1 7118/600/1 7120/596/1
f 7113/601/71 7114/599/71 7118/600/71 7117/591/71
f 7116/598/72 7115/602/72 7119/594/72 7120/596/72
f 7115/598/73 7113/599/73 7117/600/73 7119/596/73
f 7120/598/74 7118/599/74 7114/600/74 7116/596/74
f 7124/590/31 7122/591/31 7121/592/31 7123/593/31
f 7127/590/1 7125/591/1 7126/592/1 7128/593/1
f 7121/594/71 7122/591/71 7126/592/71 7125/595/71
f 7124/590/72 7123/596/72 7127/597/72 7128/593/72
f 7123/590/73 7121/591/73 7125/592/73 7127/593/73
f 7128/590/74 7126/591/74 7122/592/74 7124/593/74
f 7132/598/31 7130/599/31 7129/600/31 7131/596/31
f 7135/598/1 7133/599/1 7134/600/1 7136/596/1
f 7129/601/71 7130/599/71 7134/600/71 7133/591/71
f 7132/598/72 7131/602/72 7135/594/72 7136/596/72
f 7131/598/73 7129/599/73 7133/600/73 7135/596/73
f 7136/598/74 7134/599/74 7130/600/74 7132/596/74
f 7140/585/31 7138/610/31 7137/611/31 7139/612/31
f 7143/585/1 7141/610/1 7142/611/1 7144/612/1
f 7137/610/71 7138/611/71 7142/613/71 7141/584/71
f 7140/614/72 7139/615/72 7143/612/72 7144/585/72
f 7139/603/73 7137/583/73 7141/588/73 7143/604/73
f 7144/603/74 7142/583/74 7138/588/74 7140/604/74
f 7148/587/31 7146/616/31 7145/610/31 7147/584/31
f 7151/587/1 7149/616/1 7150/610/1 7152/584/1
f 7145/587/71 7146/616/71 7150/610/71 7149/584/71
f 7148/587/72 7147/616/72 7151/610/72 7152/584/72
f 7147/587/73 7145/616/73 7149/610/73 7151/584/73
f 7152/587/74 7150/616/74 7146/610/74 7148/584/74
f 7156/615/31 7154/613/31 7153/617/31 7155/618/31
f 7159/615/1 7157/613/1 7158/617/1 7160/618/1
f 7153/615/71 7154/613/71 7158/617/71 7157/618/71
f 7156/615/72 7155/613/72 7159/617/72 7160/618/72
f 7155/615/73 7153/613/73 7157/617/73 7159/618/73
f 7160/615/74 7158/613/74 7154/617/74 7156/618/74
usemtl m_a8fe57a6-e0cc-4449-9f7c-b4002403fe34
f 7246/199/77 7242/631/77 7241/424/77 7245/198/77
f 7247/632/1 7243/629/1 7244/633/1 7248/634/1
f 7242/635/36 7246/636/36 7248/633/36 7244/634/36
f 7254/199/77 7250/631/77 7249/424/77 7253/198/77
f 7255/632/1 7251/629/1 7252/633/1 7256/634/1
f 7250/635/36 7254/636/36 7256/633/36 7252/634/36
f 7262/199/77 7258/631/77 7257/424/77 7261/198/77
f 7263/632/1 7259/629/1 7260/633/1 7264/634/1
f 7258/635/36 7262/636/36 7264/633/36 7260/634/36
f 7266/163/34 7267/214/34 7269/215/34 7268/299/34
f 7271/214/38 7270/233/38 7272/231/38 7273/637/38
f 7271/214/31 7267/638/31 7266/231/31 7270/233/31
f 7272/637/1 7268/214/1 7269/230/1 7273/231/1
f 7270/624/36 7266/639/36 7268/633/36 7272/233/36
f 7267/163/33 7271/295/33 7273/160/33 7269/299/33
f 7277/215/36 7275/214/36 7274/163/36 7276/299/36
f 7280/231/32 7278/233/32 7279/214/32 7281/637/32
f 7274/231/31 7275/638/31 7279/214/31 7278/233/31
f 7277/230/1 7276/214/1 7280/637/1 7281/231/1
f 7276/633/34 7274/639/34 7278/624/34 7280/233/34
f 7281/160/37 7279/295/37 7275/163/37 7277/299/37
f 7285/640/36 7283/641/36 7282/642/36 7284/643/36
f 7288/644/32 7286/645/32 7287/646/32 7289/647/32
f 7282/648/31 7283/649/31 7287/650/31 7286/651/31
f 7285/652/1 7284/653/1 7288/654/1 7289/199/1
f 7284/655/34 7282/656/34 7286/657/34 7288/658/34
f 7289/659/37 7287/660/37 7283/661/37 7285/662/37
f 7290/663/34 7291/664/34 7293/665/34 7292/666/34
f 7295/667/38 7294/668/38 7296/669/38 7297/670/38
f 7295/671/31 7291/672/31 7290/673/31 7294/674/31
f 7296/178/1 7292/675/1 7293/676/1 7297/677/1
f 7294/678/36 7290/679/36 7292/680/36 7296/100/36
f 7291/681/32 7295/682/32 7297/683/32 7293/684/32
f 7298/663/34 7299/664/34 7301/665/34 7300/666/34
f 7303/667/38 7302/668/38 7304/669/38 7305/670/38
f 7303/671/31 7299/672/31 7298/673/31 7302/674/31
f 7304/178/1 7300/675/1 7301/676/1 7305/677/1
f 7302/678/36 7298/679/36 7300/680/36 7304/100/36
f 7299/681/32 7303/682/32 7305/683/32 7301/684/32
f 7306/642/36 7307/641/36 7309/640/36 7308/643/36
f 7311/646/32 7310/645/32 7312/644/32 7313/647/32
f 7311/650/31 7307/649/31 7306/648/31 7310/651/31
f 7312/654/1 7308/653/1 7309/652/1 7313/199/1
f 7310/657/38 7306/656/38 7308/655/38 7312/658/38
f 7307/661/35 7311/660/35 7313/659/35 7309/662/35
f 7317/640/34 7315/641/34 7314/642/34 7316/643/34
f 7320/644/38 7318/645/38 7319/646/38 7321/647/38
f 7314/648/31 7315/649/31 7319/650/31 7318/651/31
f 7317/652/1 7316/653/1 7320/654/1 7321/199/1
f 7316/655/32 7314/656/32 7318/657/32 7320/658/32
f 7321/659/35 7319/660/35 7315/661/35 7317/662/35
f 7322/663/32 7323/664/32 7325/665/32 7324/666/32
f 7327/667/36 7326/668/36 7328/669/36 7329/670/36
f 7327/671/31 7323/672/31 7322/673/31 7326/674/31
f 7328/178/1 7324/675/1 7325/676/1 7329/677/1
f 7326/678/34 7322/679/34 7324/680/34 7328/100/34
f 7323/681/38 7327/682/38 7329/683/38 7325/684/38
f 7330/663/32 7331/664/32 7333/665/32 7332/666/32
f 7335/667/36 7334/668/36 7336/669/36 7337/670/36
f 7335/671/31 7331/672/31 7330/673/31 7334/674/31
f 7336/178/1 7332/675/1 7333/676/1 7337/677/1
f 7334/678/34 7330/679/34 7332/680/34 7336/100/34
f 7331/681/38 7335/682/38 7337/683/38 7333/684/38
f 7338/642/34 7339/641/34 7341/640/34 7340/643/34
f 7343/646/38 7342/645/38 7344/644/38 7345/647/38
f 7343/650/31 7339/649/31 7338/648/31 7342/651/31
f 7344/654/1 7340/653/1 7341/652/1 7345/199/1
f 7342/657/36 7338/656/36 7340/655/36 7344/658/36
f 7339/661/33 7343/660/33 7345/659/33 7341/662/33
f 7349/215/38 7347/214/38 7346/163/38 7348/299/38
f 7352/231/34 7350/233/34 7351/214/34 7353/637/34
f 7346/231/31 7347/638/31 7351/214/31 7350/233/31
f 7349/230/1 7348/214/1 7352/637/1 7353/231/1
f 7348/633/36 7346/639/36 7350/624/36 7352/233/36
f 7353/160/30 7351/295/30 7347/163/30 7349/299/30
f 7354/163/36 7355/214/36 7357/215/36 7356/299/36
f 7359/214/32 7358/233/32 7360/231/32 7361/637/32
f 7359/214/31 7355/638/31 7354/231/31 7358/233/31
f 7360/637/1 7356/214/1 7357/230/1 7361/231/1
f 7358/624/38 7354/639/38 7356/633/38 7360/233/38
f 7355/163/35 7359/295/35 7361/160/35 7357/299/35
f 7362/642/38 7363/641/38 7365/640/38 7364/643/38
f 7367/646/34 7366/645/34 7368/644/34 7369/647/34
f 7367/650/31 7363/649/31 7362/648/31 7366/651/31
f 7368/654/1 7364/653/1 7365/652/1 7369/199/1
f 7366/657/32 7362/656/32 7364/655/32 7368/658/32
f 7363/661/37 7367/660/37 7369/659/37 7365/662/37
f 7373/665/32 7371/664/32 7370/663/32 7372/666/32
f 7376/669/36 7374/668/36 7375/667/36 7377/670/36
f 7370/673/31 7371/672/31 7375/671/31 7374/674/31
f 7373/676/1 7372/675/1 7376/178/1 7377/677/1
f 7372/680/38 7370/679/38 7374/678/38 7376/100/38
f 7377/683/34 7375/682/34 7371/681/34 7373/684/34
f 7381/665/32 7379/664/32 7378/663/32 7380/666/32
f 7384/669/36 7382/668/36 7383/667/36 7385/670/36
f 7378/673/31 7379/672/31 7383/671/31 7382/674/31
f 7381/676/1 7380/675/1 7384/178/1 7385/677/1
f 7380/680/38 7378/679/38 7382/678/38 7384/100/38
f 7385/683/34 7383/682/34 7379/681/34 7381/684/34
f 7389/640/38 7387/641/38 7386/642/38 7388/643/38
f 7392/644/34 7390/645/34 7391/646/34 7393/647/34
f 7386/648/31 7387/649/31 7391/650/31 7390/651/31
f 7389/652/1 7388/653/1 7392/654/1 7393/199/1
f 7388/655/36 7386/656/36 7390/657/36 7392/658/36
f 7393/659/30 7391/660/30 7387/661/30 7389/662/30
f 7394/685/37 7395/686/37 7397/687/37 7396/688/37
f 7399/689/78 7395/690/79 7394/691/79 7398/692/78
f 7400/693/1 7396/694/1 7397/695/1 7401/696/1
f 7405/697/36 7403/698/36 7402/699/36 7404/700/36
f 7402/701/80 7403/702/80 7407/353/80 7406/703/80
f 7405/704/1 7404/705/1 7408/636/1 7409/706/1
f 7413/687/35 7411/686/35 7410/685/35 7412/688/35
f 7410/691/81 7411/690/82 7415/689/82 7414/692/82
f 7413/695/1 7412/694/1 7416/693/1 7417/696/1
f 7421/687/37 7419/686/37 7418/685/37 7420/688/37
f 7418/691/83 7419/690/78 7423/689/78 7422/692/78
f 7421/695/1 7420/694/1 7424/693/1 7425/696/1
f 7426/699/38 7427/698/38 7429/697/38 7428/700/38
f 7265/353/84 7427/702/84 7426/701/84 7430/703/84
f 7431/636/1 7428/705/1 7429/704/1 7432/706/1
f 7433/685/30 7434/686/30 7436/687/30 7435/688/30
f 7438/689/85 7434/690/86 7433/691/86 7437/692/85
f 7439/693/1 7435/694/1 7436/695/1 7440/696/1
f 7444/687/30 7442/686/30 7441/685/30 7443/688/30
f 7441/691/87 7442/690/85 7446/689/85 7445/692/85
f 7444/695/1 7443/694/1 7447/693/1 7448/696/1
f 7449/699/32 7450/698/32 7452/697/32 7451/700/32
f 7454/353/88 7450/702/88 7449/701/88 7453/703/88
f 7455/636/1 7451/705/1 7452/704/1 7456/706/1
f 7457/685/33 7458/686/33 7460/687/33 7459/688/33
f 7462/689/89 7458/690/90 7457/691/90 7461/692/89
f 7463/693/1 7459/694/1 7460/695/1 7464/696/1
f 7465/685/35 7466/686/35 7468/687/35 7467/688/35
f 7470/689/82 7466/690/91 7465/691/91 7469/692/82
f 7471/693/1 7467/694/1 7468/695/1 7472/696/1
f 7476/697/34 7474/698/34 7473/699/34 7475/700/34
f 7473/701/92 7474/702/92 7478/353/92 7477/703/92
f 7476/704/1 7475/705/1 7479/636/1 7480/706/1
f 7484/687/33 7482/686/33 7481/685/33 7483/688/33
f 7481/691/93 7482/690/89 7486/689/89 7485/692/89
f 7484/695/1 7483/694/1 7487/693/1 7488/696/1
f 7489/642/32 7490/641/32 7492/640/32 7491/643/32
f 7494/646/36 7493/645/36 7495/644/36 7496/647/36
f 7494/650/31 7490/649/31 7489/648/31 7493/651/31
f 7495/654/1 7491/653/1 7492/652/1 7496/199/1
f 7493/657/34 7489/656/34 7491/655/34 7495/658/34
f 7490/661/30 7494/660/30 7496/659/30 7492/662/30
f 7500/665/34 7498/664/34 7497/663/34 7499/666/34
f 7503/669/38 7501/668/38 7502/667/38 7504/670/38
f 7497/673/31 7498/672/31 7502/671/31 7501/674/31
f 7500/676/1 7499/675/1 7503/178/1 7504/677/1
f 7499/680/32 7497/679/32 7501/678/32 7503/100/32
f 7504/683/36 7502/682/36 7498/681/36 7500/684/36
f 7508/665/34 7506/664/34 7505/663/34 7507/666/34
f 7511/669/38 7509/668/38 7510/667/38 7512/670/38
f 7505/673/31 7506/672/31 7510/671/31 7509/674/31
f 7508/676/1 7507/675/1 7511/178/1 7512/677/1
f 7507/680/32 7505/679/32 7509/678/32 7511/100/32
f 7512/683/36 7510/682/36 7506/681/36 7508/684/36
f 7516/640/32 7514/641/32 7513/642/32 7515/643/32
f 7519/644/36 7517/645/36 7518/646/36 7520/647/36
f 7513/648/31 7514/649/31 7518/650/31 7517/651/31
f 7516/652/1 7515/653/1 7519/654/1 7520/199/1
f 7515/655/38 7513/656/38 7517/657/38 7519/658/38
f 7520/659/33 7518/660/33 7514/661/33 7516/662/33
f 7524/215/34 7522/214/34 7521/163/34 7523/299/34
f 7527/231/38 7525/233/38 7526/214/38 7528/637/38
f 7521/231/31 7522/638/31 7526/214/31 7525/233/31
f 7524/230/1 7523/214/1 7527/637/1 7528/231/1
f 7523/633/32 7521/639/32 7525/624/32 7527/233/32
f 7528/160/35 7526/295/35 7522/163/35 7524/299/35
f 7529/163/32 7530/214/32 7532/215/32 7531/299/32
f 7534/214/36 7533/233/36 7535/231/36 7536/637/36
f 7534/214/31 7530/638/31 7529/231/31 7533/233/31
f 7535/637/1 7531/214/1 7532/230/1 7536/231/1
f 7533/624/34 7529/639/34 7531/633/34 7535/233/34
f 7530/163/30 7534/295/30 7536/160/30 7532/299/30
f 7537/163/38 7538/214/38 7540/215/38 7539/299/38
f 7542/214/34 7541/233/34 7543/231/34 7544/637/34
f 7542/214/31 7538/638/31 7537/231/31 7541/233/31
f 7543/637/1 7539/214/1 7540/230/1 7544/231/1
f 7541/624/32 7537/639/32 7539/633/32 7543/233/32
f 7538/163/37 7542/295/37 7544/160/37 7540/299/37
f 7548/215/32 7546/214/32 7545/163/32 7547/299/32
f 7551/231/36 7549/233/36 7550/214/36 7552/637/36
f 7545/231/31 7546/638/31 7550/214/31 7549/233/31
f 7548/230/1 7547/214/1 7551/637/1 7552/231/1
f 7547/633/38 7545/639/38 7549/624/38 7551/233/38
f 7552/160/33 7550/295/33 7546/163/33 7548/299/33
f 7558/199/94 7554/631/94 7553/424/94 7557/198/94
f 7559/632/1 7555/629/1 7556/633/1 7560/634/1
f 7554/635/38 7558/636/38 7560/633/38 7556/634/38
f 7566/199/94 7562/631/94 7561/424/94 7565/198/94
f 7567/632/1 7563/629/1 7564/633/1 7568/634/1
f 7562/635/38 7566/636/38 7568/633/38 7564/634/38
f 7574/199/94 7570/631/94 7569/424/94 7573/198/94
f 7575/632/1 7571/629/1 7572/633/1 7576/634/1
f 7570/635/38 7574/636/38 7576/633/38 7572/634/38
f 7578/633/1 7577/629/1 7579/632/1 7580/634/1
f 7581/424/95 7582/631/95 7584/199/95 7583/198/95
f 7580/633/34 7584/636/34 7582/635/34 7578/634/34
