# Made in Blockbench 4.11.1
mtllib neu_gravity_separator.mtl

o cube_selection
v -1 1 0.5
v 1 1 -0.5
v -1 3.25 1.0000000000000002
v -1.5 4.5 1.5000000000000002
v -1 4.5 1.5000000000000002
v -1.5 0.5 1.5000000000000002
v -1 0.5 1.5000000000000002
v -1.5 4.5 1.0000000000000002
v -1 4.5 1.0000000000000002
v -1.5 0.5 1.0000000000000002
v -1 0.5 1.0000000000000002
v -0.5 5.75 1
v -0.5000000000000002 5.75 0.5000000000000001
v -1 5.75 1.0000000000000002
v -1 5.75 0.5000000000000002
v -1 3.25 1.5000000000000002
v -1.5 3.25 1.5000000000000002
v -1.5 3.25 1.0000000000000002
v 1 3.25 1.0000000000000002
v 1.5 4.5 1.5000000000000002
v 1.5 4.5 1.0000000000000002
v 1.5 0.5 1.5000000000000002
v 1.5 0.5 1.0000000000000002
v 1 4.5 1.5000000000000002
v 1 4.5 1.0000000000000002
v 1 0.5 1.5000000000000002
v 1 0.5 1.0000000000000002
v 1 5.75 0.5000000000000002
v 0.4999999999999998 5.75 0.5000000000000002
v 1 5.75 1.0000000000000002
v 0.5 5.75 1
v 1.5 3.25 1.0000000000000002
v 1.5 3.25 1.5000000000000002
v 1 3.25 1.5000000000000002
v 0.9999999999999996 3.25 -1
v 1.5000000000000004 4.5 -1.4999999999999991
v 1.0000000000000004 4.5 -1.5
v 1.5000000000000004 0.5 -1.4999999999999991
v 1.0000000000000004 0.5 -1.5
v 1.5 4.5 -0.9999999999999991
v 0.9999999999999996 4.5 -1
v 1.5 0.5 -0.9999999999999991
v 0.9999999999999996 0.5 -1
v 0.5 5.75 -1
v 0.49999999999999956 5.75 -0.5
v 0.9999999999999996 5.75 -1
v 0.9999999999999996 5.75 -0.4999999999999998
v 1.0000000000000004 3.25 -1.5
v 1.5000000000000004 3.25 -1.4999999999999991
v 1.5 3.25 -0.9999999999999991
v -1 3.25 -1
v -1.5 4.5 -1.5
v -1.5 4.5 -1
v -1.5 0.5 -1.5
v -1.5 0.5 -1
v -1 4.5 -1.5
v -1 4.5 -1
v -1 0.5 -1.5
v -1 0.5 -1
v -1 5.75 -0.4999999999999998
v -0.5 5.75 -0.5
v -1 5.75 -1
v -0.5 5.75 -1
v -1.5 3.25 -1
v -1.5 3.25 -1.5
v -1 3.25 -1.5
v 1 6 1.0000000000000002
v 1 6 -1
v -1 6 -1
v 1 5.875 1.0000000000000002
v -1 5.875 1.0000000000000002
v -1 5.875 -1
v 1 5.875 -1
v 0.375 6 -0.37499999999999956
v -0.3750000000000002 6 -0.375
v 0.375 5.9375 -0.37499999999999956
v -0.3750000000000002 5.9375 -0.375
v -0.37500000000000044 5.9375 0.375
v 0.3750000000000002 5.9375 0.3750000000000009
v 0.25 5.9375 0.37500000000000044
v 0.25 5.9375 -0.37499999999999956
v -0.25000000000000044 5.9375 0.3750000000000002
v -0.25000000000000044 5.9375 -0.3749999999999998
v 0.24999999999999978 5.9375 -0.24999999999999978
v -0.25000000000000044 5.9375 -0.24999999999999978
v 0.25 5.9375 0.25000000000000067
v -0.2500000000000002 5.9375 0.2500000000000002
v -0.125 5.9375 -0.24999999999999978
v -0.12500000000000044 5.9375 -0.37499999999999956
v 0.12499999999999978 5.9375 -0.24999999999999956
v 0.12499999999999978 5.9375 -0.3749999999999998
v 0.24999999999999978 6 -0.24999999999999978
v -0.25000000000000044 6 -0.24999999999999978
v -0.25000000000000044 6 0.2500000000000002
v 0.25 6 0.25000000000000067
v -0.12500000000000022 6 -0.37499999999999956
v -0.125 6 -0.24999999999999978
v 0.12499999999999978 6 -0.24999999999999956
v 0.12499999999999978 6 -0.3749999999999998
v -0.4999999999999991 1 1.5000000000000002
v -0.4999999999999991 0.5 1.5000000000000002
v -1.4999999999999991 0.5 0.5000000000000004
v -1.4999999999999991 1 0.5000000000000004
v -0.9999999999999991 1 1.0000000000000002
v -0.4999999999999991 0.75 1.5000000000000004
v -0.9999999999999991 0.75 1.0000000000000002
v -1.4999999999999991 0.75 0.5000000000000004
v -1.5 0 0.5
v -1.5000000000000004 1 -0.5000000000000002
v -1.5000000000000004 0 -0.5000000000000002
v -1.5000000000000004 0 -1.5
v -1.5 0 1.5
v -1.5000000000000004 0.5 -0.5000000000000002
v 1.5 0 -0.5000000000000004
v 1.5 1 -0.5000000000000004
v 1.5 1 0.5000000000000001
v 1.5 0 0.5000000000000001
v 1.5 0 1.5000000000000002
v 1.5 0 -1.4999999999999991
v 1.5 0.5 0.5000000000000001
v 1.5 0.5 -0.5000000000000004
v 0.4999999999999991 1 1.4999999999999996
v 0.4999999999999989 0.5 -1.5
v -0.5000000000000004 0.4999999999999999 -1.5
v 0.4999999999999989 1 -1.5
v -0.5000000000000004 0.9999999999999999 -1.5
v 0.4999999999999989 0 -1.5
v -0.5000000000000004 -1.1102230246251565e-16 -1.5
v -0.5000000000000009 0 1.4999999999999993
v 0.5 0.5 1.5
v 0.5 0 1.5
v 0.9999999999999991 1 -1
v 1.4999999999999996 0.75 -0.5
v 0.9999999999999991 0.75 -1
v 0.4999999999999989 0.75 -1.5
v 0.9999999999999991 1 1.0000000000000002
v 1.5 0.75 0.5000000000000001
v 0.9999999999999991 0.75 1.0000000000000002
v 0.4999999999999991 0.75 1.4999999999999998
v -1.0000000000000004 0.9999999999999999 -1
v -0.5000000000000004 0.7499999999999999 -1.5
v -1.0000000000000004 0.7499999999999999 -1
v -1.5000000000000009 0.7499999999999999 -0.5000000000000002
v -1.0000000000000004 1 -0.5000000000000002
v 0.9999999999999996 1 0.5
v -1 6 1.0000000000000002
v 0.375 6 1
v 0.375 6 -1
v -0.375 6 1
v -0.375 6 -1
v 0.3750000000000002 6 0.3750000000000009
v -0.37500000000000044 6 0.375
v 0 6 1
v 0 6 0.37500000000000044
v 0 5.9375 0.37500000000000044
v 0 6 -1
v 0 6 -0.3749999999999998
v 0 5.9375 -0.3749999999999998
v -2.220446049250313e-16 5.9375 0.37500000000000033
v 0 5.9375 0.25000000000000044
v -2.220446049250313e-16 6 0.25000000000000044
v -4.440892098500626e-16 6 -0.24999999999999978
v -4.440892098500626e-16 5.9375 -0.24999999999999978
v -0.5000000000000004 1 0.5
v -0.5000000000000009 1 1.5
v -1.5000000000000018 1 0.5
v -0.5000000000000004 1 -0.5
v -0.5000000000000009 1 -1.5
v -1.5000000000000018 1 -0.5
v 0.5000000000000004 1 0.5
v 0.5000000000000009 1 1.5
v 1.5000000000000018 1 0.5
v 0.5000000000000004 1 -0.5
v 0.5000000000000009 1 -1.5
v 1.5000000000000018 1 -0.5
v -1.4999999999999991 1 0.5
v -1.5000000000000009 0.125 -0.4375
v -1.5 0.125 0.4375
v -1.5000000000000009 0 -0.4375
v -1.5 0 0.4375
v -1.5 0 0.5
v -1.5000000000000009 0.875 -0.4375
v -1.5000000000000009 1 -0.4375
v -1.5 0.875 0.4375
v -1.5 1 0.4375
v -1.4375 0.125 0.4375
v -1.4375000000000009 0.125 -0.4375
v -1.4375000000000009 0.875 -0.4375
v -1.4375 0.875 0.4375
v -1.4375 0.1875 0.4375
v -1.4375000000000009 0.1875 -0.4375
v -1.4375000000000009 0.8125 -0.4375
v -1.4375 0.8125 0.4375
v -1.5000000000000009 0.8125 -0.4375
v -1.5 0.8125 0.4375
v -1.5 0.1875 0.4375
v -1.5000000000000009 0.1875 -0.4375
v -1.5000000000000004 1 -0.5
v -1.5000000000000004 0 -0.5
v 1.4999999999999991 1 -0.5
v 1.5000000000000009 0.125 0.4375
v 1.5 0.125 -0.4375
v 1.5000000000000009 0 0.4375
v 1.5 0 -0.4375
v 1.5 0 -0.5
v 1.5000000000000009 0.875 0.4375
v 1.5000000000000009 1 0.4375
v 1.5 0.875 -0.4375
v 1.5 1 -0.4375
v 1.4375 0.125 -0.4375
v 1.4375000000000009 0.125 0.4375
v 1.4375000000000009 0.875 0.4375
v 1.4375 0.875 -0.4375
v 1.4375 0.1875 -0.4375
v 1.4375000000000009 0.1875 0.4375
v 1.4375000000000009 0.8125 0.4375
v 1.4375 0.8125 -0.4375
v 1.5000000000000009 0.8125 0.4375
v 1.5 0.8125 -0.4375
v 1.5 0.1875 -0.4375
v 1.5000000000000009 0.1875 0.4375
v 1.5000000000000004 1 0.5
v 1.5000000000000004 0 0.5
v -0.4999999999999991 1 1.5
v 0.4999999999999991 1 1.5
v -0.5000000000000009 0 1.4999999999999991
v 0.5 0 1.5
v -0.1250000000000009 0.75 1.4375
v -0.1250000000000009 0.875 1.4375
v 0.12499999999999911 0.7499999999999999 1.4375
v 0.125 0.875 1.4375
v -0.1250000000000009 0.875 1.5
v -0.1250000000000009 0.75 1.5
v 0.12499999999999911 0.7499999999999999 1.5
v 0.125 0.875 1.5
v -0.37500000000000044 1 1.5
v -0.3750000000000009 0 1.5
v 0.375 0 1.5
v 0.3749999999999991 1 1.5
v 0.3749999999999991 0.875 1.5
v -0.3750000000000009 0.875 1.5
v -0.3750000000000009 0.125 1.5
v 0.375 0.125 1.5
v 0.3749999999999991 0.875 1.4375
v -0.3750000000000009 0.875 1.4375
v -0.3750000000000009 0.125 1.4375
v 0.375 0.125 1.4375
v -0.2500000000000009 0.875 1.4375
v -0.2500000000000009 0.125 1.4375
v 0.25 0.12499999999999989 1.4375
v 0.2499999999999991 0.8750000000000001 1.4375
v -0.25 0.7499999999999998 1.4375
v 0.2499999999999991 0.7499999999999999 1.4375
v 0.2499999999999991 0.25000000000000006 1.4375
v -0.2500000000000009 0.2499999999999999 1.4375
v 0.2499999999999991 0.7499999999999999 1.5
v -0.25 0.7499999999999998 1.5
v 0.2499999999999991 0.25000000000000006 1.5
v -0.2500000000000009 0.2499999999999999 1.5
v 0.4999999999999991 1 -1.5
v -0.4999999999999991 1 -1.4999999999999996
v 0.5000000000000009 0 -1.4999999999999991
v -0.5 0 -1.5
v 0.1250000000000009 0.75 -1.4375
v 0.1250000000000009 0.875 -1.4375
v -0.12499999999999911 0.7499999999999999 -1.4375
v -0.125 0.875 -1.4375
v 0.1250000000000009 0.875 -1.5
v 0.1250000000000009 0.75 -1.5
v -0.12499999999999911 0.7499999999999999 -1.5
v -0.125 0.875 -1.5
v 0.37500000000000044 1 -1.5
v 0.3750000000000009 0 -1.5
v -0.375 0 -1.5
v -0.3749999999999991 1 -1.5
v -0.3749999999999991 0.875 -1.5
v 0.3750000000000009 0.875 -1.5
v 0.3750000000000009 0.125 -1.5
v -0.375 0.125 -1.5
v -0.3749999999999991 0.875 -1.4375
v 0.3750000000000009 0.875 -1.4375
v 0.3750000000000009 0.125 -1.4375
v -0.375 0.125 -1.4375
v 0.2500000000000009 0.875 -1.4375
v 0.2500000000000009 0.125 -1.4375
v -0.25 0.12499999999999989 -1.4375
v -0.2499999999999991 0.8750000000000001 -1.4375
v 0.25 0.7499999999999998 -1.4375
v -0.2499999999999991 0.7499999999999999 -1.4375
v -0.2499999999999991 0.25000000000000006 -1.4375
v 0.2500000000000009 0.2499999999999999 -1.4375
v -0.2499999999999991 0.7499999999999999 -1.5
v 0.25 0.7499999999999998 -1.5
v -0.2499999999999991 0.25000000000000006 -1.5
v 0.2500000000000009 0.2499999999999999 -1.5
v 1.5 0 1.5
v 1.5 0 -1.5
v -1.5 0 1.5
v -1.5 0 -1.5
v 0.5 5.75 -0.5
v -0.5 5.75 -0.5
v 0.5 5.75 -1
v -0.5 5.75 -1
v 0 5.75 -0.5
v 0 5.75 -1
v 0.5 5.75 0.5
v 0.5 5.75 -0.5
v 1 5.75 0.5
v 1 5.75 -0.5
v 0.5 5.75 0
v 1 5.75 0
v 0.5 5.75 0.5
v -0.5 5.75 0.5
v 0.5 5.75 1
v -0.5 5.75 1
v 0 5.75 0.5
v 0 5.75 1
v -0.5 5.75 0.5
v -0.5 5.75 -0.5
v -1 5.75 0.5
v -1 5.75 -0.5
v -0.5 5.75 0
v -1 5.75 0
v 0.5000000000000001 4.75 0.5
v 0.5000000000000001 5.75 0.5
v -0.5 4.75 0.5
v -0.5 5.75 0.5
v -0.375 5.75 0.5
v -0.375 4.75 0.5
v 0.375 4.75 0.5
v 0.375 5.749999999999999 0.5
v -0.375 4.875 0.5
v 0.375 4.875 0.5
v -0.375 5.624999999999999 0.5
v 0.375 5.625 0.5
v -0.375 4.875 0.4375
v 0.375 4.875 0.4375
v -0.375 5.624999999999999 0.4375
v 0.375 5.625 0.4375
v -0.25 5.625 0.4375
v -0.25 4.875 0.4375
v 0.25 4.875 0.4375
v 0.25 5.625000000000002 0.4375
v -0.25 5 0.4375
v 0.2500000000000002 5.000000000000001 0.4375
v -0.25 5.5 0.4375
v 0.25000000000000044 5.500000000000002 0.4375
v -0.25 5 0.5
v 0.2500000000000002 5.000000000000001 0.5
v -0.25 5.5 0.5
v 0.25000000000000044 5.500000000000002 0.5
v -0.375 5.624999999999999 0.5
v 0.375 5.625 0.5
v -0.375 5.624999999999999 0.4375
v 0.375 5.625 0.4375
v -0.5 4.75 -0.5
v -0.5 5.75 -0.5
v 0.5 4.75 -0.5
v 0.5 5.75 -0.5
v 0.375 5.75 -0.5
v 0.375 4.75 -0.5
v -0.375 4.75 -0.5
v -0.375 5.749999999999999 -0.5
v 0.375 4.875 -0.5
v -0.375 4.875 -0.5
v 0.375 5.624999999999999 -0.5
v -0.375 5.625 -0.5
v 0.375 4.875 -0.4375
v -0.375 4.875 -0.4375
v 0.375 5.624999999999999 -0.4375
v -0.375 5.625 -0.4375
v 0.25 5.625 -0.4375
v 0.25 4.875 -0.4375
v -0.25 4.875 -0.4375
v -0.25 5.625000000000002 -0.4375
v 0.25 5 -0.4375
v -0.25 5.000000000000001 -0.4375
v 0.25 5.5 -0.4375
v -0.25000000000000044 5.500000000000002 -0.4375
v 0.25 5 -0.5
v -0.2500000000000002 5.000000000000001 -0.5
v 0.25 5.5 -0.5
v -0.25000000000000044 5.500000000000002 -0.5
v 0.375 5.624999999999999 -0.5
v -0.375 5.625 -0.5
v 0.375 5.624999999999999 -0.4375
v -0.375 5.625 -0.4375
v 0.5000000000000001 2.5 0.5
v -0.5 4.75 -0.5
v -0.5 4.75 0.5
v 0.5000000000000001 4.75 0.5
v 0.5 4.75 -0.5
v 0.5000000000000001 1 0.5
v 0.5 1 -0.5
v -0.5 1 0.5
v -0.5 1 -0.5
v 0.5000000000000001 4.5 0.5
v -0.5 4.5 0.5
v -0.5 4.5 -0.5
v 0.5 4.5 -0.5
v 0.5000000000000001 3.5 0.5
v -0.5 3.5 0.5
v -0.5 3.5 -0.5
v 0.5 3.5 -0.5
v 0.5 2.5 -0.5
v -0.5 2.5 0.5
v -0.5 2.5 -0.5
v 0.5 1.5 -0.5
v 0.5000000000000001 1.5 0.5
v -0.5 1.5 0.5
v -0.5 1.5 -0.5
v 1.5 1 -2.220446049250313e-16
v 0.9999999999999998 1 0
v 0.5 1 1.5
v 0.5 1 0.5
v -0.5 1 1.5
v -0.5 1 0.5
v 0.5 1 -0.5
v 0.5 1 -1.5
v -0.5 1 -0.5
v -0.5 1 -1.5
v 1 1 0
v 1 1 -0.5
v 0.5 1 0
v 0.5 1 -0.5
v -0.5 1 0.5
v -0.5 1 0
v -1 1 0.5
v -1 1 0
v -0.5 4.1875 -1.0625
v -0.5 4 -1.0625
v -1.0625 4.1875 -0.5
v -1.0625 4 -0.5
v -0.5 4.1875 -1.0625
v -0.5 4.1875 -0.5
v -1.0625 4.1875 -0.5
v -0.5 4 -1.0625
v -0.5 4 -0.5
v -1.0625 4 -0.5
v 0.4999999999999998 4.5 -1.0625000000000036
v -0.5000000000000002 3.9999999999999996 -1.0625000000000049
v 0.49999999999999956 4.499999999999998 -0.5000000000000033
v -0.5000000000000002 3.9999999999999987 -0.5000000000000044
v 0.4999999999999998 4.6875 -1.0625000000000036
v -0.5000000000000002 4.1875 -1.0625000000000044
v 0.49999999999999956 4.687499999999998 -0.5000000000000033
v -0.5000000000000002 4.187499999999998 -0.5000000000000044
v -2.220446049250313e-16 4.4375 -1.062500000000004
v -4.440892098500626e-16 4.437499999999998 -0.5000000000000036
v -2.220446049250313e-16 4.25 -1.062500000000004
v -4.440892098500626e-16 4.249999999999998 -0.5000000000000044
v 0.5 1.1875 1.0625000000000002
v 0.5 1 1.0625000000000002
v 1.0625000000000002 1.1875 0.5000000000000004
v 1.0625000000000002 1 0.5000000000000004
v 0.5 1.1875 1.0625000000000002
v 0.5 1.1875 0.5000000000000002
v 1.0625000000000002 1.1875 0.5000000000000004
v 0.5 1 1.0625000000000002
v 0.5 1 0.5000000000000002
v 1.0625000000000002 1 0.5000000000000004
v -0.49999999999999933 1.5 1.0625000000000036
v 0.5000000000000004 0.9999999999999996 1.0625000000000056
v -0.49999999999999956 1.4999999999999987 0.5000000000000036
v 0.5000000000000002 0.9999999999999987 0.5000000000000047
v -0.49999999999999933 1.6874999999999996 1.0625000000000036
v 0.5000000000000004 1.1875 1.0625000000000047
v -0.49999999999999956 1.6874999999999982 0.5000000000000036
v 0.5000000000000002 1.1874999999999987 0.5000000000000047
v 4.440892098500626e-16 1.4374999999999996 1.0625000000000047
v 4.440892098500626e-16 1.4374999999999982 0.5000000000000038
v 4.440892098500626e-16 1.25 1.0625000000000047
v 4.440892098500626e-16 1.2499999999999987 0.5000000000000047
v -1.0625 1.6875 0.5
v -1.0625 1.5 0.5
v -0.5 1.6875 1.0625
v -0.5 1.5 1.0625
v -1.0625 1.6875 0.5
v -0.5 1.6875 0.5
v -0.5 1.6875 1.0625
v -1.0625 1.5 0.5
v -0.5 1.5 0.5
v -0.5 1.5 1.0625
v -1.062500000000004 2 -0.5
v -1.0625000000000049 1.4999999999999996 0.4999999999999998
v -0.500000000000004 1.9999999999999987 -0.5
v -0.5000000000000044 1.4999999999999987 0.5
v -1.062500000000004 2.1874999999999996 -0.5
v -1.0625000000000044 1.6875 0.4999999999999998
v -0.500000000000004 2.1874999999999982 -0.5
v -0.5000000000000044 1.6874999999999987 0.5
v -1.0625000000000044 1.9374999999999996 0
v -0.5000000000000038 1.9374999999999982 0
v -1.0625000000000044 1.75 0
v -0.5000000000000047 1.7499999999999987 0
v 1.0624999999999996 2.6875 -0.49999999999999956
v 1.0624999999999996 2.5 -0.49999999999999956
v 0.4999999999999991 2.6875 -1.0625
v 0.4999999999999991 2.5 -1.0625
v 1.0624999999999996 2.6875 -0.49999999999999956
v 0.49999999999999956 2.6875 -0.4999999999999998
v 0.4999999999999991 2.6875 -1.0625
v 1.0624999999999996 2.5 -0.49999999999999956
v 0.49999999999999956 2.5 -0.4999999999999998
v 0.4999999999999991 2.5 -1.0625
v 1.0625000000000038 3 0.5000000000000004
v 1.0625000000000044 2.4999999999999996 -0.49999999999999956
v 0.5000000000000038 2.9999999999999987 0.5000000000000002
v 0.500000000000004 2.4999999999999987 -0.4999999999999998
v 1.0625000000000038 3.1874999999999996 0.5000000000000004
v 1.062500000000004 2.6875 -0.49999999999999956
v 0.5000000000000038 3.1874999999999982 0.5000000000000002
v 0.500000000000004 2.6874999999999987 -0.4999999999999998
v 1.0625000000000038 2.9374999999999996 4.440892098500626e-16
v 0.5000000000000033 2.9374999999999982 2.220446049250313e-16
v 1.0625000000000038 2.75 4.440892098500626e-16
v 0.5000000000000042 2.7499999999999987 2.220446049250313e-16
v -0.5000000000000009 2.1875 -1.0625
v -0.5000000000000009 2 -1.0625
v -1.0625000000000004 2.1875 -0.5
v -1.0625000000000004 2 -0.5
v -0.5000000000000009 2.1875 -1.0625
v -0.5000000000000004 2.1875 -0.5
v -1.0625000000000004 2.1875 -0.5
v -0.5000000000000009 2 -1.0625
v -0.5000000000000004 2 -0.5
v -1.0625000000000004 2 -0.5
v 0.4999999999999989 2.5 -1.0625000000000036
v -0.5000000000000013 1.9999999999999996 -1.0625000000000053
v 0.4999999999999991 2.4999999999999987 -0.5000000000000033
v -0.5000000000000007 1.9999999999999987 -0.5000000000000044
v 0.4999999999999989 2.6874999999999996 -1.0625000000000036
v -0.5000000000000013 2.1875 -1.0625000000000044
v 0.4999999999999991 2.6874999999999982 -0.5000000000000033
v -0.5000000000000007 2.1874999999999987 -0.5000000000000044
v -1.1102230246251565e-15 2.4374999999999996 -1.0625000000000044
v -8.881784197001252e-16 2.4374999999999982 -0.5000000000000036
v -1.1102230246251565e-15 2.25 -1.0625000000000044
v -8.881784197001252e-16 2.2499999999999987 -0.5000000000000044
v 0.5 3.1875 1.0625000000000002
v 0.5 3 1.0625000000000002
v 1.0625000000000002 3.1875 0.5000000000000004
v 1.0625000000000002 3 0.5000000000000004
v 0.5 3.1875 1.0625000000000002
v 0.5 3.1875 0.5000000000000002
v 1.0625000000000002 3.1875 0.5000000000000004
v 0.5 3 1.0625000000000002
v 0.5 3 0.5000000000000002
v 1.0625000000000002 3 0.5000000000000004
v -0.49999999999999933 3.5 1.0625000000000036
v 0.5000000000000004 2.9999999999999996 1.0625000000000056
v -0.49999999999999956 3.4999999999999987 0.5000000000000036
v 0.5000000000000002 2.9999999999999987 0.5000000000000047
v -0.49999999999999933 3.6874999999999996 1.0625000000000036
v 0.5000000000000004 3.1875 1.0625000000000047
v -0.49999999999999956 3.6874999999999982 0.5000000000000036
v 0.5000000000000002 3.1874999999999987 0.5000000000000047
v 4.440892098500626e-16 3.4374999999999996 1.0625000000000047
v 4.440892098500626e-16 3.4374999999999982 0.5000000000000038
v 4.440892098500626e-16 3.25 1.0625000000000047
v 4.440892098500626e-16 3.2499999999999987 0.5000000000000047
v -1.0625 3.6875 0.5
v -1.0625 3.5 0.5
v -0.5 3.6875 1.0625
v -0.5 3.5 1.0625
v -1.0625 3.6875 0.5
v -0.5 3.6875 0.5
v -0.5 3.6875 1.0625
v -1.0625 3.5 0.5
v -0.5 3.5 0.5
v -0.5 3.5 1.0625
v -1.062500000000004 4 -0.5
v -1.0625000000000049 3.4999999999999996 0.4999999999999998
v -0.500000000000004 3.9999999999999987 -0.5
v -0.5000000000000044 3.4999999999999987 0.5
v -1.062500000000004 4.1875 -0.5
v -1.0625000000000044 3.6875 0.4999999999999998
v -0.500000000000004 4.187499999999998 -0.5
v -0.5000000000000044 3.6874999999999987 0.5
v -1.0625000000000044 3.9374999999999996 0
v -0.5000000000000038 3.9374999999999982 0
v -1.0625000000000044 3.75 0
v -0.5000000000000047 3.7499999999999987 0
v 1.0625000000000007 1 0.5000000000000049
v 0.5000000000000002 1.1875 0.5000000000000047
v 1.0625000000000007 1.1875 0.5000000000000049
v 0.5000000000000002 0.9999999999999987 3.774758283725532e-15
v 1.0625000000000002 0.9999999999999982 3.9968028886505635e-15
v -0.5 1.1875 -1.0625
v -0.5 1 -1.0625
v -1.0625 1.1875 -0.5
v -1.0625 1 -0.5
v -0.5 1.1875 -1.0625
v -0.5 1.1875 -0.5
v -1.0625 1.1875 -0.5
v -0.5 1 -1.0625
v -0.5 1 -0.5
v -1.0625 1 -0.5
v 0.4999999999999998 1.5 -1.0625000000000036
v -0.5000000000000002 0.9999999999999996 -1.0625000000000049
v 0.49999999999999956 1.4999999999999987 -0.5000000000000033
v -0.5000000000000002 0.9999999999999987 -0.5000000000000044
v 0.4999999999999998 1.6874999999999996 -1.0625000000000036
v -0.5000000000000002 1.1875 -1.0625000000000044
v 0.49999999999999956 1.6874999999999982 -0.5000000000000033
v -0.5000000000000002 1.1874999999999987 -0.5000000000000044
v -2.220446049250313e-16 1.4374999999999996 -1.062500000000004
v -4.440892098500626e-16 1.4374999999999982 -0.5000000000000036
v -2.220446049250313e-16 1.25 -1.062500000000004
v -4.440892098500626e-16 1.2499999999999987 -0.5000000000000044
v 1.0625 1.6875 -0.49999999999999956
v 1.0625 1.5 -0.49999999999999956
v 0.5 1.6875 -1.0625
v 0.5 1.5 -1.0625
v 1.0625 1.6875 -0.49999999999999956
v 0.5 1.6875 -0.4999999999999998
v 0.5 1.6875 -1.0625
v 1.0625 1.5 -0.49999999999999956
v 0.5 1.5 -0.4999999999999998
v 0.5 1.5 -1.0625
v 1.0625000000000038 2 0.5000000000000004
v 1.0625000000000049 1.4999999999999996 -0.49999999999999956
v 0.5000000000000036 1.9999999999999987 0.5000000000000002
v 0.5000000000000044 1.4999999999999987 -0.4999999999999998
v 1.0625000000000038 2.1874999999999996 0.5000000000000004
v 1.0625000000000044 1.6875 -0.49999999999999956
v 0.5000000000000036 2.1874999999999982 0.5000000000000002
v 0.5000000000000044 1.6874999999999987 -0.4999999999999998
v 1.0625000000000038 1.9374999999999996 4.440892098500626e-16
v 0.5000000000000033 1.9374999999999982 2.220446049250313e-16
v 1.0625000000000038 1.75 4.440892098500626e-16
v 0.5000000000000042 1.7499999999999987 2.220446049250313e-16
v -1.0625 2.6875 0.5
v -1.0625 2.5 0.5
v -0.5 2.6875 1.0625
v -0.5 2.5 1.0625
v -1.0625 2.6875 0.5
v -0.5 2.6875 0.5
v -0.5 2.6875 1.0625
v -1.0625 2.5 0.5
v -0.5 2.5 0.5
v -0.5 2.5 1.0625
v -1.0625000000000036 3 -0.5
v -1.0625000000000049 2.4999999999999996 0.4999999999999998
v -0.5000000000000036 2.9999999999999987 -0.5
v -0.5000000000000044 2.4999999999999987 0.5
v -1.0625000000000036 3.1874999999999996 -0.5
v -1.0625000000000044 2.6875 0.4999999999999998
v -0.5000000000000036 3.1874999999999982 -0.5
v -0.5000000000000044 2.6874999999999987 0.5
v -1.062500000000004 2.9374999999999996 0
v -0.5000000000000036 2.9374999999999982 0
v -1.062500000000004 2.75 0
v -0.5000000000000044 2.7499999999999987 0
v 0.5 2.1875 1.0625000000000002
v 0.5 2 1.0625000000000002
v 1.0625000000000002 2.1875 0.5000000000000004
v 1.0625000000000002 2 0.5000000000000004
v 0.5 2.1875 1.0625000000000002
v 0.5 2.1875 0.5000000000000002
v 1.0625000000000002 2.1875 0.5000000000000004
v 0.5 2 1.0625000000000002
v 0.5 2 0.5000000000000002
v 1.0625000000000002 2 0.5000000000000004
v -0.49999999999999933 2.5 1.0625000000000036
v 0.5000000000000004 1.9999999999999996 1.0625000000000056
v -0.49999999999999956 2.4999999999999987 0.5000000000000036
v 0.5000000000000002 1.9999999999999987 0.5000000000000047
v -0.49999999999999933 2.6874999999999996 1.0625000000000036
v 0.5000000000000004 2.1875 1.0625000000000047
v -0.49999999999999956 2.6874999999999982 0.5000000000000036
v 0.5000000000000002 2.1874999999999987 0.5000000000000047
v 4.440892098500626e-16 2.4374999999999996 1.0625000000000047
v 4.440892098500626e-16 2.4374999999999982 0.5000000000000038
v 4.440892098500626e-16 2.25 1.0625000000000047
v 4.440892098500626e-16 2.2499999999999987 0.5000000000000047
v -0.5 3.1875 -1.0625
v -0.5 3 -1.0625
v -1.0625 3.1875 -0.5
v -1.0625 3 -0.5
v -0.5 3.1875 -1.0625
v -0.5 3.1875 -0.5
v -1.0625 3.1875 -0.5
v -0.5 3 -1.0625
v -0.5 3 -0.5
v -1.0625 3 -0.5
v 0.4999999999999998 3.5 -1.0625000000000036
v -0.5000000000000002 2.9999999999999996 -1.0625000000000049
v 0.49999999999999956 3.4999999999999987 -0.5000000000000033
v -0.5000000000000002 2.9999999999999987 -0.5000000000000044
v 0.4999999999999998 3.6874999999999996 -1.0625000000000036
v -0.5000000000000002 3.1875 -1.0625000000000044
v 0.49999999999999956 3.6874999999999982 -0.5000000000000033
v -0.5000000000000002 3.1874999999999987 -0.5000000000000044
v -2.220446049250313e-16 3.4374999999999996 -1.062500000000004
v -4.440892098500626e-16 3.4374999999999982 -0.5000000000000036
v -2.220446049250313e-16 3.25 -1.062500000000004
v -4.440892098500626e-16 3.2499999999999987 -0.5000000000000044
v 1.0625 3.6875 -0.49999999999999956
v 1.0625 3.5 -0.49999999999999956
v 0.5 3.6875 -1.0625
v 0.5 3.5 -1.0625
v 1.0625 3.6875 -0.49999999999999956
v 0.5 3.6875 -0.4999999999999998
v 0.5 3.6875 -1.0625
v 1.0625 3.5 -0.49999999999999956
v 0.5 3.5 -0.4999999999999998
v 0.5 3.5 -1.0625
v 1.0625000000000038 4 0.5000000000000004
v 1.0625000000000049 3.4999999999999996 -0.49999999999999956
v 0.5000000000000036 3.9999999999999987 0.5000000000000002
v 0.5000000000000044 3.4999999999999987 -0.4999999999999998
v 1.0625000000000038 4.1875 0.5000000000000004
v 1.0625000000000044 3.6875 -0.49999999999999956
v 0.5000000000000036 4.187499999999998 0.5000000000000002
v 0.5000000000000044 3.6874999999999987 -0.4999999999999998
v 1.0625000000000038 3.9374999999999996 4.440892098500626e-16
v 0.5000000000000033 3.9374999999999982 2.220446049250313e-16
v 1.0625000000000038 3.75 4.440892098500626e-16
v 0.5000000000000042 3.7499999999999987 2.220446049250313e-16
v -1.0625000000000004 1 -0.5000000000000044
v -0.5000000000000002 1.1875 -0.5000000000000044
v -1.0625000000000004 1.1875 -0.5000000000000044
v -0.5000000000000004 0.9999999999999987 -3.552713678800501e-15
v -1.0625000000000004 0.9999999999999982 -3.552713678800501e-15
v 0.5 4.1875 1.0625000000000002
v 0.5 4 1.0625000000000002
v 1.0625000000000002 4.1875 0.5000000000000004
v 1.0625000000000002 4 0.5000000000000004
v 0.5 4.1875 1.0625000000000002
v 0.5 4.1875 0.5000000000000002
v 1.0625000000000002 4.1875 0.5000000000000004
v 0.5 4 1.0625000000000002
v 0.5 4 0.5000000000000002
v 1.0625000000000002 4 0.5000000000000004
v -0.49999999999999933 4.5 1.0625000000000036
v 0.5000000000000004 3.9999999999999996 1.0625000000000056
v -0.49999999999999956 4.499999999999998 0.5000000000000036
v 0.5000000000000002 3.9999999999999987 0.5000000000000047
v -0.49999999999999933 4.6875 1.0625000000000036
v 0.5000000000000004 4.1875 1.0625000000000047
v -0.49999999999999956 4.687499999999998 0.5000000000000036
v 0.5000000000000002 4.187499999999998 0.5000000000000047
v 4.440892098500626e-16 4.4375 1.0625000000000047
v 4.440892098500626e-16 4.437499999999998 0.5000000000000038
v 4.440892098500626e-16 4.25 1.0625000000000047
v 4.440892098500626e-16 4.249999999999998 0.5000000000000047
v -1.3124999999999996 4.5 1
v -1.1874999999999996 4.5 1
v -1.3124999999999996 4.375 1
v -1.1874999999999996 4.375 1
v -1.3125 4.5 -1
v -1.1875 4.5 -1
v -1.3125 4.375 -1
v -1.1875 4.375 -1
v -1.25 4.375 0
v -1.2499999999999996 4.375 1
v -1.25 1 0
v -1.2499999999999996 1 1
v -1.25 1.5 0
v -1.2499999999999996 1.5 1
v -1.25 2.5 0
v -1.2499999999999996 2.5 1
v -1.25 3.5625 0
v -1.2499999999999996 3.5625 1
v -1.25 4.375 -1
v -1.25 4.375 0
v -1.25 1 -1
v -1.25 1 0
v -1.25 1.5 -1
v -1.25 1.5 0
v -1.25 2.5 -1
v -1.25 2.5 0
v -1.25 3.5625 -1
v -1.25 3.5625 0
v -1 4.5 -1.3125
v -1 4.5 -1.1875
v -1 4.375 -1.3125
v -1 4.375 -1.1875
v 1 4.5 -1.3125000000000004
v 1 4.5 -1.1875000000000004
v 1 4.375 -1.3125000000000004
v 1 4.375 -1.1875000000000004
v 0 4.375 -1.25
v -1 4.375 -1.25
v 0 1 -1.25
v -1 1 -1.25
v 0 1.5 -1.25
v -1 1.5 -1.25
v 0 2.5 -1.25
v -1 2.5 -1.25
v 0 3.5625 -1.25
v -1 3.5625 -1.25
v 1 4.375 -1.2500000000000004
v 0 4.375 -1.25
v 1 1 -1.2500000000000004
v 0 1 -1.25
v 1 1.5 -1.2500000000000004
v 0 1.5 -1.25
v 1 2.5 -1.2500000000000004
v 0 2.5 -1.25
v 1 3.5625 -1.2500000000000004
v 0 3.5625 -1.25
v 1.3125000000000004 4.5 -1.0000000000000009
v 1.1875000000000004 4.5 -1.0000000000000004
v 1.3125000000000004 4.375 -1.0000000000000009
v 1.1875000000000004 4.375 -1.0000000000000004
v 1.3125 4.5 0.9999999999999993
v 1.1875 4.5 0.9999999999999996
v 1.3125 4.375 0.9999999999999993
v 1.1875 4.375 0.9999999999999996
v 1.25 4.375 -4.440892098500626e-16
v 1.2500000000000004 4.375 -1.0000000000000004
v 1.25 1 -4.440892098500626e-16
v 1.2500000000000004 1 -1.0000000000000004
v 1.25 1.5 -4.440892098500626e-16
v 1.2500000000000004 1.5 -1.0000000000000004
v 1.25 2.5 -4.440892098500626e-16
v 1.2500000000000004 2.5 -1.0000000000000004
v 1.25 3.5625 -4.440892098500626e-16
v 1.2500000000000004 3.5625 -1.0000000000000004
v 1.25 4.375 0.9999999999999996
v 1.25 4.375 -4.440892098500626e-16
v 1.25 1 0.9999999999999996
v 1.25 1 -4.440892098500626e-16
v 1.25 1.5 0.9999999999999996
v 1.25 1.5 -4.440892098500626e-16
v 1.25 2.5 0.9999999999999996
v 1.25 2.5 -4.440892098500626e-16
v 1.25 3.5625 0.9999999999999996
v 1.25 3.5625 -4.440892098500626e-16
v 1 4.5 1.3124999999999996
v 1 4.5 1.1874999999999996
v 1 4.375 1.3124999999999996
v 1 4.375 1.1874999999999996
v -1 4.5 1.3125
v -1 4.5 1.1875
v -1 4.375 1.3125
v -1 4.375 1.1875
v 0 4.375 1.2499999999999996
v 1 4.375 1.2499999999999996
v 0 1 1.2499999999999996
v 1 1 1.2499999999999996
v 0 1.5 1.2499999999999996
v 1 1.5 1.2499999999999996
v 0 2.5 1.2499999999999996
v 1 2.5 1.2499999999999996
v 0 3.5625 1.2499999999999996
v 1 3.5625 1.2499999999999996
v -1 4.375 1.25
v 0 4.375 1.2499999999999996
v -1 1 1.25
v 0 1 1.2499999999999996
v -1 1.5 1.25
v 0 1.5 1.2499999999999996
v -1 2.5 1.25
v 0 2.5 1.2499999999999996
v -1 3.5625 1.25
v 0 3.5625 1.2499999999999996
vt 0.6666666666666666 0.8958333333333334
vt 0.6666666666666666 0.6875
vt 0.75 0.6875
vt 0.75 0.8958333333333334
vt 0.6666666666666666 0.8958333333333334
vt 0.6666666666666666 0.6875
vt 0.75 0.6875
vt 0.75 0.8958333333333334
vt 0.6666666666666666 0.8958333333333334
vt 0.6666666666666666 0.6875
vt 0.75 0.6875
vt 0.75 0.8958333333333334
vt 0.6666666666666666 0.8958333333333334
vt 0.6666666666666666 0.6875
vt 0.75 0.6875
vt 0.75 0.8958333333333334
vt 0.75 0.8125
vt 0.6666666666666666 0.7832208075933705
vt 0.6666666666666666 0.5416666666666667
vt 0.75 0.5709458590732963
vt 0.75 0.84375
vt 0.6666666666666666 0.8144708075933705
vt 0.6666666666666666 0.5729166666666667
vt 0.75 0.6021958590732961
vt 0.6666666666666666 0.814470594520548
vt 0.75 0.84375
vt 0.75 0.6021960721461186
vt 0.6666666666666666 0.5729166666666667
vt 0.6666666666666666 0.7832208075933704
vt 0.7499999999999999 0.8125
vt 0.75 0.5709458590732963
vt 0.6666666666666669 0.5416666666666667
vt 0.75 0.46875
vt 0.75 0.9270833333333334
vt 0.6666666666666666 0.9270833333333334
vt 0.6666666666666666 0.46875
vt 0.75 0.46875
vt 0.75 0.9270833333333334
vt 0.6666666666666666 0.9270833333333334
vt 0.6666666666666666 0.46875
vt 0.75 0.46875
vt 0.75 0.9270833333333334
vt 0.6666666666666666 0.9270833333333334
vt 0.6666666666666666 0.46875
vt 0.75 0.46875
vt 0.75 0.9270833333333334
vt 0.6666666666666666 0.9270833333333334
vt 0.6666666666666666 0.46875
vt 0.6666666666666666 0.8958333333333334
vt 0.6666666666666666 0.6875
vt 0.75 0.6875
vt 0.75 0.8958333333333334
vt 0.6666666666666666 0.8958333333333334
vt 0.6666666666666666 0.6875
vt 0.75 0.6875
vt 0.75 0.8958333333333334
vt 0.6666666666666666 0.8958333333333334
vt 0.6666666666666666 0.6875
vt 0.75 0.6875
vt 0.75 0.8958333333333334
vt 0.6666666666666666 0.8958333333333334
vt 0.6666666666666666 0.6875
vt 0.75 0.6875
vt 0.75 0.8958333333333334
vt 0.75 0.8125
vt 0.6666666666666666 0.7832208075933705
vt 0.6666666666666666 0.5416666666666667
vt 0.75 0.5709458590732963
vt 0.75 0.84375
vt 0.6666666666666666 0.8144708075933705
vt 0.6666666666666666 0.5729166666666667
vt 0.75 0.6021958590732961
vt 0.6666666666666666 0.814470594520548
vt 0.75 0.84375
vt 0.75 0.6021960721461186
vt 0.6666666666666666 0.5729166666666667
vt 0.6666666666666666 0.7832208075933704
vt 0.7499999999999999 0.8125
vt 0.75 0.5709458590732963
vt 0.6666666666666669 0.5416666666666667
vt 0.75 0.46875
vt 0.75 0.9270833333333334
vt 0.6666666666666666 0.9270833333333334
vt 0.6666666666666666 0.46875
vt 0.75 0.46875
vt 0.75 0.9270833333333334
vt 0.6666666666666666 0.9270833333333334
vt 0.6666666666666666 0.46875
vt 0.75 0.46875
vt 0.75 0.9270833333333334
vt 0.6666666666666666 0.9270833333333334
vt 0.6666666666666666 0.46875
vt 0.75 0.46875
vt 0.75 0.9270833333333334
vt 0.6666666666666666 0.9270833333333334
vt 0.6666666666666666 0.46875
vt 0.6666666666666666 0.8958333333333334
vt 0.6666666666666666 0.6875
vt 0.75 0.6875
vt 0.75 0.8958333333333334
vt 0.6666666666666666 0.8958333333333334
vt 0.6666666666666666 0.6875
vt 0.75 0.6875
vt 0.75 0.8958333333333334
vt 0.6666666666666666 0.8958333333333334
vt 0.6666666666666666 0.6875
vt 0.75 0.6875
vt 0.75 0.8958333333333334
vt 0.6666666666666666 0.8958333333333334
vt 0.6666666666666666 0.6875
vt 0.75 0.6875
vt 0.75 0.8958333333333334
vt 0.75 0.8125
vt 0.6666666666666666 0.7832208075933705
vt 0.6666666666666666 0.5416666666666667
vt 0.75 0.5709458590732963
vt 0.75 0.84375
vt 0.6666666666666666 0.8144708075933705
vt 0.6666666666666666 0.5729166666666667
vt 0.75 0.6021958590732961
vt 0.6666666666666666 0.814470594520548
vt 0.75 0.84375
vt 0.75 0.6021960721461186
vt 0.6666666666666666 0.5729166666666667
vt 0.6666666666666666 0.7832208075933704
vt 0.7499999999999999 0.8125
vt 0.75 0.5709458590732963
vt 0.6666666666666669 0.5416666666666667
vt 0.75 0.46875
vt 0.75 0.9270833333333334
vt 0.6666666666666666 0.9270833333333334
vt 0.6666666666666666 0.46875
vt 0.75 0.46875
vt 0.75 0.9270833333333334
vt 0.6666666666666666 0.9270833333333334
vt 0.6666666666666666 0.46875
vt 0.75 0.46875
vt 0.75 0.9270833333333334
vt 0.6666666666666666 0.9270833333333334
vt 0.6666666666666666 0.46875
vt 0.75 0.46875
vt 0.75 0.9270833333333334
vt 0.6666666666666666 0.9270833333333334
vt 0.6666666666666666 0.46875
vt 0.6666666666666666 0.8958333333333334
vt 0.6666666666666666 0.6875
vt 0.75 0.6875
vt 0.75 0.8958333333333334
vt 0.6666666666666666 0.8958333333333334
vt 0.6666666666666666 0.6875
vt 0.75 0.6875
vt 0.75 0.8958333333333334
vt 0.6666666666666666 0.8958333333333334
vt 0.6666666666666666 0.6875
vt 0.75 0.6875
vt 0.75 0.8958333333333334
vt 0.6666666666666666 0.8958333333333334
vt 0.6666666666666666 0.6875
vt 0.75 0.6875
vt 0.75 0.8958333333333334
vt 0.75 0.8125
vt 0.6666666666666666 0.7832208075933705
vt 0.6666666666666666 0.5416666666666667
vt 0.75 0.5709458590732963
vt 0.75 0.84375
vt 0.6666666666666666 0.8144708075933705
vt 0.6666666666666666 0.5729166666666667
vt 0.75 0.6021958590732961
vt 0.6666666666666666 0.814470594520548
vt 0.75 0.84375
vt 0.75 0.6021960721461186
vt 0.6666666666666666 0.5729166666666667
vt 0.6666666666666666 0.7832208075933704
vt 0.7499999999999999 0.8125
vt 0.75 0.5709458590732963
vt 0.6666666666666669 0.5416666666666667
vt 0.75 0.46875
vt 0.75 0.9270833333333334
vt 0.6666666666666666 0.9270833333333334
vt 0.6666666666666666 0.46875
vt 0.75 0.46875
vt 0.75 0.9270833333333334
vt 0.6666666666666666 0.9270833333333334
vt 0.6666666666666666 0.46875
vt 0.75 0.46875
vt 0.75 0.9270833333333334
vt 0.6666666666666666 0.9270833333333334
vt 0.6666666666666666 0.46875
vt 0.75 0.46875
vt 0.75 0.9270833333333334
vt 0.6666666666666666 0.9270833333333334
vt 0.6666666666666666 0.46875
vt 1.4802973661668753e-16 0.32291666666666663
vt 1.4802973661668753e-16 0.30208333333333337
vt 0.3333333333333333 0.30208333333333337
vt 0.3333333333333333 0.32291666666666663
vt 1.4802973661668753e-16 0.32291666666666663
vt 1.4802973661668753e-16 0.30208333333333337
vt 0.3333333333333333 0.30208333333333337
vt 0.3333333333333333 0.32291666666666663
vt 1.4802973661668753e-16 0.32291666666666663
vt 1.4802973661668753e-16 0.30208333333333337
vt 0.3333333333333333 0.30208333333333337
vt 0.3333333333333333 0.32291666666666663
vt 1.4802973661668753e-16 0.32291666666666663
vt 1.4802973661668753e-16 0.30208333333333337
vt 0.3333333333333333 0.30208333333333337
vt 0.3333333333333333 0.32291666666666663
vt 0.3333333333333333 0.28125
vt 0.3333333333333333 0.30208333333333337
vt 0 0.30208333333333337
vt 0 0.28125
vt 0.3333333333333333 0.28125
vt 0.3333333333333333 0.30208333333333337
vt 0 0.30208333333333337
vt 0 0.28125
vt 0.3333333333333333 0.28125
vt 0.3333333333333333 0.30208333333333337
vt 0 0.30208333333333337
vt 0 0.28125
vt 0.3333333333333333 0.28125
vt 0.3333333333333333 0.30208333333333337
vt 0 0.30208333333333337
vt 0 0.28125
vt 0.9375 0.5625
vt 1 0.5625
vt 1 0.6666666666666667
vt 0.9375 0.6666666666666667
vt 0.10416666666666667 0.9895833333333334
vt 0.16666666666666666 0.9895833333333334
vt 0.16666666666666666 1
vt 0.10416666666666667 1
vt 0.10416666666666667 0.9895833333333334
vt 0.22916666666666666 0.9895833333333334
vt 0.22916666666666666 1
vt 0.10416666666666667 1
vt 0.10416666666666667 0.9895833333333334
vt 0.16666666666666666 0.9895833333333334
vt 0.16666666666666666 1
vt 0.10416666666666667 1
vt 0.10416666666666667 0.9895833333333334
vt 0.22916666666666666 0.9895833333333334
vt 0.22916666666666666 1
vt 0.10416666666666667 1
vt 0.8958333333333334 0.7708333333333333
vt 0.8958333333333334 0.8958333333333334
vt 0.875 0.8958333333333333
vt 0.875 0.7708333333333334
vt 0.9583333333333334 0.5625
vt 0.9375 0.5625
vt 0.9375 0.4375
vt 0.9583333333333334 0.4375
vt 0.08333333333333333 0.25
vt 0.041666666666666664 0.25
vt 0.041666666666666664 0.16666666666666663
vt 0.08333333333333333 0.16666666666666663
vt 0.875 0.7916666666666666
vt 0.8333333333333334 0.7916666666666666
vt 0.8333333333333334 0.7708333333333334
vt 0.875 0.7708333333333334
vt 0.9791666666666666 0.5625
vt 0.9583333333333334 0.5625
vt 0.9583333333333334 0.5416666666666667
vt 0.9791666666666666 0.5416666666666667
vt 0.8541666666666666 0.875
vt 0.875 0.875
vt 0.875 0.8958333333333333
vt 0.8541666666666666 0.8958333333333334
vt 0.20833333333333334 0.27083333333333337
vt 0.20833333333333334 0.25
vt 0.25 0.25
vt 0.25 0.27083333333333337
vt 0.08333333333333333 0.23958333333333337
vt 0.041666666666666664 0.23958333333333337
vt 0.041666666666666664 0.25
vt 0.08333333333333333 0.25
vt 0 0.16666666666666663
vt 0 0.25
vt 0.010416666666666666 0.25
vt 0.010416666666666666 0.16666666666666663
vt 0.08333333333333333 0.17708333333333337
vt 0.041666666666666664 0.17708333333333337
vt 0.041666666666666664 0.16666666666666663
vt 0.08333333333333333 0.16666666666666663
vt 0.08333333333333333 0.25
vt 0.08333333333333333 0.16666666666666663
vt 0.07291666666666667 0.16666666666666663
vt 0.07291666666666667 0.25
vt 0.21875 0.25
vt 0.21875 0.27083333333333337
vt 0.20833333333333334 0.27083333333333337
vt 0.20833333333333334 0.25
vt 0.10416666666666667 0.9375
vt 0.0625 0.9375
vt 0.0625 0.9270833333333334
vt 0.10416666666666667 0.9270833333333334
vt 0.25 0.25
vt 0.25 0.27083333333333337
vt 0.23958333333333334 0.27083333333333337
vt 0.23958333333333334 0.25
vt 0.10416666666666667 0.9479166666666666
vt 0.0625 0.9479166666666666
vt 0.0625 0.9375
vt 0.10416666666666667 0.9375
vt 0.625 0.9583333333333334
vt 0.625 0.9166666666666666
vt 0.5104166666666666 0.9166666666666666
vt 0.5104166666666666 0.9583333333333334
vt 0.5104166666666666 1
vt 0.625 1
vt 0.625 0.9583333333333334
vt 0.5104166666666666 0.9583333333333334
vt 0.5104166666666666 0.9166666666666666
vt 0.625 0.9166666666666666
vt 0.625 0.9583333333333334
vt 0.5104166666666666 0.9583333333333334
vt 0.625 0.9583333333333334
vt 0.625 1
vt 0.5104166666666666 1
vt 0.5104166666666666 0.9583333333333334
vt 0.15625 0.48958333333333337
vt 0.15625 0.40625
vt 0.3229166666666667 0.40625
vt 0.3229166666666667 0.48958333333333337
vt 0.15625 0.48958333333333337
vt 0.15625 0.40625
vt 0.3229166666666667 0.40625
vt 0.3229166666666667 0.48958333333333337
vt 0.15625 0.48958333333333337
vt 0.15625 0.40625
vt 0.3229166666666667 0.40625
vt 0.3229166666666667 0.48958333333333337
vt 0.15625 0.48958333333333337
vt 0.15625 0.40625
vt 0.3229166666666667 0.40625
vt 0.3229166666666667 0.48958333333333337
vt 0.3229166666666667 0.48958333333333337
vt 0.15625 0.48958333333333337
vt 0.15625 0.40625
vt 0.3229166666666667 0.40625
vt 0.3229166666666667 0.48958333333333337
vt 0.15625 0.48958333333333337
vt 0.15625 0.40625
vt 0.3229166666666667 0.40625
vt 0.3229166666666667 0.48958333333333337
vt 0.15625 0.48958333333333337
vt 0.15625 0.40625
vt 0.3229166666666667 0.40625
vt 0.3229166666666666 0.40625
vt 0.3229166666666666 0.48958333333333337
vt 0.15625 0.48958333333333337
vt 0.15625 0.40625
vt 0.5104166666666666 0.9166666666666666
vt 0.625 0.9166666666666666
vt 0.625 0.9583333333333334
vt 0.5104166666666666 0.9583333333333334
vt 0.625 0.9583333333333334
vt 0.625 1
vt 0.5104166666666666 1
vt 0.5104166666666666 0.9583333333333334
vt 0.625 0.9583333333333334
vt 0.625 0.9166666666666666
vt 0.5104166666666666 0.9166666666666666
vt 0.5104166666666666 0.9583333333333334
vt 0.5104166666666666 1
vt 0.625 1
vt 0.625 0.9583333333333334
vt 0.5104166666666666 0.9583333333333334
vt 0.625 0.9583333333333334
vt 0.625 0.9166666666666666
vt 0.5104166666666666 0.9166666666666666
vt 0.5104166666666666 0.9583333333333334
vt 0.5104166666666666 1
vt 0.625 1
vt 0.625 0.9583333333333334
vt 0.5104166666666666 0.9583333333333334
vt 0.5104166666666666 0.9166666666666666
vt 0.625 0.9166666666666666
vt 0.625 0.9583333333333334
vt 0.5104166666666666 0.9583333333333334
vt 0.625 0.9583333333333334
vt 0.625 1
vt 0.5104166666666666 1
vt 0.5104166666666666 0.9583333333333334
vt 0.5104166666666666 0.9166666666666666
vt 0.625 0.9166666666666666
vt 0.625 0.9583333333333334
vt 0.5104166666666666 0.9583333333333334
vt 0.625 0.9583333333333334
vt 0.625 1
vt 0.5104166666666666 1
vt 0.5104166666666666 0.9583333333333334
vt 0.625 0.9583333333333334
vt 0.625 0.9166666666666666
vt 0.5104166666666666 0.9166666666666666
vt 0.5104166666666666 0.9583333333333334
vt 0.5104166666666666 1
vt 0.625 1
vt 0.625 0.9583333333333334
vt 0.5104166666666666 0.9583333333333334
vt 0.5 0.5833333333333333
vt 0.5 0.6666666666666667
vt 0.5833333333333334 0.6666666666666667
vt 0.5 0.6666666666666667
vt 0.5833333333333334 0.6666666666666667
vt 0.5 0.5833333333333333
vt 0.5 0.6666666666666667
vt 0.5 0.5833333333333333
vt 0.5833333333333334 0.6666666666666667
vt 0.5833333333333334 0.6666666666666667
vt 0.5 0.6666666666666667
vt 0.5 0.5833333333333333
vt 0.5 0.6666666666666667
vt 0.5833333333333334 0.6666666666666667
vt 0.5 0.5833333333333333
vt 0.5 0.5833333333333333
vt 0.5 0.6666666666666667
vt 0.5833333333333334 0.6666666666666667
vt 0.5 0.5833333333333333
vt 0.5833333333333334 0.6666666666666667
vt 0.5 0.6666666666666667
vt 0.5833333333333334 0.6666666666666667
vt 0.5 0.6666666666666667
vt 0.5 0.5833333333333333
vt 0.3333333333333333 0.33333333333333337
vt 0.3333333333333333 0.41666666666666663
vt 0.5 0.41666666666666663
vt 0.5 0.33333333333333337
vt 0.5104166666666666 0.9166666666666665
vt 0.59375 0.9166666666666666
vt 0.59375 1
vt 0.5104166666666666 1
vt 0.8958333333333334 0.6666666666666667
vt 1 0.6666666666666667
vt 1 1
vt 0.8958333333333334 1
vt 0.8333333333333334 0.6666666666666667
vt 0.8333333333333334 0.33333333333333337
vt 0.9375 0.33333333333333337
vt 0.9375 0.6666666666666667
vt 0.8958333333333334 0.7708333333333333
vt 0.8333333333333334 0.7708333333333333
vt 0.8333333333333334 0.6666666666666667
vt 0.8958333333333334 0.6666666666666667
vt 0.9375 0.33333333333333337
vt 1 0.33333333333333337
vt 1 0.4375
vt 0.9375 0.4375
vt 0.22916666666666666 1
vt 0.16666666666666666 1
vt 0.16666666666666666 0.9895833333333334
vt 0.22916666666666666 0.9895833333333334
vt 0.8958333333333334 1
vt 0.8333333333333334 1
vt 0.8333333333333334 0.8958333333333334
vt 0.8958333333333334 0.8958333333333334
vt 0.22916666666666666 1
vt 0.16666666666666666 1
vt 0.16666666666666666 0.9895833333333334
vt 0.22916666666666666 0.9895833333333334
vt 0.9583333333333334 0.4375
vt 1 0.4375
vt 1 0.45833333333333337
vt 0.9583333333333334 0.45833333333333337
vt 0 0.16666666666666663
vt 0.041666666666666664 0.16666666666666663
vt 0.041666666666666664 0.17708333333333337
vt 0 0.17708333333333337
vt 0 0.16666666666666663
vt 0.041666666666666664 0.16666666666666663
vt 0.041666666666666664 0.25
vt 0 0.25
vt 0 0.25
vt 0.041666666666666664 0.25
vt 0.041666666666666664 0.23958333333333337
vt 0 0.23958333333333337
vt 0.5 0.33333333333333337
vt 0.3333333333333333 0.16666666666666663
vt 0.3333333333333333 0.33333333333333337
vt 0.3333333333333333 0.16666666666666663
vt 0.5 0.33333333333333337
vt 0.3333333333333333 0.33333333333333337
vt 0.3333333333333333 0.16666666666666663
vt 0.5 0.33333333333333337
vt 0.3333333333333333 0.33333333333333337
vt 0.5 0.33333333333333337
vt 0.3333333333333333 0.16666666666666663
vt 0.3333333333333333 0.33333333333333337
vt 0.65625 0.5208333333333333
vt 0.65625 0.5
vt 0.5104166666666666 0.5
vt 0.5104166666666666 0.5208333333333333
vt 0.5104166666666666 0.6458333333333333
vt 0.65625 0.6458333333333333
vt 0.65625 0.6666666666666667
vt 0.5104166666666666 0.6666666666666667
vt 0.010416666666666666 1
vt 0 1
vt 0 0.8541666666666666
vt 0.010416666666666666 0.8541666666666666
vt 0.010416666666666666 1
vt 0 1
vt 0 0.8541666666666666
vt 0.010416666666666666 0.8541666666666666
vt 0.65625 0.5416666666666667
vt 0.65625 0.5520833333333333
vt 0.5104166666666666 0.5520833333333333
vt 0.5104166666666666 0.5416666666666667
vt 0.65625 0.5416666666666667
vt 0.65625 0.5520833333333333
vt 0.5104166666666666 0.5520833333333333
vt 0.5104166666666666 0.5416666666666667
vt 0.14583333333333334 0.38541666666666663
vt 0.14583333333333334 0.48958333333333337
vt 0 0.48958333333333337
vt 0 0.38541666666666663
vt 0.14583333333333334 0.38541666666666663
vt 0.14583333333333334 0.39583333333333337
vt 0 0.39583333333333337
vt 0 0.38541666666666663
vt 0.14583333333333334 0.47916666666666663
vt 0.14583333333333334 0.48958333333333337
vt 0 0.48958333333333337
vt 0 0.47916666666666663
vt 0.010416666666666666 1
vt 0 1
vt 0 0.9895833333333334
vt 0.010416666666666666 0.9895833333333334
vt 0 1
vt 0 0.9895833333333334
vt 0.010416666666666666 0.9895833333333334
vt 0.010416666666666666 1
vt 0 0.9895833333333334
vt 0.010416666666666666 0.9895833333333334
vt 0.010416666666666666 1
vt 0 1
vt 0 0.9895833333333334
vt 0.010416666666666666 0.9895833333333334
vt 0.010416666666666666 1
vt 0 1
vt 0.5104166666666666 0.5
vt 0.5104166666666666 0.6666666666666667
vt 0.5 0.6666666666666667
vt 0.5 0.5
vt 0.65625 0.6666666666666667
vt 0.65625 0.5
vt 0.6666666666666666 0.5
vt 0.6666666666666666 0.6666666666666667
vt 0.65625 0.5208333333333333
vt 0.65625 0.5
vt 0.5104166666666666 0.5
vt 0.5104166666666666 0.5208333333333333
vt 0.5104166666666666 0.6458333333333333
vt 0.65625 0.6458333333333333
vt 0.65625 0.6666666666666667
vt 0.5104166666666666 0.6666666666666667
vt 0.010416666666666666 1
vt 0 1
vt 0 0.8541666666666666
vt 0.010416666666666666 0.8541666666666666
vt 0.010416666666666666 1
vt 0 1
vt 0 0.8541666666666666
vt 0.010416666666666666 0.8541666666666666
vt 0.65625 0.5416666666666667
vt 0.65625 0.5520833333333333
vt 0.5104166666666666 0.5520833333333333
vt 0.5104166666666666 0.5416666666666667
vt 0.65625 0.5416666666666667
vt 0.65625 0.5520833333333333
vt 0.5104166666666666 0.5520833333333333
vt 0.5104166666666666 0.5416666666666667
vt 0.14583333333333334 0.38541666666666663
vt 0.14583333333333334 0.48958333333333337
vt 0 0.48958333333333337
vt 0 0.38541666666666663
vt 0.14583333333333334 0.38541666666666663
vt 0.14583333333333334 0.39583333333333337
vt 0 0.39583333333333337
vt 0 0.38541666666666663
vt 0.14583333333333334 0.47916666666666663
vt 0.14583333333333334 0.48958333333333337
vt 0 0.48958333333333337
vt 0 0.47916666666666663
vt 0.010416666666666666 1
vt 0 1
vt 0 0.9895833333333334
vt 0.010416666666666666 0.9895833333333334
vt 0 1
vt 0 0.9895833333333334
vt 0.010416666666666666 0.9895833333333334
vt 0.010416666666666666 1
vt 0 0.9895833333333334
vt 0.010416666666666666 0.9895833333333334
vt 0.010416666666666666 1
vt 0 1
vt 0 0.9895833333333334
vt 0.010416666666666666 0.9895833333333334
vt 0.010416666666666666 1
vt 0 1
vt 0.5104166666666666 0.5
vt 0.5104166666666666 0.6666666666666667
vt 0.5 0.6666666666666667
vt 0.5 0.5
vt 0.65625 0.6666666666666667
vt 0.65625 0.5
vt 0.6666666666666666 0.5
vt 0.6666666666666666 0.6666666666666667
vt 0.4270833333333333 0.5416666666666667
vt 0.4270833333333333 0.5208333333333333
vt 0.4375 0.5208333333333333
vt 0.4375 0.5416666666666667
vt 0.8333333333333334 0.33333333333333337
vt 0.8333333333333334 0.16666666666666663
vt 0.8541666666666666 0.16666666666666663
vt 0.8541666666666666 0.33333333333333337
vt 0.9791666666666666 0.16666666666666663
vt 1 0.16666666666666663
vt 1 0.33333333333333337
vt 0.9791666666666666 0.33333333333333337
vt 0.9791666666666666 0.3125
vt 0.9791666666666666 0.33333333333333337
vt 0.8541666666666666 0.33333333333333337
vt 0.8541666666666666 0.3125
vt 0.8541666666666666 0.16666666666666663
vt 0.9791666666666666 0.16666666666666663
vt 0.9791666666666666 0.1875
vt 0.8541666666666666 0.1875
vt 0.9791666666666666 0.32291666666666663
vt 0.8541666666666666 0.32291666666666663
vt 0.8541666666666666 0.3125
vt 0.9791666666666666 0.3125
vt 0.8541666666666666 0.1875
vt 0.8541666666666666 0.3125
vt 0.84375 0.3125
vt 0.84375 0.1875
vt 0.9791666666666666 0.1875
vt 0.8541666666666666 0.1875
vt 0.8541666666666666 0.17708333333333337
vt 0.9791666666666666 0.17708333333333337
vt 0.9791666666666666 0.3125
vt 0.9791666666666666 0.1875
vt 0.9895833333333334 0.1875
vt 0.9895833333333334 0.3125
vt 0.875 0.3125
vt 0.8541666666666666 0.3125
vt 0.8541666666666666 0.1875
vt 0.875 0.1875
vt 0.9583333333333335 0.1875
vt 0.9791666666666666 0.1875
vt 0.9791666666666666 0.3125
vt 0.9583333333333334 0.3125
vt 0.875 0.1875
vt 0.9583333333333335 0.1875
vt 0.9583333333333331 0.20833333333333337
vt 0.875 0.20833333333333337
vt 0.08333333333333333 0.16666666666666663
vt 0.08333333333333333 0.25
vt 0 0.25
vt 0 0.16666666666666663
vt 0.8958333333333334 0.3125
vt 0.875 0.3125
vt 0.875 0.29166666666666663
vt 0.8958333333333334 0.29166666666666663
vt 0.9583333333333331 0.29166666666666663
vt 0.9583333333333334 0.3125
vt 0.9375 0.3125
vt 0.9375 0.29166666666666663
vt 0.11458333333333333 0.27083333333333337
vt 0.11458333333333333 0.25
vt 0.15625 0.25
vt 0.15625 0.27083333333333337
vt 0.2604166666666667 0.25
vt 0.2604166666666667 0.16666666666666663
vt 0.2708333333333333 0.16666666666666663
vt 0.2708333333333333 0.25
vt 0.1875 0.25
vt 0.2708333333333333 0.25
vt 0.2708333333333333 0.23958333333333337
vt 0.1875 0.23958333333333337
vt 0.19791666666666666 0.16666666666666663
vt 0.19791666666666666 0.25
vt 0.1875 0.25
vt 0.1875 0.16666666666666663
vt 0.2708333333333333 0.16666666666666663
vt 0.1875 0.16666666666666663
vt 0.1875 0.17708333333333337
vt 0.2708333333333333 0.17708333333333337
vt 0.40625 0.5208333333333333
vt 0.40625 0.5416666666666667
vt 0.3958333333333333 0.5416666666666667
vt 0.3958333333333333 0.5208333333333333
vt 0.4270833333333333 0.5416666666666667
vt 0.4270833333333333 0.5208333333333333
vt 0.4375 0.5208333333333333
vt 0.4375 0.5416666666666667
vt 0.8333333333333334 0.33333333333333337
vt 0.8333333333333334 0.16666666666666663
vt 0.8541666666666666 0.16666666666666663
vt 0.8541666666666666 0.33333333333333337
vt 0.9791666666666666 0.16666666666666663
vt 1 0.16666666666666663
vt 1 0.33333333333333337
vt 0.9791666666666666 0.33333333333333337
vt 0.9791666666666666 0.3125
vt 0.9791666666666666 0.33333333333333337
vt 0.8541666666666666 0.33333333333333337
vt 0.8541666666666666 0.3125
vt 0.8541666666666666 0.16666666666666663
vt 0.9791666666666666 0.16666666666666663
vt 0.9791666666666666 0.1875
vt 0.8541666666666666 0.1875
vt 0.9791666666666666 0.32291666666666663
vt 0.8541666666666666 0.32291666666666663
vt 0.8541666666666666 0.3125
vt 0.9791666666666666 0.3125
vt 0.8541666666666666 0.1875
vt 0.8541666666666666 0.3125
vt 0.84375 0.3125
vt 0.84375 0.1875
vt 0.9791666666666666 0.1875
vt 0.8541666666666666 0.1875
vt 0.8541666666666666 0.17708333333333337
vt 0.9791666666666666 0.17708333333333337
vt 0.9791666666666666 0.3125
vt 0.9791666666666666 0.1875
vt 0.9895833333333334 0.1875
vt 0.9895833333333334 0.3125
vt 0.875 0.3125
vt 0.8541666666666666 0.3125
vt 0.8541666666666666 0.1875
vt 0.875 0.1875
vt 0.9583333333333335 0.1875
vt 0.9791666666666666 0.1875
vt 0.9791666666666666 0.3125
vt 0.9583333333333334 0.3125
vt 0.875 0.1875
vt 0.9583333333333335 0.1875
vt 0.9583333333333331 0.20833333333333337
vt 0.875 0.20833333333333337
vt 0.08333333333333333 0.16666666666666663
vt 0.08333333333333333 0.25
vt 0 0.25
vt 0 0.16666666666666663
vt 0.8958333333333334 0.3125
vt 0.875 0.3125
vt 0.875 0.29166666666666663
vt 0.8958333333333334 0.29166666666666663
vt 0.9583333333333331 0.29166666666666663
vt 0.9583333333333334 0.3125
vt 0.9375 0.3125
vt 0.9375 0.29166666666666663
vt 0.11458333333333333 0.27083333333333337
vt 0.11458333333333333 0.25
vt 0.15625 0.25
vt 0.15625 0.27083333333333337
vt 0.2604166666666667 0.25
vt 0.2604166666666667 0.16666666666666663
vt 0.2708333333333333 0.16666666666666663
vt 0.2708333333333333 0.25
vt 0.1875 0.25
vt 0.2708333333333333 0.25
vt 0.2708333333333333 0.23958333333333337
vt 0.1875 0.23958333333333337
vt 0.19791666666666666 0.16666666666666663
vt 0.19791666666666666 0.25
vt 0.1875 0.25
vt 0.1875 0.16666666666666663
vt 0.2708333333333333 0.16666666666666663
vt 0.1875 0.16666666666666663
vt 0.1875 0.17708333333333337
vt 0.2708333333333333 0.17708333333333337
vt 0.40625 0.5208333333333333
vt 0.40625 0.5416666666666667
vt 0.3958333333333333 0.5416666666666667
vt 0.3958333333333333 0.5208333333333333
vt 0.5 0.5
vt 0.5 1
vt 0 1
vt 0 0.5
vt 0.59375 1
vt 0.59375 0.9166666666666666
vt 0.5104166666666666 0.9166666666666666
vt 0.5104166666666666 1
vt 0.59375 0.9166666666666666
vt 0.59375 1
vt 0.5104166666666666 1
vt 0.5104166666666666 0.9166666666666666
vt 0.59375 1
vt 0.59375 0.9166666666666666
vt 0.5104166666666666 0.9166666666666666
vt 0.5104166666666666 1
vt 0.59375 0.9166666666666666
vt 0.59375 1
vt 0.5104166666666666 1
vt 0.5104166666666666 0.9166666666666666
vt 0.5104166666666666 0.9166666666666666
vt 0.59375 0.9166666666666666
vt 0.59375 1
vt 0.5104166666666666 1
vt 0.5104166666666666 1
vt 0.59375 1
vt 0.59375 0.9166666666666666
vt 0.5104166666666666 0.9166666666666666
vt 0.5104166666666666 0.9166666666666666
vt 0.59375 0.9166666666666666
vt 0.59375 1
vt 0.5104166666666666 1
vt 0.5104166666666666 1
vt 0.59375 1
vt 0.59375 0.9166666666666666
vt 0.5104166666666666 0.9166666666666666
vt 0.8541666666666666 0.33333333333333337
vt 0.8333333333333334 0.33333333333333337
vt 0.8333333333333334 0.16666666666666663
vt 0.8541666666666666 0.16666666666666663
vt 1 0.16666666666666663
vt 1 0.33333333333333337
vt 0.9791666666666666 0.33333333333333315
vt 0.9791666666666666 0.16666666666666663
vt 0.8541666666666666 0.16666666666666663
vt 0.9791666666666666 0.16666666666666663
vt 0.9791666666666666 0.1875
vt 0.8541666666666666 0.1875
vt 0.9791666666666666 0.3125
vt 0.9791666666666666 0.33333333333333315
vt 0.8541666666666666 0.33333333333333337
vt 0.8541666666666666 0.3124999999999999
vt 0.8541666666666666 0.1875
vt 0.8541666666666666 0.3125
vt 0.84375 0.3125
vt 0.84375 0.1875
vt 0.84375 0.3125
vt 0.84375 0.1875
vt 0.8541666666666666 0.1875
vt 0.8541666666666666 0.3125
vt 0.84375 0.3125
vt 0.84375 0.1875
vt 0.8541666666666666 0.1875
vt 0.8541666666666666 0.3125
vt 0.875 0.3125
vt 0.8541666666666666 0.3124999999999999
vt 0.8541666666666666 0.1875
vt 0.875 0.1875
vt 0.9583333333333334 0.1875
vt 0.9791666666666666 0.1875
vt 0.9791666666666666 0.3125
vt 0.9583333333333334 0.31250000000000033
vt 0.875 0.20833333333333337
vt 0.875 0.1875
vt 0.9583333333333334 0.1875
vt 0.9583333333333334 0.20833333333333348
vt 0.9583333333333334 0.29166666666666696
vt 0.9583333333333334 0.31250000000000033
vt 0.875 0.3125
vt 0.875 0.29166666666666663
vt 0.09375 0.25
vt 0.09375 0.16666666666666663
vt 0.17708333333333334 0.16666666666666685
vt 0.17708333333333334 0.25000000000000033
vt 0.010416666666666666 0.16666666666666663
vt 0.010416666666666666 0.25
vt 0 0.25
vt 0 0.16666666666666663
vt 0.08333333333333333 0.16666666666666663
vt 0 0.16666666666666663
vt 0 0.17708333333333337
vt 0.08333333333333333 0.17708333333333337
vt 0.07291666666666667 0.25
vt 0.07291666666666667 0.16666666666666663
vt 0.08333333333333333 0.16666666666666663
vt 0.08333333333333333 0.25
vt 0 0.23958333333333337
vt 0.08333333333333333 0.23958333333333337
vt 0.08333333333333333 0.25
vt 0 0.25
vt 0.8541666666666666 0.1875
vt 0.8541666666666666 0.3125
vt 0.84375 0.3125
vt 0.84375 0.1875
vt 0.8541666666666666 0.33333333333333337
vt 0.8333333333333334 0.33333333333333337
vt 0.8333333333333334 0.16666666666666663
vt 0.8541666666666666 0.16666666666666663
vt 1 0.16666666666666663
vt 1 0.33333333333333337
vt 0.9791666666666666 0.33333333333333315
vt 0.9791666666666666 0.16666666666666663
vt 0.8541666666666666 0.16666666666666663
vt 0.9791666666666666 0.16666666666666663
vt 0.9791666666666666 0.1875
vt 0.8541666666666666 0.1875
vt 0.9791666666666666 0.3125
vt 0.9791666666666666 0.33333333333333315
vt 0.8541666666666666 0.33333333333333337
vt 0.8541666666666666 0.3124999999999999
vt 0.8541666666666666 0.1875
vt 0.8541666666666666 0.3125
vt 0.84375 0.3125
vt 0.84375 0.1875
vt 0.84375 0.3125
vt 0.84375 0.1875
vt 0.8541666666666666 0.1875
vt 0.8541666666666666 0.3125
vt 0.84375 0.3125
vt 0.84375 0.1875
vt 0.8541666666666666 0.1875
vt 0.8541666666666666 0.3125
vt 0.875 0.3125
vt 0.8541666666666666 0.3124999999999999
vt 0.8541666666666666 0.1875
vt 0.875 0.1875
vt 0.9583333333333334 0.1875
vt 0.9791666666666666 0.1875
vt 0.9791666666666666 0.3125
vt 0.9583333333333334 0.31250000000000033
vt 0.875 0.20833333333333337
vt 0.875 0.1875
vt 0.9583333333333334 0.1875
vt 0.9583333333333334 0.20833333333333348
vt 0.9583333333333334 0.29166666666666696
vt 0.9583333333333334 0.31250000000000033
vt 0.875 0.3125
vt 0.875 0.29166666666666663
vt 0.09375 0.25
vt 0.09375 0.16666666666666663
vt 0.17708333333333334 0.16666666666666685
vt 0.17708333333333334 0.25000000000000033
vt 0.010416666666666666 0.16666666666666663
vt 0.010416666666666666 0.25
vt 0 0.25
vt 0 0.16666666666666663
vt 0.08333333333333333 0.16666666666666663
vt 0 0.16666666666666663
vt 0 0.17708333333333337
vt 0.08333333333333333 0.17708333333333337
vt 0.07291666666666667 0.25
vt 0.07291666666666667 0.16666666666666663
vt 0.08333333333333333 0.16666666666666663
vt 0.08333333333333333 0.25
vt 0 0.23958333333333337
vt 0.08333333333333333 0.23958333333333337
vt 0.08333333333333333 0.25
vt 0 0.25
vt 0.8541666666666666 0.1875
vt 0.8541666666666666 0.3125
vt 0.84375 0.3125
vt 0.84375 0.1875
vt 1 0.16666666666666663
vt 0.8333333333333334 0.16666666666666663
vt 0.8333333333333334 0
vt 1 0
vt 0.8333333333333334 0
vt 1 0
vt 1 0.16666666666666663
vt 0.8333333333333334 0.16666666666666663
vt 0.5 0.875
vt 0.5 0.8333333333333334
vt 0.6666666666666666 0.8333333333333334
vt 0.6666666666666666 0.875
vt 0.5 0.875
vt 0.5 0.8333333333333334
vt 0.6666666666666666 0.8333333333333334
vt 0.6666666666666666 0.875
vt 0.49999999999999956 0.875
vt 0.49999999999999956 0.8333333333333334
vt 0.6666666666666662 0.8333333333333334
vt 0.6666666666666662 0.875
vt 0.5000000000000004 0.875
vt 0.5000000000000004 0.8333333333333334
vt 0.6666666666666671 0.8333333333333334
vt 0.6666666666666671 0.875
vt 0.5 0.6666666666666667
vt 0.5 0.8333333333333334
vt 0.6666666666666666 0.8333333333333334
vt 0.6666666666666666 0.6666666666666667
vt 0.5 0.6666666666666667
vt 0.5 0.8333333333333334
vt 0.6666666666666666 0.8333333333333334
vt 0.6666666666666666 0.6666666666666667
vt 0.5 0.6666666666666667
vt 0.5 0.8333333333333334
vt 0.6666666666666666 0.8333333333333334
vt 0.6666666666666666 0.6666666666666667
vt 0.5 0.6666666666666667
vt 0.5 0.8333333333333334
vt 0.6666666666666666 0.8333333333333334
vt 0.6666666666666666 0.6666666666666667
vt 0.5 0.8333333333333334
vt 0.5 0.6666666666666667
vt 0.6666666666666666 0.6666666666666667
vt 0.6666666666666666 0.8333333333333334
vt 0.5 0.8333333333333334
vt 0.5 0.6666666666666667
vt 0.6666666666666666 0.6666666666666667
vt 0.6666666666666666 0.8333333333333334
vt 0.5 0.8333333333333334
vt 0.5 0.6666666666666667
vt 0.6666666666666666 0.6666666666666667
vt 0.6666666666666666 0.8333333333333334
vt 0.5 0.8333333333333334
vt 0.5 0.6666666666666667
vt 0.6666666666666666 0.6666666666666667
vt 0.6666666666666666 0.8333333333333334
vt 0.5 0.6666666666666667
vt 0.5 0.8333333333333334
vt 0.6666666666666666 0.8333333333333334
vt 0.6666666666666666 0.6666666666666667
vt 0.5 0.6666666666666667
vt 0.5 0.8333333333333334
vt 0.6666666666666666 0.8333333333333334
vt 0.6666666666666666 0.6666666666666667
vt 0.5 0.6666666666666667
vt 0.5 0.8333333333333334
vt 0.6666666666666666 0.8333333333333334
vt 0.6666666666666666 0.6666666666666667
vt 0.5 0.6666666666666667
vt 0.5 0.8333333333333334
vt 0.6666666666666666 0.8333333333333334
vt 0.6666666666666666 0.6666666666666667
vt 0.6666666666666666 0.875
vt 0.6666666666666666 0.7916666666666666
vt 0.5 0.7916666666666666
vt 0.5 0.875
vt 0.6666666666666666 0.875
vt 0.6666666666666666 0.7916666666666666
vt 0.5 0.7916666666666666
vt 0.5 0.875
vt 0.6666666666666666 0.875
vt 0.6666666666666666 0.7916666666666666
vt 0.5 0.7916666666666666
vt 0.5 0.875
vt 0.6666666666666666 0.875
vt 0.6666666666666666 0.7916666666666666
vt 0.5 0.7916666666666666
vt 0.5 0.875
vt 0.5104166666666666 1
vt 0.59375 1
vt 0.59375 0.9166666666666666
vt 0.5104166666666666 0.9166666666666666
vt 0.6666666666666666 0.5
vt 0.6666666666666666 0.6666666666666667
vt 0.5 0.6666666666666667
vt 0.5 0.5
vt 0.6666666666666666 0.5
vt 0.6666666666666666 0.6666666666666667
vt 0.5 0.6666666666666667
vt 0.5 0.5
vt 0.08333333333333333 0.16666666666666663
vt 0.08333333333333333 0.25
vt 0 0.25
vt 0 0.16666666666666663
vt 0.08333333333333333 0.16666666666666663
vt 0.08333333333333333 0.25
vt 0 0.25
vt 0 0.16666666666666663
vt 0.10416666666666667 0.02083333333333337
vt 0.13541666666666666 0.02083333333333337
vt 0.13541666666666666 0.13541666666666663
vt 0.10416666666666667 0.13541666666666663
vt 0 0.01041666666666663
vt 0 0.125
vt 0.08333333333333333 0.06770833333333337
vt 0 0.13541666666666663
vt 0 0.02083333333333337
vt 0.08333333333333333 0.078125
vt 3.3761833425257254e-7 0.09375
vt 0 3.6275376158467765e-7
vt 0.08333342615965018 0
vt 0.08333338787827012 0.09375
vt 0.08333305025939548 0
vt 0.08333305025939548 0.09375000000060785
vt 0 0.09375030010477448
vt 0 3.001041665173787e-7
vt 0.13541666666666666 0.013808139534883801
vt 0.13541666666666666 0.10586240310077522
vt 0.10416666666666667 0.09205426356589141
vt 0.10416666666666667 0
vt 0 0.15625030010538232
vt 0 0.06250030010477448
vt 0.08333305025939548 0.06250000000060785
vt 0.08333305025939548 0.15625000000121558
vt 0.10416666666666667 0.1424418604651163
vt 0.10416666666666667 0.050387596899224785
vt 0.13541666666666666 0.06419573643410859
vt 0.13541666666666666 0.15625
vt 0.08333380205936458 0.0625
vt 0.08333376377798452 0.15625
vt 3.3761833432658744e-7 0.15625036275376158
vt 0 0.06250072550752295
vt 0.10416666666666667 0
vt 0.13541758923985395 0
vt 0.13541658156126976 0.09374999912074189
vt 0.10416704328749242 0.09374949528144982
vt 0.10416666666666667 0.02083333333333337
vt 0.13541666666666666 0.02083333333333337
vt 0.13541666666666666 0.13541666666666663
vt 0.10416666666666667 0.13541666666666663
vt 0 0.01041666666666663
vt 0 0.125
vt 0.08333333333333333 0.06770833333333337
vt 0 0.13541666666666663
vt 0 0.02083333333333337
vt 0.08333333333333333 0.078125
vt 3.3761833425257254e-7 0.09375
vt 0 3.6275376158467765e-7
vt 0.08333342615965018 0
vt 0.08333338787827012 0.09375
vt 0.08333305025939548 0
vt 0.08333305025939548 0.09375000000060785
vt 0 0.09375030010477448
vt 0 3.001041665173787e-7
vt 0.13541666666666666 0.013808139534883801
vt 0.13541666666666666 0.10586240310077522
vt 0.10416666666666667 0.09205426356589141
vt 0.10416666666666667 0
vt 0 0.15625030010538232
vt 0 0.06250030010477448
vt 0.08333305025939548 0.06250000000060785
vt 0.08333305025939548 0.15625000000121558
vt 0.10416666666666667 0.1424418604651163
vt 0.10416666666666667 0.050387596899224785
vt 0.13541666666666666 0.06419573643410859
vt 0.13541666666666666 0.15625
vt 0.08333380205936458 0.0625
vt 0.08333376377798452 0.15625
vt 3.3761833432658744e-7 0.15625036275376158
vt 0 0.06250072550752295
vt 0.10416666666666667 0
vt 0.13541758923985395 0
vt 0.13541658156126976 0.09374999912074189
vt 0.10416704328749242 0.09374949528144982
vt 0.10416666666666667 0.02083333333333337
vt 0.13541666666666666 0.02083333333333337
vt 0.13541666666666666 0.13541666666666663
vt 0.10416666666666667 0.13541666666666663
vt 0 0.01041666666666663
vt 0 0.125
vt 0.08333333333333333 0.06770833333333337
vt 0 0.13541666666666663
vt 0 0.02083333333333337
vt 0.08333333333333333 0.078125
vt 3.3761833425257254e-7 0.09375
vt 0 3.6275376158467765e-7
vt 0.08333342615965018 0
vt 0.08333338787827012 0.09375
vt 0.08333305025939548 0
vt 0.08333305025939548 0.09375000000060785
vt 0 0.09375030010477448
vt 0 3.001041665173787e-7
vt 0.13541666666666666 0.013808139534883801
vt 0.13541666666666666 0.10586240310077522
vt 0.10416666666666667 0.09205426356589141
vt 0.10416666666666667 0
vt 0 0.15625030010538232
vt 0 0.06250030010477448
vt 0.08333305025939548 0.06250000000060785
vt 0.08333305025939548 0.15625000000121558
vt 0.10416666666666667 0.1424418604651163
vt 0.10416666666666667 0.050387596899224785
vt 0.13541666666666666 0.06419573643410859
vt 0.13541666666666666 0.15625
vt 0.08333380205936458 0.0625
vt 0.08333376377798452 0.15625
vt 3.3761833432658744e-7 0.15625036275376158
vt 0 0.06250072550752295
vt 0.10416666666666667 0
vt 0.13541758923985395 0
vt 0.13541658156126976 0.09374999912074189
vt 0.10416704328749242 0.09374949528144982
vt 0.10416666666666667 0.02083333333333337
vt 0.13541666666666666 0.02083333333333337
vt 0.13541666666666666 0.13541666666666663
vt 0.10416666666666667 0.13541666666666663
vt 0 0.01041666666666663
vt 0 0.125
vt 0.08333333333333333 0.06770833333333337
vt 0 0.13541666666666663
vt 0 0.02083333333333337
vt 0.08333333333333333 0.078125
vt 3.3761833425257254e-7 0.09375
vt 0 3.6275376158467765e-7
vt 0.08333342615965018 0
vt 0.08333338787827012 0.09375
vt 0.08333305025939548 0
vt 0.08333305025939548 0.09375000000060785
vt 0 0.09375030010477448
vt 0 3.001041665173787e-7
vt 0.13541666666666666 0.013808139534883801
vt 0.13541666666666666 0.10586240310077522
vt 0.10416666666666667 0.09205426356589141
vt 0.10416666666666667 0
vt 0 0.15625030010538232
vt 0 0.06250030010477448
vt 0.08333305025939548 0.06250000000060785
vt 0.08333305025939548 0.15625000000121558
vt 0.10416666666666667 0.1424418604651163
vt 0.10416666666666667 0.050387596899224785
vt 0.13541666666666666 0.06419573643410859
vt 0.13541666666666666 0.15625
vt 0.08333380205936458 0.0625
vt 0.08333376377798452 0.15625
vt 3.3761833432658744e-7 0.15625036275376158
vt 0 0.06250072550752295
vt 0.10416666666666667 0
vt 0.13541758923985395 0
vt 0.13541658156126976 0.09374999912074189
vt 0.10416704328749242 0.09374949528144982
vt 0.10416666666666667 0.02083333333333337
vt 0.13541666666666666 0.02083333333333337
vt 0.13541666666666666 0.13541666666666663
vt 0.10416666666666667 0.13541666666666663
vt 0 0.01041666666666663
vt 0 0.125
vt 0.08333333333333333 0.06770833333333337
vt 0 0.13541666666666663
vt 0 0.02083333333333337
vt 0.08333333333333333 0.078125
vt 3.3761833425257254e-7 0.09375
vt 0 3.6275376158467765e-7
vt 0.08333342615965018 0
vt 0.08333338787827012 0.09375
vt 0.08333305025939548 0
vt 0.08333305025939548 0.09375000000060785
vt 0 0.09375030010477448
vt 0 3.001041665173787e-7
vt 0.13541666666666666 0.013808139534883801
vt 0.13541666666666666 0.10586240310077522
vt 0.10416666666666667 0.09205426356589141
vt 0.10416666666666667 0
vt 0 0.15625030010538232
vt 0 0.06250030010477448
vt 0.08333305025939548 0.06250000000060785
vt 0.08333305025939548 0.15625000000121558
vt 0.10416666666666667 0.1424418604651163
vt 0.10416666666666667 0.050387596899224785
vt 0.13541666666666666 0.06419573643410859
vt 0.13541666666666666 0.15625
vt 0.08333380205936458 0.0625
vt 0.08333376377798452 0.15625
vt 3.3761833432658744e-7 0.15625036275376158
vt 0 0.06250072550752295
vt 0.10416666666666667 0
vt 0.13541758923985395 0
vt 0.13541658156126976 0.09374999912074189
vt 0.10416704328749242 0.09374949528144982
vt 0.10416666666666667 0.02083333333333337
vt 0.13541666666666666 0.02083333333333337
vt 0.13541666666666666 0.13541666666666663
vt 0.10416666666666667 0.13541666666666663
vt 0 0.01041666666666663
vt 0 0.125
vt 0.08333333333333333 0.06770833333333337
vt 0 0.13541666666666663
vt 0 0.02083333333333337
vt 0.08333333333333333 0.078125
vt 3.3761833425257254e-7 0.09375
vt 0 3.6275376158467765e-7
vt 0.08333342615965018 0
vt 0.08333338787827012 0.09375
vt 0.08333305025939548 0
vt 0.08333305025939548 0.09375000000060785
vt 0 0.09375030010477448
vt 0 3.001041665173787e-7
vt 0.13541666666666666 0.013808139534883801
vt 0.13541666666666666 0.10586240310077522
vt 0.10416666666666667 0.09205426356589141
vt 0.10416666666666667 0
vt 0 0.15625030010538232
vt 0 0.06250030010477448
vt 0.08333305025939548 0.06250000000060785
vt 0.08333305025939548 0.15625000000121558
vt 0.10416666666666667 0.1424418604651163
vt 0.10416666666666667 0.050387596899224785
vt 0.13541666666666666 0.06419573643410859
vt 0.13541666666666666 0.15625
vt 0.08333380205936458 0.0625
vt 0.08333376377798452 0.15625
vt 3.3761833432658744e-7 0.15625036275376158
vt 0 0.06250072550752295
vt 0.10416666666666667 0
vt 0.13541758923985395 0
vt 0.13541658156126976 0.09374999912074189
vt 0.10416704328749242 0.09374949528144982
vt 0.10416666666666667 0.02083333333333337
vt 0.13541666666666666 0.02083333333333337
vt 0.13541666666666666 0.13541666666666663
vt 0.10416666666666667 0.13541666666666663
vt 0 0.01041666666666663
vt 0 0.125
vt 0.08333333333333333 0.06770833333333337
vt 0 0.13541666666666663
vt 0 0.02083333333333337
vt 0.08333333333333333 0.078125
vt 3.3761833425257254e-7 0.09375
vt 0 3.6275376158467765e-7
vt 0.08333342615965018 0
vt 0.08333338787827012 0.09375
vt 0.08333305025939548 0
vt 0.08333305025939548 0.09375000000060785
vt 0 0.09375030010477448
vt 0 3.001041665173787e-7
vt 0.13541666666666666 0.013808139534883801
vt 0.13541666666666666 0.10586240310077522
vt 0.10416666666666667 0.09205426356589141
vt 0.10416666666666667 0
vt 0 0.15625030010538232
vt 0 0.06250030010477448
vt 0.08333305025939548 0.06250000000060785
vt 0.08333305025939548 0.15625000000121558
vt 0.10416666666666667 0.1424418604651163
vt 0.10416666666666667 0.050387596899224785
vt 0.13541666666666666 0.06419573643410859
vt 0.13541666666666666 0.15625
vt 0.08333380205936458 0.0625
vt 0.08333376377798452 0.15625
vt 3.3761833432658744e-7 0.15625036275376158
vt 0 0.06250072550752295
vt 0.10416666666666667 0
vt 0.13541758923985395 0
vt 0.13541658156126976 0.09374999912074189
vt 0.10416704328749242 0.09374949528144982
vt 0.08333333333333333 0.11458333333333337
vt 0.08333333333333333 0.03125
vt 0 0.03125
vt 0 0.11458333333333337
vt 0.10416717052827806 0.02083333333333337
vt 0.1354162049445057 0.1041668196988571
vt 0.10416666666666667 0.1041668196988571
vt 0.10416666666666667 0.02083333333333337
vt 0.13541666666666666 0.02083333333333337
vt 0.13541666666666666 0.13541666666666663
vt 0.10416666666666667 0.13541666666666663
vt 0 0.01041666666666663
vt 0 0.125
vt 0.08333333333333333 0.06770833333333337
vt 0 0.13541666666666663
vt 0 0.02083333333333337
vt 0.08333333333333333 0.078125
vt 3.3761833425257254e-7 0.09375
vt 0 3.6275376158467765e-7
vt 0.08333342615965018 0
vt 0.08333338787827012 0.09375
vt 0.08333305025939548 0
vt 0.08333305025939548 0.09375000000060785
vt 0 0.09375030010477448
vt 0 3.001041665173787e-7
vt 0.13541666666666666 0.013808139534883801
vt 0.13541666666666666 0.10586240310077522
vt 0.10416666666666667 0.09205426356589141
vt 0.10416666666666667 0
vt 0 0.15625030010538232
vt 0 0.06250030010477448
vt 0.08333305025939548 0.06250000000060785
vt 0.08333305025939548 0.15625000000121558
vt 0.10416666666666667 0.1424418604651163
vt 0.10416666666666667 0.050387596899224785
vt 0.13541666666666666 0.06419573643410859
vt 0.13541666666666666 0.15625
vt 0.08333380205936458 0.0625
vt 0.08333376377798452 0.15625
vt 3.3761833432658744e-7 0.15625036275376158
vt 0 0.06250072550752295
vt 0.10416666666666667 0
vt 0.13541758923985395 0
vt 0.13541658156126976 0.09374999912074189
vt 0.10416704328749242 0.09374949528144982
vt 0.10416666666666667 0.02083333333333337
vt 0.13541666666666666 0.02083333333333337
vt 0.13541666666666666 0.13541666666666663
vt 0.10416666666666667 0.13541666666666663
vt 0 0.01041666666666663
vt 0 0.125
vt 0.08333333333333333 0.06770833333333337
vt 0 0.13541666666666663
vt 0 0.02083333333333337
vt 0.08333333333333333 0.078125
vt 3.3761833425257254e-7 0.09375
vt 0 3.6275376158467765e-7
vt 0.08333342615965018 0
vt 0.08333338787827012 0.09375
vt 0.08333305025939548 0
vt 0.08333305025939548 0.09375000000060785
vt 0 0.09375030010477448
vt 0 3.001041665173787e-7
vt 0.13541666666666666 0.013808139534883801
vt 0.13541666666666666 0.10586240310077522
vt 0.10416666666666667 0.09205426356589141
vt 0.10416666666666667 0
vt 0 0.15625030010538232
vt 0 0.06250030010477448
vt 0.08333305025939548 0.06250000000060785
vt 0.08333305025939548 0.15625000000121558
vt 0.10416666666666667 0.1424418604651163
vt 0.10416666666666667 0.050387596899224785
vt 0.13541666666666666 0.06419573643410859
vt 0.13541666666666666 0.15625
vt 0.08333380205936458 0.0625
vt 0.08333376377798452 0.15625
vt 3.3761833432658744e-7 0.15625036275376158
vt 0 0.06250072550752295
vt 0.10416666666666667 0
vt 0.13541758923985395 0
vt 0.13541658156126976 0.09374999912074189
vt 0.10416704328749242 0.09374949528144982
vt 0.10416666666666667 0.02083333333333337
vt 0.13541666666666666 0.02083333333333337
vt 0.13541666666666666 0.13541666666666663
vt 0.10416666666666667 0.13541666666666663
vt 0 0.01041666666666663
vt 0 0.125
vt 0.08333333333333333 0.06770833333333337
vt 0 0.13541666666666663
vt 0 0.02083333333333337
vt 0.08333333333333333 0.078125
vt 3.3761833425257254e-7 0.09375
vt 0 3.6275376158467765e-7
vt 0.08333342615965018 0
vt 0.08333338787827012 0.09375
vt 0.08333305025939548 0
vt 0.08333305025939548 0.09375000000060785
vt 0 0.09375030010477448
vt 0 3.001041665173787e-7
vt 0.13541666666666666 0.013808139534883801
vt 0.13541666666666666 0.10586240310077522
vt 0.10416666666666667 0.09205426356589141
vt 0.10416666666666667 0
vt 0 0.15625030010538232
vt 0 0.06250030010477448
vt 0.08333305025939548 0.06250000000060785
vt 0.08333305025939548 0.15625000000121558
vt 0.10416666666666667 0.1424418604651163
vt 0.10416666666666667 0.050387596899224785
vt 0.13541666666666666 0.06419573643410859
vt 0.13541666666666666 0.15625
vt 0.08333380205936458 0.0625
vt 0.08333376377798452 0.15625
vt 3.3761833432658744e-7 0.15625036275376158
vt 0 0.06250072550752295
vt 0.10416666666666667 0
vt 0.13541758923985395 0
vt 0.13541658156126976 0.09374999912074189
vt 0.10416704328749242 0.09374949528144982
vt 0.10416666666666667 0.02083333333333337
vt 0.13541666666666666 0.02083333333333337
vt 0.13541666666666666 0.13541666666666663
vt 0.10416666666666667 0.13541666666666663
vt 0 0.01041666666666663
vt 0 0.125
vt 0.08333333333333333 0.06770833333333337
vt 0 0.13541666666666663
vt 0 0.02083333333333337
vt 0.08333333333333333 0.078125
vt 3.3761833425257254e-7 0.09375
vt 0 3.6275376158467765e-7
vt 0.08333342615965018 0
vt 0.08333338787827012 0.09375
vt 0.08333305025939548 0
vt 0.08333305025939548 0.09375000000060785
vt 0 0.09375030010477448
vt 0 3.001041665173787e-7
vt 0.13541666666666666 0.013808139534883801
vt 0.13541666666666666 0.10586240310077522
vt 0.10416666666666667 0.09205426356589141
vt 0.10416666666666667 0
vt 0 0.15625030010538232
vt 0 0.06250030010477448
vt 0.08333305025939548 0.06250000000060785
vt 0.08333305025939548 0.15625000000121558
vt 0.10416666666666667 0.1424418604651163
vt 0.10416666666666667 0.050387596899224785
vt 0.13541666666666666 0.06419573643410859
vt 0.13541666666666666 0.15625
vt 0.08333380205936458 0.0625
vt 0.08333376377798452 0.15625
vt 3.3761833432658744e-7 0.15625036275376158
vt 0 0.06250072550752295
vt 0.10416666666666667 0
vt 0.13541758923985395 0
vt 0.13541658156126976 0.09374999912074189
vt 0.10416704328749242 0.09374949528144982
vt 0.10416666666666667 0.02083333333333337
vt 0.13541666666666666 0.02083333333333337
vt 0.13541666666666666 0.13541666666666663
vt 0.10416666666666667 0.13541666666666663
vt 0 0.01041666666666663
vt 0 0.125
vt 0.08333333333333333 0.06770833333333337
vt 0 0.13541666666666663
vt 0 0.02083333333333337
vt 0.08333333333333333 0.078125
vt 3.3761833425257254e-7 0.09375
vt 0 3.6275376158467765e-7
vt 0.08333342615965018 0
vt 0.08333338787827012 0.09375
vt 0.08333305025939548 0
vt 0.08333305025939548 0.09375000000060785
vt 0 0.09375030010477448
vt 0 3.001041665173787e-7
vt 0.13541666666666666 0.013808139534883801
vt 0.13541666666666666 0.10586240310077522
vt 0.10416666666666667 0.09205426356589141
vt 0.10416666666666667 0
vt 0 0.15625030010538232
vt 0 0.06250030010477448
vt 0.08333305025939548 0.06250000000060785
vt 0.08333305025939548 0.15625000000121558
vt 0.10416666666666667 0.1424418604651163
vt 0.10416666666666667 0.050387596899224785
vt 0.13541666666666666 0.06419573643410859
vt 0.13541666666666666 0.15625
vt 0.08333380205936458 0.0625
vt 0.08333376377798452 0.15625
vt 3.3761833432658744e-7 0.15625036275376158
vt 0 0.06250072550752295
vt 0.10416666666666667 0
vt 0.13541758923985395 0
vt 0.13541658156126976 0.09374999912074189
vt 0.10416704328749242 0.09374949528144982
vt 0.10416666666666667 0.02083333333333337
vt 0.13541666666666666 0.02083333333333337
vt 0.13541666666666666 0.13541666666666663
vt 0.10416666666666667 0.13541666666666663
vt 0 0.01041666666666663
vt 0 0.125
vt 0.08333333333333333 0.06770833333333337
vt 0 0.13541666666666663
vt 0 0.02083333333333337
vt 0.08333333333333333 0.078125
vt 3.3761833425257254e-7 0.09375
vt 0 3.6275376158467765e-7
vt 0.08333342615965018 0
vt 0.08333338787827012 0.09375
vt 0.08333305025939548 0
vt 0.08333305025939548 0.09375000000060785
vt 0 0.09375030010477448
vt 0 3.001041665173787e-7
vt 0.13541666666666666 0.013808139534883801
vt 0.13541666666666666 0.10586240310077522
vt 0.10416666666666667 0.09205426356589141
vt 0.10416666666666667 0
vt 0 0.15625030010538232
vt 0 0.06250030010477448
vt 0.08333305025939548 0.06250000000060785
vt 0.08333305025939548 0.15625000000121558
vt 0.10416666666666667 0.1424418604651163
vt 0.10416666666666667 0.050387596899224785
vt 0.13541666666666666 0.06419573643410859
vt 0.13541666666666666 0.15625
vt 0.08333380205936458 0.0625
vt 0.08333376377798452 0.15625
vt 3.3761833432658744e-7 0.15625036275376158
vt 0 0.06250072550752295
vt 0.10416666666666667 0
vt 0.13541758923985395 0
vt 0.13541658156126976 0.09374999912074189
vt 0.10416704328749242 0.09374949528144982
vt 0.08333333333333333 0.11458333333333337
vt 0.08333333333333333 0.03125
vt 0 0.03125
vt 0 0.11458333333333337
vt 0.10416717052827806 0.02083333333333337
vt 0.1354162049445057 0.1041668196988571
vt 0.10416666666666667 0.1041668196988571
vt 0.10416666666666667 0.02083333333333337
vt 0.13541666666666666 0.02083333333333337
vt 0.13541666666666666 0.13541666666666663
vt 0.10416666666666667 0.13541666666666663
vt 0 0.01041666666666663
vt 0 0.125
vt 0.08333333333333333 0.06770833333333337
vt 0 0.13541666666666663
vt 0 0.02083333333333337
vt 0.08333333333333333 0.078125
vt 3.3761833425257254e-7 0.09375
vt 0 3.6275376158467765e-7
vt 0.08333342615965018 0
vt 0.08333338787827012 0.09375
vt 0.08333305025939548 0
vt 0.08333305025939548 0.09375000000060785
vt 0 0.09375030010477448
vt 0 3.001041665173787e-7
vt 0.13541666666666666 0.013808139534883801
vt 0.13541666666666666 0.10586240310077522
vt 0.10416666666666667 0.09205426356589141
vt 0.10416666666666667 0
vt 0 0.15625030010538232
vt 0 0.06250030010477448
vt 0.08333305025939548 0.06250000000060785
vt 0.08333305025939548 0.15625000000121558
vt 0.10416666666666667 0.1424418604651163
vt 0.10416666666666667 0.050387596899224785
vt 0.13541666666666666 0.06419573643410859
vt 0.13541666666666666 0.15625
vt 0.08333380205936458 0.0625
vt 0.08333376377798452 0.15625
vt 3.3761833432658744e-7 0.15625036275376158
vt 0 0.06250072550752295
vt 0.10416666666666667 0
vt 0.13541758923985395 0
vt 0.13541658156126976 0.09374999912074189
vt 0.10416704328749242 0.09374949528144982
vt 0.020833333333333332 0.33333333333333337
vt 0.020833333333333332 0.35416666666666663
vt 0 0.35416666666666663
vt 0 0.33333333333333337
vt 0.020833333333333332 0.33333333333333337
vt 0.020833333333333332 0.35416666666666663
vt 0 0.35416666666666663
vt 0 0.33333333333333337
vt 0.3958333333333333 1
vt 0.3958333333333333 0.9791666666666666
vt 0.0625 0.9791666666666666
vt 0.0625 1
vt 0.13541666666666666 1
vt 0.13541666666666666 0.9791666666666666
vt 0.46875 0.9791666666666666
vt 0.46875 1
vt 0.3958333333333333 0.9791666666666666
vt 0.3958333333333333 1
vt 0.0625 1
vt 0.0625 0.9791666666666666
vt 0.3645833333333333 0.9791666666666666
vt 0.3645833333333333 1
vt 0.03125 1
vt 0.03125 0.9791666666666666
vt 0.71875 0.33333333333333337
vt 0.71875 0.41666666666666663
vt 0.5520833333333334 0.41666666666666663
vt 0.5520833333333334 0.33333333333333337
vt 0.71875 0.29166666666666663
vt 0.71875 0.45833333333333337
vt 0.5520833333333334 0.45833333333333337
vt 0.5520833333333334 0.29166666666666663
vt 0.71875 0.27083333333333337
vt 0.71875 0.44791666666666663
vt 0.5520833333333334 0.44791666666666663
vt 0.5520833333333334 0.27083333333333337
vt 0.5520833333333334 0.45833333333333337
vt 0.5520833333333334 0.32291666666666663
vt 0.71875 0.32291666666666663
vt 0.71875 0.45833333333333337
vt 0.6770833333333334 0.33333333333333337
vt 0.6770833333333334 0.41666666666666663
vt 0.5104166666666666 0.41666666666666663
vt 0.5104166666666666 0.33333333333333337
vt 0.6770833333333334 0.29166666666666663
vt 0.6770833333333334 0.45833333333333337
vt 0.5104166666666666 0.45833333333333337
vt 0.5104166666666666 0.29166666666666663
vt 0.6770833333333334 0.27083333333333337
vt 0.6770833333333334 0.44791666666666663
vt 0.5104166666666666 0.44791666666666663
vt 0.5104166666666666 0.27083333333333337
vt 0.5104166666666666 0.45833333333333337
vt 0.5104166666666666 0.32291666666666663
vt 0.6770833333333334 0.32291666666666663
vt 0.6770833333333334 0.45833333333333337
vt 0.020833333333333332 0.33333333333333337
vt 0.020833333333333332 0.35416666666666663
vt 0 0.35416666666666663
vt 0 0.33333333333333337
vt 0.020833333333333332 0.33333333333333337
vt 0.020833333333333332 0.35416666666666663
vt 0 0.35416666666666663
vt 0 0.33333333333333337
vt 0.3958333333333333 1
vt 0.3958333333333333 0.9791666666666666
vt 0.0625 0.9791666666666666
vt 0.0625 1
vt 0.13541666666666666 1
vt 0.13541666666666666 0.9791666666666666
vt 0.46875 0.9791666666666666
vt 0.46875 1
vt 0.3958333333333333 0.9791666666666666
vt 0.3958333333333333 1
vt 0.0625 1
vt 0.0625 0.9791666666666666
vt 0.3645833333333333 0.9791666666666666
vt 0.3645833333333333 1
vt 0.03125 1
vt 0.03125 0.9791666666666666
vt 0.71875 0.33333333333333337
vt 0.71875 0.41666666666666663
vt 0.5520833333333334 0.41666666666666663
vt 0.5520833333333334 0.33333333333333337
vt 0.71875 0.29166666666666663
vt 0.71875 0.45833333333333337
vt 0.5520833333333334 0.45833333333333337
vt 0.5520833333333334 0.29166666666666663
vt 0.71875 0.27083333333333337
vt 0.71875 0.44791666666666663
vt 0.5520833333333334 0.44791666666666663
vt 0.5520833333333334 0.27083333333333337
vt 0.5520833333333334 0.45833333333333337
vt 0.5520833333333334 0.32291666666666663
vt 0.71875 0.32291666666666663
vt 0.71875 0.45833333333333337
vt 0.6770833333333334 0.33333333333333337
vt 0.6770833333333334 0.41666666666666663
vt 0.5104166666666666 0.41666666666666663
vt 0.5104166666666666 0.33333333333333337
vt 0.6770833333333334 0.29166666666666663
vt 0.6770833333333334 0.45833333333333337
vt 0.5104166666666666 0.45833333333333337
vt 0.5104166666666666 0.29166666666666663
vt 0.6770833333333334 0.27083333333333337
vt 0.6770833333333334 0.44791666666666663
vt 0.5104166666666666 0.44791666666666663
vt 0.5104166666666666 0.27083333333333337
vt 0.5104166666666666 0.45833333333333337
vt 0.5104166666666666 0.32291666666666663
vt 0.6770833333333334 0.32291666666666663
vt 0.6770833333333334 0.45833333333333337
vt 0.020833333333333332 0.33333333333333337
vt 0.020833333333333332 0.35416666666666663
vt 0 0.35416666666666663
vt 0 0.33333333333333337
vt 0.020833333333333332 0.33333333333333337
vt 0.020833333333333332 0.35416666666666663
vt 0 0.35416666666666663
vt 0 0.33333333333333337
vt 0.3958333333333333 1
vt 0.3958333333333333 0.9791666666666666
vt 0.0625 0.9791666666666666
vt 0.0625 1
vt 0.13541666666666666 1
vt 0.13541666666666666 0.9791666666666666
vt 0.46875 0.9791666666666666
vt 0.46875 1
vt 0.3958333333333333 0.9791666666666666
vt 0.3958333333333333 1
vt 0.0625 1
vt 0.0625 0.9791666666666666
vt 0.3645833333333333 0.9791666666666666
vt 0.3645833333333333 1
vt 0.03125 1
vt 0.03125 0.9791666666666666
vt 0.71875 0.33333333333333337
vt 0.71875 0.41666666666666663
vt 0.5520833333333334 0.41666666666666663
vt 0.5520833333333334 0.33333333333333337
vt 0.71875 0.29166666666666663
vt 0.71875 0.45833333333333337
vt 0.5520833333333334 0.45833333333333337
vt 0.5520833333333334 0.29166666666666663
vt 0.71875 0.27083333333333337
vt 0.71875 0.44791666666666663
vt 0.5520833333333334 0.44791666666666663
vt 0.5520833333333334 0.27083333333333337
vt 0.5520833333333334 0.45833333333333337
vt 0.5520833333333334 0.32291666666666663
vt 0.71875 0.32291666666666663
vt 0.71875 0.45833333333333337
vt 0.6770833333333334 0.33333333333333337
vt 0.6770833333333334 0.41666666666666663
vt 0.5104166666666666 0.41666666666666663
vt 0.5104166666666666 0.33333333333333337
vt 0.6770833333333334 0.29166666666666663
vt 0.6770833333333334 0.45833333333333337
vt 0.5104166666666666 0.45833333333333337
vt 0.5104166666666666 0.29166666666666663
vt 0.6770833333333334 0.27083333333333337
vt 0.6770833333333334 0.44791666666666663
vt 0.5104166666666666 0.44791666666666663
vt 0.5104166666666666 0.27083333333333337
vt 0.5104166666666666 0.45833333333333337
vt 0.5104166666666666 0.32291666666666663
vt 0.6770833333333334 0.32291666666666663
vt 0.6770833333333334 0.45833333333333337
vt 0.020833333333333332 0.33333333333333337
vt 0.020833333333333332 0.35416666666666663
vt 0 0.35416666666666663
vt 0 0.33333333333333337
vt 0.020833333333333332 0.33333333333333337
vt 0.020833333333333332 0.35416666666666663
vt 0 0.35416666666666663
vt 0 0.33333333333333337
vt 0.3958333333333333 1
vt 0.3958333333333333 0.9791666666666666
vt 0.0625 0.9791666666666666
vt 0.0625 1
vt 0.13541666666666666 1
vt 0.13541666666666666 0.9791666666666666
vt 0.46875 0.9791666666666666
vt 0.46875 1
vt 0.3958333333333333 0.9791666666666666
vt 0.3958333333333333 1
vt 0.0625 1
vt 0.0625 0.9791666666666666
vt 0.3645833333333333 0.9791666666666666
vt 0.3645833333333333 1
vt 0.03125 1
vt 0.03125 0.9791666666666666
vt 0.71875 0.33333333333333337
vt 0.71875 0.41666666666666663
vt 0.5520833333333334 0.41666666666666663
vt 0.5520833333333334 0.33333333333333337
vt 0.71875 0.29166666666666663
vt 0.71875 0.45833333333333337
vt 0.5520833333333334 0.45833333333333337
vt 0.5520833333333334 0.29166666666666663
vt 0.71875 0.27083333333333337
vt 0.71875 0.44791666666666663
vt 0.5520833333333334 0.44791666666666663
vt 0.5520833333333334 0.27083333333333337
vt 0.5520833333333334 0.45833333333333337
vt 0.5520833333333334 0.32291666666666663
vt 0.71875 0.32291666666666663
vt 0.71875 0.45833333333333337
vt 0.6770833333333334 0.33333333333333337
vt 0.6770833333333334 0.41666666666666663
vt 0.5104166666666666 0.41666666666666663
vt 0.5104166666666666 0.33333333333333337
vt 0.6770833333333334 0.29166666666666663
vt 0.6770833333333334 0.45833333333333337
vt 0.5104166666666666 0.45833333333333337
vt 0.5104166666666666 0.29166666666666663
vt 0.6770833333333334 0.27083333333333337
vt 0.6770833333333334 0.44791666666666663
vt 0.5104166666666666 0.44791666666666663
vt 0.5104166666666666 0.27083333333333337
vt 0.5104166666666666 0.45833333333333337
vt 0.5104166666666666 0.32291666666666663
vt 0.6770833333333334 0.32291666666666663
vt 0.6770833333333334 0.45833333333333337
vn 0 0 1
vn 0 0 -1
vn -1 0 0
vn 1 0 0
vn 2.0616324000971784e-16 0.37139067635410367 0.9284766908852594
vn 0.9284766908852594 -0.3713906763541039 -4.123264800194357e-16
vn -2.061632400097179e-16 -0.3713906763541037 -0.9284766908852593
vn -0.9284766908852594 0.3713906763541037 0
vn 0 0 1
vn -1 0 0
vn 0 0 -1
vn 1 0 0
vn 1 0 0
vn -1 0 0
vn 0 0 1
vn 0 0 -1
vn 0.9284766908852594 0.3713906763541037 0
vn 0 -0.3713906763541038 -0.9284766908852594
vn -0.9284766908852594 -0.3713906763541037 4.123264800194358e-16
vn -2.0616324000971784e-16 0.3713906763541037 0.9284766908852594
vn 1 0 0
vn 0 0 1
vn -1 0 0
vn 0 0 -1
vn 1.7763568394002505e-15 0 -1
vn -1.7763568394002489e-15 0 1
vn 1 0 8.881784197001252e-16
vn -1 0 -1.7763568394002505e-15
vn 0 0.37139067635410317 -0.9284766908852596
vn -0.9284766908852594 -0.3713906763541037 -8.246529600388714e-16
vn -4.123264800194357e-16 -0.3713906763541039 0.9284766908852594
vn 0.9284766908852592 0.37139067635410405 0
vn 1.7763568394002505e-15 0 -1
vn 1 0 8.881784197001252e-16
vn -1.7763568394002487e-15 0 1
vn -1 0 -1.7763568394002505e-15
vn -1 0 0
vn 1 0 0
vn 0 0 -1
vn 0 0 1
vn -0.9284766908852594 0.3713906763541038 0
vn 4.123264800194357e-16 -0.37139067635410405 0.9284766908852594
vn 0.9284766908852594 -0.3713906763541037 0
vn 0 0.3713906763541037 -0.9284766908852594
vn -1 0 0
vn 0 0 -1
vn 1 0 0
vn 0 0 1
vn 1 0 0
vn -1 0 0
vn 0 0 1
vn 0 0 -1
vn 0 0 1
vn -1 0 0
vn 0 0 -1
vn 1 -3.552713678800501e-15 0
vn 0 1 0
vn -5.921189464667498e-16 0 1
vn 1 0 2.9605947323337506e-16
vn 1.1842378929334997e-15 0 -1
vn -1 0 2.960594732333749e-16
vn 0 1 0
vn 0 1 0
vn 0 1 0
vn 0 1 0
vn 0 1 0
vn 0 1 0
vn 0 1 0
vn 0 0 -1
vn -1 0 0
vn -8.881784197001244e-16 -3.1554436208840444e-30 1
vn 1 0 -4.440892098500622e-16
vn -1 3.552713678800501e-15 1.7763568394002536e-15
vn -8.88178419700126e-16 0 1
vn 1 0 0
vn -8.881784197001252e-16 0 -1
vn -0.7071067811865469 2.512147933894038e-15 0.7071067811865481
vn -0.7071067811865476 0 0.7071067811865476
vn -0.707106781186548 2.512147933894043e-15 0.7071067811865471
vn -0.7071067811865474 0 0.7071067811865477
vn -1 8.881784197001252e-16 0
vn -1 1.7763568394002505e-15 0
vn 1 0 0
vn 1 0 0
vn 8.881784197001239e-16 -7.888609052210106e-31 -1
vn 0 0 -1
vn 0 -4.440892098500626e-16 1
vn -2.220446049250313e-16 0 1
vn 0.7071067811865469 1.2560739669470201e-15 -0.7071067811865482
vn 0.7071067811865466 0 -0.7071067811865485
vn 0.707106781186547 1.2560739669470191e-15 -0.707106781186548
vn 0.7071067811865474 0 -0.7071067811865477
vn 0.7071067811865477 2.5121479338940407e-15 0.7071067811865475
vn 0.707106781186547 0 0.707106781186548
vn 0.7071067811865474 2.5121479338940407e-15 0.7071067811865477
vn 0.7071067811865471 0 0.707106781186548
vn -0.7071067811865478 -1.2560739669470211e-15 -0.7071067811865472
vn -0.7071067811865476 0 -0.7071067811865476
vn -0.707106781186547 -1.2560739669470197e-15 -0.707106781186548
vn -0.7071067811865474 0 -0.7071067811865477
vn 0 1 0
vn 2.220446049250315e-16 1 0
vn 0 1 0
vn 0 1 0
vn 0 1 0
vn 0 1 0
vn 0 1 0
vn 0 1 0
vn 0 1 0
vn 0 1 0
vn 0 1 0
vn 0 1 0
vn 0 1 0
vn 0 1 0
vn 1.1842378929334989e-15 0 -1
vn 0 1 0
vn -5.921189464667501e-16 0 1
vn 0 1 0
vn -8.881784197001244e-16 -3.1554436208840444e-30 1
vn 0 1 0
vn 0 0 -1
vn 0 1 0
vn 0 1 0
vn 0 1 0
vn 0 1 0
vn -1 0 1.0150610510858574e-15
vn -1 0 1.0150610510858574e-15
vn 0 1 0
vn 0 -1 0
vn -1 0 1.0150610510858574e-15
vn -1 0 1.0150610510858574e-15
vn -1 0 1.0150610510858574e-15
vn 0 -1 0
vn 0 1 0
vn 0 0 1
vn 0 0 1
vn 0 0 -1
vn 0 0 -1
vn -1 0 -7.105427357601002e-15
vn -1 0 0
vn 1 0 -1.0150610510858574e-15
vn 1 0 -1.0150610510858574e-15
vn 0 1 0
vn 0 -1 0
vn 1 0 -1.0150610510858574e-15
vn 1 0 -1.0150610510858574e-15
vn 1 0 -1.0150610510858574e-15
vn 0 -1 0
vn 0 1 0
vn 0 0 -1
vn 0 0 -1
vn 0 0 1
vn 0 0 1
vn 1 0 7.105427357601002e-15
vn 1 0 0
vn 1 -7.1054273576009955e-15 0
vn -7.105427357601002e-15 -8.881784197001126e-16 1
vn 0 0 1
vn 0 0 1
vn 0 0 1
vn 0 -1 0
vn 1 0 0
vn 0 1 0
vn -1 -1.1842378929335002e-15 0
vn 0 0 1
vn 0 0 1
vn 0 0 1
vn 0 0 1
vn 0 0 1
vn 0 0 1
vn 0 0 1
vn 1 0 0
vn -2.220446049250317e-16 1 0
vn -1 1.776356839400251e-15 0
vn 3.3306690738754696e-16 -1 0
vn -1 0 0
vn -1 -7.1054273576009955e-15 0
vn 7.105427357601002e-15 -8.881784197001126e-16 -1
vn 0 4.440892098500626e-16 -1
vn 0 0 -1
vn 0 0 -1
vn 0 -1 0
vn -1 0 0
vn 0 1 0
vn 1 -1.1842378929335002e-15 0
vn 0 0 -1
vn 0 0 -1
vn 0 0 -1
vn 0 0 -1
vn 0 0 -1
vn 0 0 -1
vn 0 0 -1
vn -1 0 0
vn 2.220446049250317e-16 1 0
vn 1 1.776356839400251e-15 0
vn -3.3306690738754696e-16 -1 0
vn 1 0 0
vn 0 -1 0
vn 0 -1 0
vn 0 -1 0
vn 0 -1 0
vn 0 -1 0
vn 0 -1 0
vn 0 -1 0
vn 0 -1 0
vn 0 -1 0
vn 0 0 1
vn 0 0 1
vn 0 0 1
vn 0 0 1
vn 1 0 0
vn 0 1 0
vn -1 0 0
vn 0 0 1
vn 0 0 1
vn 0 0 1
vn 0 0 1
vn 0 0 1
vn -1 0 0
vn 1.7763568394002497e-15 -1 0
vn 1 -4.4408920985006183e-16 0
vn -3.5527136788004978e-15 1 0
vn 1.1842378929335002e-15 -1 0
vn 0 0 -1
vn 0 0 -1
vn 0 0 -1
vn 0 0 -1
vn -1 0 0
vn 0 1 0
vn 1 0 0
vn 0 0 -1
vn 0 0 -1
vn 0 0 -1
vn 0 0 -1
vn 0 0 -1
vn 1 0 0
vn -1.7763568394002497e-15 -1 0
vn -1 -4.4408920985006183e-16 3.552713678800501e-15
vn 3.5527136788004978e-15 1 0
vn -1.1842378929335002e-15 -1 0
vn -1 0 0
vn 1 0 -1.1102230246251565e-16
vn 1 0 -1.1102230246251565e-16
vn -1 0 0
vn 0 0 1
vn 0 0 -1
vn 0 0 1
vn -1 0 0
vn 0 0 -1
vn 1 0 -1.1102230246251565e-16
vn 0 0 1
vn -1 0 0
vn 0 0 -1
vn 1 0 -1.1102230246251565e-16
vn 1 0 -1.1102230246251565e-16
vn 0 0 1
vn -1 0 0
vn 0 0 -1
vn 1 0 -1.1102230246251565e-16
vn 0 0 1
vn -1 0 0
vn 0 0 -1
vn 0 1 0
vn 0 1 0
vn 0 1 0
vn 0 1 0
vn 0 1 0
vn -0.7071067811865476 0 -0.7071067811865476
vn 0 1 0
vn 0 -1 0
vn 0.4472135954999586 -0.8944271909999156 -2.6480364301304257e-15
vn -0.44721359549995815 0.894427190999916 2.6480364301304233e-15
vn 8.881784197001252e-16 0 -1
vn -0.44721359549995804 0.8944271909999161 2.648036430130423e-15
vn 8.881784197001252e-16 0 -1
vn 0.447213595499958 -0.894427190999916 -2.648036430130427e-15
vn 1 0 3.947459643111666e-16
vn 0.7071067811865472 0 0.7071067811865478
vn 0 1 0
vn 0 -1 0
vn -0.44721359549995865 -0.8944271909999157 2.1184291441043393e-15
vn 0.44721359549995754 0.8944271909999163 -2.118429144104338e-15
vn 0 0 1
vn 0.4472135954999582 0.894427190999916 -2.1184291441043373e-15
vn -2.2204460492503143e-15 0 1
vn -0.44721359549995804 -0.8944271909999161 2.11842914410434e-15
vn -1 0 3.9474596431116675e-16
vn -0.7071067811865476 0 0.7071067811865476
vn 0 1 0
vn 0 -1 0
vn -2.1184291441043405e-15 -0.8944271909999156 -0.4472135954999588
vn 2.118429144104338e-15 0.8944271909999163 0.4472135954999573
vn -1 0 0
vn 2.1184291441043373e-15 0.894427190999916 0.447213595499958
vn -1 0 -8.881784197001252e-16
vn -2.1184291441043405e-15 -0.894427190999916 -0.447213595499958
vn 0 0 -1
vn 0.7071067811865476 0 -0.7071067811865476
vn 0 1 0
vn 0 -1 0
vn 1.9418933820956455e-15 -0.8944271909999156 0.4472135954999586
vn -1.941893382095644e-15 0.8944271909999162 -0.4472135954999573
vn 1 0 4.440892098500626e-16
vn -1.9418933820956436e-15 0.8944271909999161 -0.44721359549995804
vn 1 0 0
vn 1.9418933820956463e-15 -0.894427190999916 0.447213595499958
vn -3.9474596431116675e-16 0 1
vn -0.7071067811865478 0 -0.7071067811865472
vn 0 1 0
vn 0 -1 0
vn 0.4472135954999585 -0.8944271909999157 -2.294964906113033e-15
vn -0.44721359549995754 0.8944271909999163 2.2949649061130327e-15
vn 0 0 -1
vn -0.447213595499958 0.894427190999916 2.294964906113031e-15
vn 1.7763568394002505e-15 0 -1
vn 0.44721359549995804 -0.8944271909999161 -2.294964906113035e-15
vn 1 0 -3.947459643111666e-16
vn 0.7071067811865472 0 0.7071067811865478
vn 0 1 0
vn 0 -1 0
vn -0.44721359549995865 -0.8944271909999157 2.1184291441043393e-15
vn 0.44721359549995754 0.8944271909999163 -2.118429144104338e-15
vn 0 0 1
vn 0.4472135954999582 0.894427190999916 -2.1184291441043373e-15
vn -2.2204460492503143e-15 0 1
vn -0.44721359549995804 -0.8944271909999161 2.11842914410434e-15
vn -1 0 3.9474596431116675e-16
vn -0.7071067811865476 0 0.7071067811865476
vn 0 1 0
vn 0 -1 0
vn -2.1184291441043405e-15 -0.8944271909999156 -0.4472135954999588
vn 2.118429144104338e-15 0.8944271909999163 0.4472135954999573
vn -1 0 0
vn 2.1184291441043365e-15 0.8944271909999156 0.4472135954999586
vn -1 0 -8.881784197001252e-16
vn -2.1184291441043405e-15 -0.894427190999916 -0.447213595499958
vn 0 0 -1
vn 1.3860456154206487e-16 0.936329177569044 -0.35112344158839337
vn 1 0 -8.881784197001237e-16
vn -0.7071067811865476 0 -0.7071067811865476
vn 0 1 0
vn 0 -1 0
vn 0.4472135954999586 -0.8944271909999156 -1.9418933820956455e-15
vn -0.4472135954999575 0.8944271909999163 1.9418933820956448e-15
vn 8.881784197001252e-16 0 -1
vn -0.44721359549995804 0.8944271909999161 1.9418933820956436e-15
vn 8.881784197001252e-16 0 -1
vn 0.447213595499958 -0.894427190999916 -1.9418933820956463e-15
vn 1 0 3.947459643111666e-16
vn 0.7071067811865478 0 -0.7071067811865472
vn 0 1 0
vn 0 -1 0
vn 1.9418933820956455e-15 -0.8944271909999156 0.4472135954999586
vn -1.941893382095644e-15 0.8944271909999162 -0.4472135954999573
vn 1 0 1.3322676295501878e-15
vn -1.9418933820956436e-15 0.8944271909999161 -0.44721359549995804
vn 1 0 0
vn 1.9418933820956463e-15 -0.894427190999916 0.447213595499958
vn -3.947459643111666e-16 0 1
vn -0.7071067811865476 0 0.7071067811865476
vn 0 1 0
vn 0 -1 0
vn -2.1184291441043413e-15 -0.8944271909999156 -0.44721359549995876
vn 2.118429144104339e-15 0.8944271909999162 0.4472135954999573
vn -1 0 -8.881784197001256e-16
vn 2.1184291441043385e-15 0.8944271909999161 0.44721359549995804
vn -1 0 -8.881784197001252e-16
vn -2.1184291441043413e-15 -0.894427190999916 -0.447213595499958
vn 0 0 -1
vn 0.7071067811865472 0 0.7071067811865478
vn 0 1 0
vn 0 -1 0
vn -0.44721359549995865 -0.8944271909999157 2.1184291441043393e-15
vn 0.44721359549995754 0.8944271909999163 -2.118429144104338e-15
vn 0 0 1
vn 0.4472135954999582 0.894427190999916 -2.1184291441043373e-15
vn -2.2204460492503143e-15 0 1
vn -0.44721359549995804 -0.8944271909999161 2.11842914410434e-15
vn -1 0 3.9474596431116675e-16
vn -0.7071067811865476 0 -0.7071067811865476
vn 0 1 0
vn 0 -1 0
vn 0.4472135954999586 -0.8944271909999156 -1.9418933820956455e-15
vn -0.4472135954999575 0.8944271909999163 1.9418933820956448e-15
vn 8.881784197001252e-16 0 -1
vn -0.44721359549995804 0.8944271909999161 1.9418933820956436e-15
vn 8.881784197001252e-16 0 -1
vn 0.447213595499958 -0.894427190999916 -1.9418933820956463e-15
vn 1 0 3.947459643111666e-16
vn 0.7071067811865478 0 -0.7071067811865472
vn 0 1 0
vn 0 -1 0
vn 1.9418933820956455e-15 -0.8944271909999156 0.4472135954999586
vn -1.941893382095644e-15 0.8944271909999162 -0.4472135954999573
vn 1 0 1.3322676295501878e-15
vn -1.9418933820956424e-15 0.8944271909999156 -0.4472135954999586
vn 1 0 0
vn 1.9418933820956463e-15 -0.894427190999916 0.447213595499958
vn -3.947459643111666e-16 0 1
vn 0 0.9363291775690439 0.35112344158839337
vn -1 0 0
vn 0.7071067811865472 0 0.7071067811865478
vn 0 1 0
vn 0 -1 0
vn -0.44721359549995865 -0.8944271909999157 2.824572192139119e-15
vn 0.4472135954999582 0.894427190999916 -2.8245721921391167e-15
vn 0 0 1
vn 0.4472135954999582 0.894427190999916 -2.8245721921391167e-15
vn -2.2204460492503143e-15 0 1
vn -0.44721359549995804 -0.8944271909999161 2.8245721921391203e-15
vn -1 0 3.9474596431116675e-16
vn 0 0 1
vn 0 0 -1
vn 0 1 0
vn 0 -1 0
vn -1 0 2.220446049250313e-16
vn 1 0 -2.220446049250313e-16
vn -1 0 4.440892098500626e-16
vn -1 0 4.440892098500626e-16
vn -1 0 4.440892098500626e-16
vn -1 0 4.440892098500626e-16
vn -1 0 0
vn -1 0 0
vn -1 0 0
vn -1 0 0
vn -1 0 0
vn 1 0 0
vn 0 1 0
vn 0 -1 0
vn -2.220446049250313e-16 0 -1
vn 2.220446049250313e-16 0 1
vn 0 0 -1
vn 0 0 -1
vn 0 0 -1
vn 0 0 -1
vn -4.440892098500626e-16 0 -1
vn -4.440892098500626e-16 0 -1
vn -4.440892098500626e-16 0 -1
vn -4.440892098500626e-16 0 -1
vn -3.552713678800501e-15 0 -1
vn 1.7763568394002505e-15 0 1
vn 0 1 0
vn 0 -1 0
vn 1 0 2.220446049250313e-16
vn -1 0 -2.220446049250313e-16
vn 1 0 4.440892098500626e-16
vn 1 0 4.440892098500626e-16
vn 1 0 4.440892098500626e-16
vn 1 0 4.440892098500626e-16
vn 1 0 0
vn 1 0 0
vn 1 0 0
vn 1 0 0
vn 1 0 0
vn -1 0 0
vn 0 1 0
vn 0 -1 0
vn 2.220446049250313e-16 0 1
vn -2.220446049250313e-16 0 -1
vn 0 0 1
vn 0 0 1
vn 0 0 1
vn 0 0 1
vn 4.440892098500626e-16 0 1
vn 4.440892098500626e-16 0 1
vn 4.440892098500626e-16 0 1
vn 4.440892098500626e-16 0 1
usemtl m_64f8c99c-4d8f-9f9a-ea69-3c4cd517692e
f 4/1/1 17/2/1 16/3/1 5/4/1
f 9/5/2 3/6/2 18/7/2 8/8/2
f 8/9/3 18/10/3 17/11/3 4/12/3
f 5/13/4 16/14/4 3/15/4 9/16/4
f 12/17/5 14/18/5 4/19/5 5/20/5
f 13/21/6 12/22/6 5/23/6 9/24/6
f 15/25/7 13/26/7 9/27/7 8/28/7
f 14/29/8 15/30/8 8/31/8 4/32/8
f 7/33/9 16/34/9 17/35/9 6/36/9
f 6/37/10 17/38/10 18/39/10 10/40/10
f 10/41/11 18/42/11 3/43/11 11/44/11
f 11/45/12 3/46/12 16/47/12 7/48/12
f 20/49/13 33/50/13 32/51/13 21/52/13
f 25/53/14 19/54/14 34/55/14 24/56/14
f 24/57/15 34/58/15 33/59/15 20/60/15
f 21/61/16 32/62/16 19/63/16 25/64/16
f 28/65/17 30/66/17 20/67/17 21/68/17
f 29/69/18 28/70/18 21/71/18 25/72/18
f 31/73/19 29/74/19 25/75/19 24/76/19
f 30/77/20 31/78/20 24/79/20 20/80/20
f 23/81/21 32/82/21 33/83/21 22/84/21
f 22/85/22 33/86/22 34/87/22 26/88/22
f 26/89/23 34/90/23 19/91/23 27/92/23
f 27/93/24 19/94/24 32/95/24 23/96/24
f 36/97/25 49/98/25 48/99/25 37/100/25
f 41/101/26 35/102/26 50/103/26 40/104/26
f 40/105/27 50/106/27 49/107/27 36/108/27
f 37/109/28 48/110/28 35/111/28 41/112/28
f 44/113/29 46/114/29 36/115/29 37/116/29
f 45/117/30 44/118/30 37/119/30 41/120/30
f 47/121/31 45/122/31 41/123/31 40/124/31
f 46/125/32 47/126/32 40/127/32 36/128/32
f 39/129/33 48/130/33 49/131/33 38/132/33
f 38/133/34 49/134/34 50/135/34 42/136/34
f 42/137/35 50/138/35 35/139/35 43/140/35
f 43/141/36 35/142/36 48/143/36 39/144/36
f 52/145/37 65/146/37 64/147/37 53/148/37
f 57/149/38 51/150/38 66/151/38 56/152/38
f 56/153/39 66/154/39 65/155/39 52/156/39
f 53/157/40 64/158/40 51/159/40 57/160/40
f 60/161/41 62/162/41 52/163/41 53/164/41
f 61/165/42 60/166/42 53/167/42 57/168/42
f 63/169/43 61/170/43 57/171/43 56/172/43
f 62/173/44 63/174/44 56/175/44 52/176/44
f 55/177/45 64/178/45 65/179/45 54/180/45
f 54/181/46 65/182/46 66/183/46 58/184/46
f 58/185/47 66/186/47 51/187/47 59/188/47
f 59/189/48 51/190/48 64/191/48 55/192/48
f 67/193/49 70/194/49 73/195/49 68/196/49
f 69/197/50 72/198/50 71/199/50 146/200/50
f 146/201/51 71/202/51 70/203/51 67/204/51
f 68/205/52 73/206/52 72/207/52 69/208/52
f 30/209/53 70/210/53 71/211/53 14/212/53
f 14/213/54 71/214/54 72/215/54 62/216/54
f 62/217/55 72/218/55 73/219/55 46/220/55
f 46/221/56 73/222/56 70/223/56 30/224/56
f 75/225/57 157/226/57 156/227/57 150/228/57
f 77/229/58 158/230/58 157/231/58 75/232/58
f 78/233/59 77/234/59 75/235/59 152/236/59
f 79/237/60 155/238/60 154/239/60 151/240/60
f 76/241/61 79/242/61 151/243/61 74/244/61
f 79/245/62 76/246/62 81/247/62 80/248/62
f 83/249/63 77/250/63 78/251/63 82/252/63
f 92/253/64 162/254/64 161/255/64 95/256/64
f 86/257/65 160/258/65 159/259/65 80/260/65
f 89/261/66 83/262/66 85/263/66 88/264/66
f 90/265/67 84/266/67 81/267/67 91/268/67
f 96/269/68 97/270/68 98/271/68 99/272/68
f 84/273/69 163/274/69 162/275/69 92/276/69
f 94/277/70 93/278/70 85/279/70 87/280/70
f 95/281/71 161/282/71 160/283/71 86/284/71
f 92/285/72 95/286/72 86/287/72 84/288/72
f 97/289/73 96/290/73 89/291/73 88/292/73
f 98/293/74 97/294/74 88/295/74 90/296/74
f 99/297/75 98/298/75 90/299/75 91/300/75
f 96/301/76 99/302/76 91/303/76 89/304/76
f 106/305/77 11/306/77 101/307/77 105/308/77
f 100/309/78 104/310/78 106/311/78 105/312/78
f 102/313/79 11/314/79 106/315/79 107/316/79
f 106/317/80 104/318/80 103/319/80 107/320/80
f 54/321/81 111/322/81 110/323/81 113/324/81
f 102/325/82 108/326/82 112/327/82 6/328/82
f 22/329/83 118/330/83 117/331/83 120/332/83
f 121/333/84 114/334/84 119/335/84 38/336/84
f 123/337/85 38/338/85 119/339/85 127/340/85
f 54/341/86 124/342/86 128/343/86 111/344/86
f 101/345/87 6/346/87 112/347/87 129/348/87
f 118/349/88 22/350/88 130/351/88 131/352/88
f 121/353/89 43/354/89 134/355/89 133/356/89
f 134/357/90 132/358/90 115/359/90 133/360/90
f 134/361/91 43/362/91 123/363/91 135/364/91
f 125/365/92 132/366/92 134/367/92 135/368/92
f 138/369/93 27/370/93 120/371/93 137/372/93
f 116/373/94 136/374/94 138/375/94 137/376/94
f 130/377/95 27/378/95 138/379/95 139/380/95
f 138/381/96 136/382/96 122/383/96 139/384/96
f 124/385/97 59/386/97 142/387/97 141/388/97
f 142/389/98 140/390/98 126/391/98 141/392/98
f 142/393/99 59/394/99 113/395/99 143/396/99
f 109/397/100 140/398/100 142/399/100 143/400/100
f 59/401/101 55/402/101 113/403/101
f 58/404/102 59/405/102 124/406/102
f 10/407/103 11/408/103 102/409/103
f 11/410/104 7/411/104 101/412/104
f 26/413/105 27/414/105 130/415/105
f 27/416/106 23/417/106 120/418/106
f 43/419/107 121/420/107 42/421/107
f 43/422/108 39/423/108 123/424/108
f 144/425/109 109/426/109 103/427/109 1/428/109
f 2/429/110 413/430/110 412/431/110 115/432/110
f 147/433/111 67/434/111 68/435/111 148/436/111
f 69/437/112 146/438/112 149/439/112 150/440/112
f 151/441/113 154/442/113 153/443/113 147/444/113
f 149/445/114 153/446/114 154/447/114 152/448/114
f 152/449/115 154/450/115 155/451/115 78/452/115
f 148/453/116 156/454/116 157/455/116 74/456/116
f 74/457/117 157/458/117 158/459/117 76/460/117
f 82/461/118 159/462/118 160/463/118 87/464/118
f 87/465/119 160/466/119 161/467/119 94/468/119
f 94/469/120 161/470/120 162/471/120 93/472/120
f 93/473/121 162/474/121 163/475/121 85/476/121
f 166/477/122 165/478/122 164/479/122
f 168/480/123 169/481/123 167/482/123
f 171/483/124 172/484/124 170/485/124
f 175/486/125 174/487/125 173/488/125
f 180/489/126 178/490/126 177/491/126 179/492/126
f 182/493/127 184/494/127 185/495/127 183/496/127
f 178/497/128 186/498/128 187/499/128 177/500/128
f 182/501/129 188/502/129 189/503/129 184/504/129
f 186/505/130 190/506/130 191/507/130 187/508/130
f 188/509/131 192/510/131 193/511/131 189/512/131
f 196/513/132 195/514/132 194/515/132 197/516/132
f 190/517/133 196/518/133 197/519/133 191/520/133
f 195/521/134 193/522/134 192/523/134 194/524/134
f 188/525/135 182/526/135 194/527/135 192/528/135
f 197/529/136 177/530/136 187/531/136 191/532/136
f 186/533/137 178/534/137 196/535/137 190/536/137
f 193/537/138 195/538/138 184/539/138 189/540/138
f 179/541/139 183/542/139 198/543/139 199/544/139
f 185/545/140 180/546/140 181/547/140 176/548/140
f 204/549/141 202/550/141 201/551/141 203/552/141
f 206/553/142 208/554/142 209/555/142 207/556/142
f 202/557/143 210/558/143 211/559/143 201/560/143
f 206/561/144 212/562/144 213/563/144 208/564/144
f 210/565/145 214/566/145 215/567/145 211/568/145
f 212/569/146 216/570/146 217/571/146 213/572/146
f 220/573/147 219/574/147 218/575/147 221/576/147
f 214/577/148 220/578/148 221/579/148 215/580/148
f 219/581/149 217/582/149 216/583/149 218/584/149
f 212/585/150 206/586/150 218/587/150 216/588/150
f 221/589/151 201/590/151 211/591/151 215/592/151
f 210/593/152 202/594/152 220/595/152 214/596/152
f 217/597/153 219/598/153 208/599/153 213/600/153
f 203/601/154 207/602/154 222/603/154 223/604/154
f 209/605/155 204/606/155 205/607/155 200/608/155
f 235/609/156 234/610/156 230/611/156 231/612/156
f 224/613/157 226/614/157 237/615/157 236/616/157
f 238/617/158 227/618/158 225/619/158 239/620/158
f 240/621/159 239/622/159 236/623/159 241/624/159
f 237/625/160 238/626/160 243/627/160 242/628/160
f 245/629/161 244/630/161 240/631/161 241/632/161
f 246/633/162 245/634/162 241/635/162 242/636/162
f 247/637/163 246/638/163 242/639/163 243/640/163
f 244/641/164 247/642/164 243/643/164 240/644/164
f 248/645/165 245/646/165 246/647/165 249/648/165
f 250/649/166 247/650/166 244/651/166 251/652/166
f 249/653/167 250/654/167 254/655/167 255/656/167
f 258/657/168 256/658/168 257/659/168 259/660/168
f 229/661/169 248/662/169 252/663/169 228/664/169
f 253/665/170 251/666/170 231/667/170 230/668/170
f 232/669/171 233/670/171 234/671/171 235/672/171
f 256/673/172 258/674/172 254/675/172 253/676/172
f 257/677/173 256/678/173 253/679/173 252/680/173
f 259/681/174 257/682/174 252/683/174 255/684/174
f 258/685/175 259/686/175 255/687/175 254/688/175
f 233/689/176 232/690/176 229/691/176 228/692/176
f 271/693/177 270/694/177 266/695/177 267/696/177
f 260/697/178 262/698/178 273/699/178 272/700/178
f 274/701/179 263/702/179 261/703/179 275/704/179
f 276/705/180 275/706/180 272/707/180 277/708/180
f 273/709/181 274/710/181 279/711/181 278/712/181
f 281/713/182 280/714/182 276/715/182 277/716/182
f 282/717/183 281/718/183 277/719/183 278/720/183
f 283/721/184 282/722/184 278/723/184 279/724/184
f 280/725/185 283/726/185 279/727/185 276/728/185
f 284/729/186 281/730/186 282/731/186 285/732/186
f 286/733/187 283/734/187 280/735/187 287/736/187
f 285/737/188 286/738/188 290/739/188 291/740/188
f 294/741/189 292/742/189 293/743/189 295/744/189
f 265/745/190 284/746/190 288/747/190 264/748/190
f 289/749/191 287/750/191 267/751/191 266/752/191
f 268/753/192 269/754/192 270/755/192 271/756/192
f 292/757/193 294/758/193 290/759/193 289/760/193
f 293/761/194 292/762/194 289/763/194 288/764/194
f 295/765/195 293/766/195 288/767/195 291/768/195
f 294/769/196 295/770/196 291/771/196 290/772/196
f 269/773/197 268/774/197 265/775/197 264/776/197
f 297/777/198 296/778/198 298/779/198 299/780/198
f 304/781/199 305/782/199 302/783/199 300/784/199
f 305/785/200 304/786/200 301/787/200 303/788/200
f 310/789/201 311/790/201 308/791/201 306/792/201
f 311/793/202 310/794/202 307/795/202 309/796/202
f 314/797/203 317/798/203 316/799/203 312/800/203
f 313/801/204 316/802/204 317/803/204 315/804/204
f 320/805/205 323/806/205 322/807/205 318/808/205
f 319/809/206 322/810/206 323/811/206 321/812/206
f 328/813/207 327/814/207 326/815/207 329/816/207
f 324/817/208 325/818/208 331/819/208 330/820/208
f 329/821/209 330/822/209 333/823/209 332/824/209
f 335/825/210 331/826/210 328/827/210 334/828/210
f 336/829/211 338/830/211 334/831/211 332/832/211
f 337/833/212 336/834/212 332/835/212 333/836/212
f 339/837/213 337/838/213 333/839/213 335/840/213
f 340/841/214 338/842/214 336/843/214 341/844/214
f 342/845/215 337/846/215 339/847/215 343/848/215
f 344/849/216 341/850/216 342/851/216 345/852/216
f 347/853/217 343/854/217 340/855/217 346/856/217
f 350/857/218 348/858/218 349/859/218 351/860/218
f 348/861/219 350/862/219 346/863/219 344/864/219
f 349/865/220 348/866/220 344/867/220 345/868/220
f 351/869/221 349/870/221 345/871/221 347/872/221
f 350/873/222 351/874/222 347/875/222 346/876/222
f 354/877/223 355/878/223 353/879/223 352/880/223
f 360/881/224 359/882/224 358/883/224 361/884/224
f 356/885/225 357/886/225 363/887/225 362/888/225
f 361/889/226 362/890/226 365/891/226 364/892/226
f 367/893/227 363/894/227 360/895/227 366/896/227
f 368/897/228 370/898/228 366/899/228 364/900/228
f 369/901/229 368/902/229 364/903/229 365/904/229
f 371/905/230 369/906/230 365/907/230 367/908/230
f 372/909/231 370/910/231 368/911/231 373/912/231
f 374/913/232 369/914/232 371/915/232 375/916/232
f 376/917/233 373/918/233 374/919/233 377/920/233
f 379/921/234 375/922/234 372/923/234 378/924/234
f 382/925/235 380/926/235 381/927/235 383/928/235
f 380/929/236 382/930/236 378/931/236 376/932/236
f 381/933/237 380/934/237 376/935/237 377/936/237
f 383/937/238 381/938/238 377/939/238 379/940/238
f 382/941/239 383/942/239 379/943/239 378/944/239
f 386/945/240 387/946/240 385/947/240 384/948/240
f 327/949/241 357/950/241 356/951/241 326/952/241
f 324/953/242 358/954/242 359/955/242 325/956/242
f 391/957/243 397/958/243 400/959/243 392/960/243
f 389/961/244 399/962/244 398/963/244 390/964/244
f 390/965/245 398/966/245 397/967/245 391/968/245
f 392/969/246 400/970/246 399/971/246 389/972/246
f 398/973/247 402/974/247 401/975/247 397/976/247
f 399/977/248 403/978/248 402/979/248 398/980/248
f 400/981/249 404/982/249 403/983/249 399/984/249
f 397/985/250 401/986/250 404/987/250 400/988/250
f 402/989/251 406/990/251 388/991/251 401/992/251
f 403/993/252 407/994/252 406/995/252 402/996/252
f 404/997/253 405/998/253 407/999/253 403/1000/253
f 401/1001/254 388/1002/254 405/1003/254 404/1004/254
f 388/1005/255 409/1006/255 408/1007/255 405/1008/255
f 406/1009/256 410/1010/256 409/1011/256 388/1012/256
f 407/1013/257 411/1014/257 410/1015/257 406/1016/257
f 405/1017/258 408/1018/258 411/1019/258 407/1020/258
f 394/1021/259 408/1022/259 409/1023/259 393/1024/259
f 393/1025/260 409/1026/260 410/1027/260 395/1028/260
f 395/1029/261 410/1030/261 411/1031/261 396/1032/261
f 396/1033/262 411/1034/262 408/1035/262 394/1036/262
f 116/1037/263 412/1038/263 413/1039/263 145/1040/263
f 414/1041/264 415/1042/264 417/1043/264 416/1044/264
f 418/1045/265 419/1046/265 421/1047/265 420/1048/265
f 422/1049/266 423/1050/266 425/1051/266 424/1052/266
f 426/1053/267 427/1054/267 429/1055/267 428/1056/267
f 433/1057/268 432/1058/268 430/1059/268 431/1060/268
f 434/1061/269 436/1062/269 435/1063/269
f 439/1064/270 437/1065/270 438/1066/270
f 441/1067/271 450/1068/271 451/1069/271 443/1070/271
f 447/1071/272 449/1072/272 448/1073/272 445/1074/272
f 445/1075/273 448/1076/273 450/1077/273 441/1078/273
f 444/1079/274 448/1080/274 449/1081/274 446/1082/274
f 440/1083/275 450/1084/275 448/1085/275 444/1086/275
f 442/1087/276 451/1088/276 450/1089/276 440/1090/276
f 440/1091/277 444/1092/277 446/1093/277 442/1094/277
f 455/1095/278 454/1096/278 452/1097/278 453/1098/278
f 456/1099/279 458/1100/279 457/1101/279
f 461/1102/280 459/1103/280 460/1104/280
f 463/1105/281 472/1106/281 473/1107/281 465/1108/281
f 469/1109/282 471/1110/282 470/1111/282 467/1112/282
f 467/1113/283 470/1114/283 472/1115/283 463/1116/283
f 466/1117/284 470/1118/284 471/1119/284 468/1120/284
f 462/1121/285 472/1122/285 470/1123/285 466/1124/285
f 464/1125/286 473/1126/286 472/1127/286 462/1128/286
f 462/1129/287 466/1130/287 468/1131/287 464/1132/287
f 477/1133/288 476/1134/288 474/1135/288 475/1136/288
f 478/1137/289 480/1138/289 479/1139/289
f 483/1140/290 481/1141/290 482/1142/290
f 485/1143/291 494/1144/291 495/1145/291 487/1146/291
f 491/1147/292 493/1148/292 492/1149/292 489/1150/292
f 489/1151/293 492/1152/293 494/1153/293 485/1154/293
f 488/1155/294 492/1156/294 493/1157/294 490/1158/294
f 484/1159/295 494/1160/295 492/1161/295 488/1162/295
f 486/1163/296 495/1164/296 494/1165/296 484/1166/296
f 484/1167/297 488/1168/297 490/1169/297 486/1170/297
f 499/1171/298 498/1172/298 496/1173/298 497/1174/298
f 500/1175/299 502/1176/299 501/1177/299
f 505/1178/300 503/1179/300 504/1180/300
f 507/1181/301 516/1182/301 517/1183/301 509/1184/301
f 513/1185/302 515/1186/302 514/1187/302 511/1188/302
f 511/1189/303 514/1190/303 516/1191/303 507/1192/303
f 510/1193/304 514/1194/304 515/1195/304 512/1196/304
f 506/1197/305 516/1198/305 514/1199/305 510/1200/305
f 508/1201/306 517/1202/306 516/1203/306 506/1204/306
f 506/1205/307 510/1206/307 512/1207/307 508/1208/307
f 521/1209/308 520/1210/308 518/1211/308 519/1212/308
f 522/1213/309 524/1214/309 523/1215/309
f 527/1216/310 525/1217/310 526/1218/310
f 529/1219/311 538/1220/311 539/1221/311 531/1222/311
f 535/1223/312 537/1224/312 536/1225/312 533/1226/312
f 533/1227/313 536/1228/313 538/1229/313 529/1230/313
f 532/1231/314 536/1232/314 537/1233/314 534/1234/314
f 528/1235/315 538/1236/315 536/1237/315 532/1238/315
f 530/1239/316 539/1240/316 538/1241/316 528/1242/316
f 528/1243/317 532/1244/317 534/1245/317 530/1246/317
f 543/1247/318 542/1248/318 540/1249/318 541/1250/318
f 544/1251/319 546/1252/319 545/1253/319
f 549/1254/320 547/1255/320 548/1256/320
f 551/1257/321 560/1258/321 561/1259/321 553/1260/321
f 557/1261/322 559/1262/322 558/1263/322 555/1264/322
f 555/1265/323 558/1266/323 560/1267/323 551/1268/323
f 554/1269/324 558/1270/324 559/1271/324 556/1272/324
f 550/1273/325 560/1274/325 558/1275/325 554/1276/325
f 552/1277/326 561/1278/326 560/1279/326 550/1280/326
f 550/1281/327 554/1282/327 556/1283/327 552/1284/327
f 565/1285/328 564/1286/328 562/1287/328 563/1288/328
f 566/1289/329 568/1290/329 567/1291/329
f 571/1292/330 569/1293/330 570/1294/330
f 573/1295/331 582/1296/331 583/1297/331 575/1298/331
f 579/1299/332 581/1300/332 580/1301/332 577/1302/332
f 577/1303/333 580/1304/333 582/1305/333 573/1306/333
f 576/1307/334 580/1308/334 581/1309/334 578/1310/334
f 572/1311/335 582/1312/335 580/1313/335 576/1314/335
f 574/1315/336 583/1316/336 582/1317/336 572/1318/336
f 572/1319/337 576/1320/337 578/1321/337 574/1322/337
f 587/1323/338 585/1324/338 586/1325/338 588/1326/338
f 588/1327/339 586/1328/339 584/1329/339
f 592/1330/340 591/1331/340 589/1332/340 590/1333/340
f 593/1334/341 595/1335/341 594/1336/341
f 598/1337/342 596/1338/342 597/1339/342
f 600/1340/343 609/1341/343 610/1342/343 602/1343/343
f 606/1344/344 608/1345/344 607/1346/344 604/1347/344
f 604/1348/345 607/1349/345 609/1350/345 600/1351/345
f 603/1352/346 607/1353/346 608/1354/346 605/1355/346
f 599/1356/347 609/1357/347 607/1358/347 603/1359/347
f 601/1360/348 610/1361/348 609/1362/348 599/1363/348
f 599/1364/349 603/1365/349 605/1366/349 601/1367/349
f 614/1368/350 613/1369/350 611/1370/350 612/1371/350
f 615/1372/351 617/1373/351 616/1374/351
f 620/1375/352 618/1376/352 619/1377/352
f 622/1378/353 631/1379/353 632/1380/353 624/1381/353
f 628/1382/354 630/1383/354 629/1384/354 626/1385/354
f 626/1386/355 629/1387/355 631/1388/355 622/1389/355
f 625/1390/356 629/1391/356 630/1392/356 627/1393/356
f 621/1394/357 631/1395/357 629/1396/357 625/1397/357
f 623/1398/358 632/1399/358 631/1400/358 621/1401/358
f 621/1402/359 625/1403/359 627/1404/359 623/1405/359
f 636/1406/360 635/1407/360 633/1408/360 634/1409/360
f 637/1410/361 639/1411/361 638/1412/361
f 642/1413/362 640/1414/362 641/1415/362
f 644/1416/363 653/1417/363 654/1418/363 646/1419/363
f 650/1420/364 652/1421/364 651/1422/364 648/1423/364
f 648/1424/365 651/1425/365 653/1426/365 644/1427/365
f 647/1428/366 651/1429/366 652/1430/366 649/1431/366
f 643/1432/367 653/1433/367 651/1434/367 647/1435/367
f 645/1436/368 654/1437/368 653/1438/368 643/1439/368
f 643/1440/369 647/1441/369 649/1442/369 645/1443/369
f 658/1444/370 657/1445/370 655/1446/370 656/1447/370
f 659/1448/371 661/1449/371 660/1450/371
f 664/1451/372 662/1452/372 663/1453/372
f 666/1454/373 675/1455/373 676/1456/373 668/1457/373
f 672/1458/374 674/1459/374 673/1460/374 670/1461/374
f 670/1462/375 673/1463/375 675/1464/375 666/1465/375
f 669/1466/376 673/1467/376 674/1468/376 671/1469/376
f 665/1470/377 675/1471/377 673/1472/377 669/1473/377
f 667/1474/378 676/1475/378 675/1476/378 665/1477/378
f 665/1478/379 669/1479/379 671/1480/379 667/1481/379
f 680/1482/380 679/1483/380 677/1484/380 678/1485/380
f 681/1486/381 683/1487/381 682/1488/381
f 686/1489/382 684/1490/382 685/1491/382
f 688/1492/383 697/1493/383 698/1494/383 690/1495/383
f 694/1496/384 696/1497/384 695/1498/384 692/1499/384
f 692/1500/385 695/1501/385 697/1502/385 688/1503/385
f 691/1504/386 695/1505/386 696/1506/386 693/1507/386
f 687/1508/387 697/1509/387 695/1510/387 691/1511/387
f 689/1512/388 698/1513/388 697/1514/388 687/1515/388
f 687/1516/389 691/1517/389 693/1518/389 689/1519/389
f 702/1520/390 701/1521/390 699/1522/390 700/1523/390
f 703/1524/391 705/1525/391 704/1526/391
f 708/1527/392 706/1528/392 707/1529/392
f 710/1530/393 719/1531/393 720/1532/393 712/1533/393
f 716/1534/394 718/1535/394 717/1536/394 714/1537/394
f 714/1538/395 717/1539/395 719/1540/395 710/1541/395
f 713/1542/396 717/1543/396 718/1544/396 715/1545/396
f 709/1546/397 719/1547/397 717/1548/397 713/1549/397
f 711/1550/398 720/1551/398 719/1552/398 709/1553/398
f 709/1554/399 713/1555/399 715/1556/399 711/1557/399
f 724/1558/400 722/1559/400 723/1560/400 725/1561/400
f 725/1562/401 723/1563/401 721/1564/401
f 729/1565/402 728/1566/402 726/1567/402 727/1568/402
f 730/1569/403 732/1570/403 731/1571/403
f 735/1572/404 733/1573/404 734/1574/404
f 737/1575/405 746/1576/405 747/1577/405 739/1578/405
f 743/1579/406 745/1580/406 744/1581/406 741/1582/406
f 741/1583/407 744/1584/407 746/1585/407 737/1586/407
f 740/1587/408 744/1588/408 745/1589/408 742/1590/408
f 736/1591/409 746/1592/409 744/1593/409 740/1594/409
f 738/1595/410 747/1596/410 746/1597/410 736/1598/410
f 736/1599/411 740/1600/411 742/1601/411 738/1602/411
f 751/1603/412 749/1604/412 748/1605/412 750/1606/412
f 754/1607/413 752/1608/413 753/1609/413 755/1610/413
f 748/1611/414 749/1612/414 753/1613/414 752/1614/414
f 751/1615/415 750/1616/415 754/1617/415 755/1618/415
f 750/1619/416 748/1620/416 752/1621/416 754/1622/416
f 755/1623/417 753/1624/417 749/1625/417 751/1626/417
f 759/1627/418 761/1628/418 760/1629/418 758/1630/418
f 761/1631/419 763/1632/419 762/1633/419 760/1634/419
f 763/1635/420 765/1636/420 764/1637/420 762/1638/420
f 756/1639/421 764/1640/421 765/1641/421 757/1642/421
f 769/1643/422 771/1644/422 770/1645/422 768/1646/422
f 771/1647/423 773/1648/423 772/1649/423 770/1650/423
f 773/1651/424 775/1652/424 774/1653/424 772/1654/424
f 766/1655/425 774/1656/425 775/1657/425 767/1658/425
f 779/1659/426 777/1660/426 776/1661/426 778/1662/426
f 782/1663/427 780/1664/427 781/1665/427 783/1666/427
f 776/1667/428 777/1668/428 781/1669/428 780/1670/428
f 779/1671/429 778/1672/429 782/1673/429 783/1674/429
f 778/1675/430 776/1676/430 780/1677/430 782/1678/430
f 783/1679/431 781/1680/431 777/1681/431 779/1682/431
f 787/1683/432 789/1684/432 788/1685/432 786/1686/432
f 789/1687/433 791/1688/433 790/1689/433 788/1690/433
f 791/1691/434 793/1692/434 792/1693/434 790/1694/434
f 784/1695/435 792/1696/435 793/1697/435 785/1698/435
f 797/1699/436 799/1700/436 798/1701/436 796/1702/436
f 799/1703/437 801/1704/437 800/1705/437 798/1706/437
f 801/1707/438 803/1708/438 802/1709/438 800/1710/438
f 794/1711/439 802/1712/439 803/1713/439 795/1714/439
f 807/1715/440 805/1716/440 804/1717/440 806/1718/440
f 810/1719/441 808/1720/441 809/1721/441 811/1722/441
f 804/1723/442 805/1724/442 809/1725/442 808/1726/442
f 807/1727/443 806/1728/443 810/1729/443 811/1730/443
f 806/1731/444 804/1732/444 808/1733/444 810/1734/444
f 811/1735/445 809/1736/445 805/1737/445 807/1738/445
f 815/1739/446 817/1740/446 816/1741/446 814/1742/446
f 817/1743/447 819/1744/447 818/1745/447 816/1746/447
f 819/1747/448 821/1748/448 820/1749/448 818/1750/448
f 812/1751/449 820/1752/449 821/1753/449 813/1754/449
f 825/1755/450 827/1756/450 826/1757/450 824/1758/450
f 827/1759/451 829/1760/451 828/1761/451 826/1762/451
f 829/1763/452 831/1764/452 830/1765/452 828/1766/452
f 822/1767/453 830/1768/453 831/1769/453 823/1770/453
f 835/1771/454 833/1772/454 832/1773/454 834/1774/454
f 838/1775/455 836/1776/455 837/1777/455 839/1778/455
f 832/1779/456 833/1780/456 837/1781/456 836/1782/456
f 835/1783/457 834/1784/457 838/1785/457 839/1786/457
f 834/1787/458 832/1788/458 836/1789/458 838/1790/458
f 839/1791/459 837/1792/459 833/1793/459 835/1794/459
f 843/1795/460 845/1796/460 844/1797/460 842/1798/460
f 845/1799/461 847/1800/461 846/1801/461 844/1802/461
f 847/1803/462 849/1804/462 848/1805/462 846/1806/462
f 840/1807/463 848/1808/463 849/1809/463 841/1810/463
f 853/1811/464 855/1812/464 854/1813/464 852/1814/464
f 855/1815/465 857/1816/465 856/1817/465 854/1818/465
f 857/1819/466 859/1820/466 858/1821/466 856/1822/466
f 850/1823/467 858/1824/467 859/1825/467 851/1826/467